,Name,Address,Salary,DOJ,DOB,Age,Sex,Dependents,HRA,DA,PF,Gross Salary,Insurance,Marital Status,In Company Years,Year of Experience,Department,Position
0,VgwbPyBn,"jyNxKZtk St, piZQhYcARo, PUN 172813",149289.04,27-04-1998,27-03-1971,53,Other,2,8776.096,35233.66637,22142.72476,171156.0776,None,Widowed,26,32,Sales,Sales Director
1,pgdYaIWk,"PypVsqug St, iHyelKZbFc, BLR 580530",69761.64,24-10-2020,12-12-1997,26,Male,0,9302.836,16464.42599,10347.12792,85181.77407,Both,Single,3,5,Human Resources,HR Executive
2,eWgVBGVv,"pfQezTVa St, YfIaELfpUw, BLR 155186",107633.14,22-07-2020,20-08-1979,44,Female,2,13357.686,25402.46856,15964.27303,130429.0215,None,Divorced,3,23,Marketing,Senior Marketing Executive
3,LYDofRRu,"wcTsbmFr St, UdylzZFFCU, AMD 843852",147408.65,27-03-2007,07-06-1966,58,Male,1,6026.135,34789.87603,21863.82312,166360.8379,None,Married,17,37,Finance,Account Director
4,vhLFHcRg,"DdxKVhli St, cYOjpbMztB, BLR 713383",53447.06,23-05-2017,19-11-1992,31,Male,2,7554.294,12614.02633,7927.330359,65688.04997,Life,Married,7,10,Sales,Sales Executive
5,mNWPWGPP,"vuHIgjXl St, IodaWueNON, PUN 605979",106580.11,20-07-2022,16-05-1990,34,Female,1,11491.989,25153.94324,15808.08639,127417.9558,Medical,Married,1,13,Sales,Regional Sales Manager
6,vjbszTQW,"LLOOZxHr St, iiZXVGMuRa, DEL 672793",146007.75,12-07-2022,04-12-1971,52,Other,2,6581.225,34459.25,21656.04,165392.185,None,Married,2,31,Finance,National Account Head
7,zXUdTHaJ,"XyBINigj St, BxfKiOEuiT, DEL 254142",76986.74,10-08-2019,06-12-1991,32,Female,3,7467.326,18169.6199,11418.76319,91204.92271,Life,Married,4,11,Sales,Senior Executive
8,sIZQRTaq,"ZrqSMeKj St, BSMxlzAcjl, BLR 743922",134973.46,06-11-2005,05-11-1965,58,Other,1,9632.654,31855.05017,20019.42122,156441.7429,Medical,Divorced,18,37,IT,Technical Lead
9,DTjnhgxd,"ZEeBgofu St, BGXeaFhWmT, CHN 978281",120881.83,23-12-2006,24-09-1968,55,Female,2,10167.817,28529.28835,17929.3342,141649.6011,Both,Married,17,34,Marketing,National Marketing Manager
10,eBRYbQan,"wfXTduBi St, cVZIuyZwoH, PUN 942002",111585.44,27-11-2007,19-06-1974,50,Other,4,13397.456,26335.24983,16550.48278,134767.6631,Both,Married,16,29,Marketing,National Marketing Manager
11,eWLUSyxM,"mXNzUhRW St, MNtLblAkxo, DEL 748567",110267.59,26-04-2021,03-02-1976,48,Female,1,11370.241,26024.2244,16355.01773,131307.0377,Medical,Married,3,27,IT,IT Manager
12,TNOqMntI,"xPZmWZXy St, vbVuwQQynw, KOL 996770",137839.33,10-01-1993,05-02-1964,60,Male,1,4807.067,32531.42338,20444.49041,154733.33,Medical,Married,31,39,Marketing,National Marketing Manager
13,YEzLYCDP,"dFNERDKi St, jWEHbKUscN, KOL 785625",112335.02,25-09-1999,05-12-1968,55,Female,1,12857.498,26512.158,16661.66136,135043.0146,Life,Married,24,34,Finance,Account Director
14,dTYeJIMp,"uxCvqweZ St, cjbgwWkfII, MUB 484886",61292.38,01-09-2022,20-08-1998,25,Female,3,7180.762,14465.5982,9090.957384,73847.78282,Both,Married,1,4,Sales,Sales Representative
15,WblJTjKQ,"zXJyzhSA St, lwDImiwBuY, MUB 832618",54536.79,01-06-2023,05-04-1999,25,Other,0,5682.321,12871.21321,8088.960385,65001.36383,Medical,Single,1,4,IT,Software Engineer II
16,YoIurhqK,"cwoNaCzs St, FahGyBPTBS, HYD 843200",125585.83,04-11-1989,13-04-1968,56,Other,4,7708.417,29639.47813,18627.03698,144306.6882,Medical,Married,34,35,Finance,National Account Head
17,OYqIOSgW,"ohQMGTOK St, teOUKLFQoc, HYD 193934",110283.78,06-09-2002,20-06-1976,48,Other,1,13271.622,26028.0454,16357.41905,133226.0284,Both,Married,21,27,Sales,National Sales Manager
18,rsCEIoFW,"fEuEweIc St, tVHEqrUgRg, MUB 175099",87870.25,18-04-2020,24-01-1987,37,Female,1,4947.975,20738.23418,13033.0181,100523.4411,None,Married,4,16,Human Resources,Senior HR
19,keBeAdyB,"yShYbjuQ St, QineuRUlHw, AMD 905299",124569.61,27-10-2010,13-04-1974,50,Female,1,10641.039,29399.64032,18476.31004,146133.9793,Life,Divorced,13,29,Marketing,National Marketing Manager
20,wWrngMod,"nqyFJlmb St, xIkJEmrTce, MUB 172623",144338.76,24-10-2018,14-06-1971,53,Other,3,8005.124,34065.35212,21408.49345,165000.7427,Medical,Married,5,32,Finance,National Account Head
21,Donbudcg,"GziMwnXj St, iKxDKBPWat, PUN 182853",126983.96,28-05-2011,22-04-1972,52,Male,2,10845.604,29969.45041,18834.40925,148964.6052,Both,Widowed,13,31,Marketing,National Marketing Manager
22,cBcpuWQy,"rwecAngY St, bFZxVIqYMp, CHN 115558",85553.77,11-06-2023,20-10-1990,33,Male,4,9354.623,20191.52236,12689.43508,102410.4803,None,Married,1,12,Human Resources,ERP Head
23,VrwdfHZs,"TtquVXrb St, UlCtCDzYeN, KOL 674910",79408.29,19-06-2010,20-03-1978,46,Female,4,5769.171,18741.12927,11777.93031,92140.65996,Medical,Married,14,25,Finance,Senior Account Executive
24,DSBBGaaE,"PCCoKGZj St, OkxtCRCEpG, PUN 748220",76946.32,19-02-2015,19-12-1977,46,Female,2,10251.368,18160.08039,11412.76805,93945.00034,Life,Widowed,9,25,Marketing,Regional Marketing Manager
25,dRECiNOs,"SPnhEOug St, DwWEIdgGPa, HYD 778707",88732.5,01-04-2010,13-01-1983,41,Other,2,8334.75,20941.73358,13160.90803,104848.0755,Medical,Divorced,14,20,Marketing,Senior Marketing Executive
26,wJmguwBV,"llSHbDcL St, KEiTpwFNtA, KOL 530613",126765.3,01-03-2014,09-12-1975,48,Female,1,5459.47,29917.84453,18801.97734,143340.6372,Both,Married,10,27,Marketing,National Marketing Manager
27,kksePyxW,"ausxCVIS St, SwGLigVXIQ, HYD 377530",87615.28,12-04-2022,02-09-1985,38,Male,4,7237.472,20678.05878,12995.20065,102535.6101,Both,Married,2,17,Human Resources,Senior HR
28,PpYXKeAt,"oefEGXDy St, TLCLjzMlMc, BLR 908132",133741.54,18-06-2022,02-05-1970,54,Other,2,6010.846,31564.30506,19836.70141,151479.9897,Medical,Married,2,33,Human Resources,HR Director
29,nvPJxUPG,"ByVLsdGA St, AFCxaNwORm, MUB 729149",48033.77,11-01-2019,12-09-1994,29,Female,0,5379.623,11336.4372,7124.424864,57625.40534,Life,Single,5,8,Sales,Sales Representative
30,tdpUAGwI,"aMUdzjpd St, GvozLitKxV, MUB 737307",138742.41,22-09-1993,27-02-1971,53,Male,4,9460.759,32744.55905,20578.43629,160369.2918,Both,Married,30,32,Human Resources,HR Director
31,EpolrTHA,"guYgwZPG St, MGWVFnbuif, DEL 639512",18488.03,20-06-2023,13-02-2001,23,Male,0,6900.197,4363.355012,2742.166201,27009.41581,Life,Single,1,2,Marketing,Marketing Intern
32,siHwHrLM,"VPtRPBhA St, JxRpbdxMNc, MUB 564520",86009.96,15-06-2005,02-06-1978,46,Female,2,6918.004,20299.18764,12757.09772,100470.0539,None,Widowed,19,25,IT,QA Lead
33,tAoxCwXO,"UwyafFUm St, qubhZiWcOS, AMD 956551",87541.8,04-07-2018,06-05-1992,32,Other,2,9195.82,20660.71679,12984.30201,104414.0348,Medical,Married,6,11,Finance,Regional Account Head
34,ndheFFHg,"WobmQMjQ St, hkfEUGpRmp, MUB 377085",106180.52,11-10-2022,26-07-1977,46,Female,1,11506.948,25059.63611,15748.81873,126998.2854,None,Married,1,25,Finance,Senior Account Executive
35,VaIQIsuM,"PCxQcPNK St, FUTYGoyhyM, MUB 454358",50564.32,08-11-2022,05-05-1998,26,Other,3,6153.568,11933.67163,7499.758996,61151.80063,Medical,Married,1,5,IT,QA Engineer II
36,onEwmWrV,"kMpKYuWh St, HJcnzgxhGw, CHN 888328",104315.31,24-01-2007,26-12-1983,40,Other,2,8841.469,24619.42839,15472.16861,122304.0388,None,Married,17,19,IT,QA Lead
37,ugcjDsMi,"wngnjPut St, tzPAYYldxZ, HYD 911795",88768.6,07-12-2016,20-08-1989,34,Female,3,8260.14,20950.25353,13166.26242,104812.7311,Medical,Married,7,13,IT,Software Engineer III
38,ZGwTJURK,"ycMNhqYZ St, UzNRGuJvva, CHN 399884",50631.08,06-08-2021,07-03-1994,30,Other,0,6451.892,11949.42764,7509.660917,61522.73872,Medical,Single,2,9,IT,Software Engineer II
39,YRAUcmSr,"pnceyPHA St, eLLaTwnLjg, PUN 765762",131994.9,11-08-2022,27-03-1964,60,Female,2,6225.51,31152.08102,19577.63772,149794.8533,Life,Married,1,39,Finance,Account Director
40,NhwYjoCe,"jaRztHNN St, sfHlTgsMQl, MUB 478329",50001.36,01-06-2019,18-08-1995,28,Male,0,7635.864,11800.80759,7416.260111,62021.77148,Life,Single,5,7,Finance,Account Associate
41,QAOMnzAM,"dKTTyekS St, kalFEGpCsp, CHN 401011",115218.91,23-08-2011,22-05-1974,50,Male,3,13183.109,27192.78411,17089.40329,138505.3998,Life,Married,12,29,IT,Technical Lead
42,CNoDvhfd,"QpAClyAa St, UNkLTyyoJW, CHN 598229",98790.47,08-08-2013,24-08-1990,33,Male,2,3643.953,23315.51238,14652.71789,111097.2175,Medical,Married,10,12,Human Resources,Senior HR
43,aLCNDxlu,"BrpbWrPM St, lfYLoIwNoM, CHN 592071",85099.8,15-07-2016,14-09-1990,33,Female,1,6118.02,20084.38102,12622.10172,98680.0993,Life,Married,8,12,IT,Software Engineer III
44,ZaKaAZJY,"dWBjAMkE St, JGFRpINiBV, KOL 251186",38610.95,10-10-2022,04-09-2001,22,Male,0,6809.905,9112.559976,5726.821197,48806.59378,None,Single,1,1,IT,Software Engineer I
45,bKjmsawK,"RCeQWxZP St, qDgqAkoHSB, HYD 481112",77048.99,03-10-2010,01-06-1978,46,Male,1,6316.101,18184.31151,11427.99618,90121.40633,None,Married,13,25,IT,QA Lead
46,qTLXjivs,"GRhxxYeu St, qTinzwrMpB, HYD 637506",40082.81,12-11-2023,13-07-2000,24,Female,0,6789.719,9459.93326,5945.129191,50387.33307,Both,Single,0,3,IT,QA Engineer I
47,THRGswLa,"JycDjAbs St, mxDjucIezn, HYD 241969",93626.55,01-03-2009,19-02-1986,38,Male,1,6782.345,22096.77701,13886.79924,108618.8728,Both,Married,15,17,Human Resources,Senior HR
48,oPgzloXp,"SmJstkWH St, WBcnvORQaZ, PUN 956459",49352.57,09-09-2023,24-12-1993,30,Male,0,5803.743,11647.68684,7320.03082,59483.96902,None,Single,0,9,Human Resources,HR Executive
49,EYGbSZeN,"Wmlgaujq St, KIHHQAWWJd, KOL 259039",143263.07,02-10-2011,01-01-1969,55,Other,3,8281.693,33811.47881,21248.94586,164107.296,Both,Married,12,34,IT,IT Manager
50,yWKmmXug,"vyxTUxFf St, bdXssvFtux, PUN 997250",69868.22,23-09-2022,02-10-1994,29,Female,0,10179.178,16489.5799,10362.93599,86174.04191,Both,Single,1,8,Human Resources,HR Associate
51,ZkjXzaZF,"kbDZUUrK St, kFsBiVbTcC, PUN 658141",124943.49,28-02-2013,09-05-1971,53,Male,4,8152.651,29487.87964,18531.76436,144052.2563,None,Married,11,32,Finance,Account Director
52,KRGeGYzy,"SpUhcpnw St, ZHfcAPSjcZ, HYD 536726",115167.88,20-09-2010,02-02-1973,51,Male,1,12030.212,27180.74054,17081.83446,137296.9981,Life,Married,13,30,Sales,Sales Director
53,zFjYcmol,"jqTZdEyw St, GjikaYtMhR, CHN 811166",53981.72,03-06-2017,25-05-1994,30,Male,0,4889.828,12740.21129,8006.631755,63605.12753,Medical,Single,7,9,Sales,Sales Executive
54,eXuriEeN,"QVTbeVTu St, OalagRdStY, CHN 179797",129257.96,26-06-2001,03-08-1971,52,Female,4,5110.204,30506.13655,19171.69159,145702.609,Medical,Married,23,31,Sales,National Sales Manager
55,YtZFarUJ,"qaAjRJUl St, xPapePbqYO, DEL 377302",138405.58,24-04-1997,27-01-1964,60,Female,4,10820.442,32665.06389,20528.47727,161362.6086,Both,Married,27,39,Human Resources,HR Director
56,camSRSnS,"BwIIHNwo St, mjSQOiPiGQ, KOL 693193",76979.07,18-11-2013,22-12-1990,33,Female,4,6252.093,18167.80971,11417.62556,89981.34714,Both,Married,10,12,Human Resources,Senior HR
57,rlpZOwFA,"mVZhUyUT St, oNRTcWhWkz, CHN 678548",112332.37,27-04-2016,09-05-1965,59,Female,4,10161.763,26511.53258,16661.26831,132344.3973,Both,Married,8,38,Finance,National Account Head
58,wbyWtFhI,"gwRpcjwz St, nLJmnSnHzl, BLR 155979",147409.87,22-03-2001,02-01-1968,56,Male,1,5003.013,34790.16397,21864.00408,165339.0429,Life,Widowed,23,35,Finance,National Account Head
59,DKZHcXVz,"KHqWkein St, GeisWiUmiq, DEL 593494",137727.19,24-07-2006,19-12-1964,59,Other,4,4293.281,32504.95725,20427.85767,154097.5706,Life,Married,17,38,Marketing,Marketing Director
60,MBiDAfXf,"xuiNDVYp St, pFYQKZhtEb, BLR 364207",137011.93,18-11-2002,16-01-1976,48,Other,2,9990.807,32336.14893,20321.76947,159017.1165,Medical,Divorced,21,27,Finance,National Account Head
61,ebwaqOvU,"GKyMYjrx St, QePfLUiadb, CHN 840256",74583.81,14-10-2017,05-12-1996,27,Male,4,7754.619,17602.50504,11062.3578,88878.57623,Both,Married,6,6,Human Resources,HR Executive
62,cjlKFEEc,"XRiIhEZr St, DwvcfeYDws, CHN 126128",107556.75,13-10-2011,17-03-1984,40,Female,1,11378.325,25384.43978,15952.94277,128366.572,Both,Divorced,12,19,Finance,Senior Account Executive
63,aEeHOqDv,"QpPrurNU St, ViZKGIIjfl, MUB 878772",89707.98,28-07-2010,19-01-1988,36,Male,2,5859.202,21171.95635,13305.59236,103433.546,Life,Married,13,15,Sales,Regional Sales Manager
64,ZVukWzCY,"TiYkwUrV St, FaAXKiEQjG, DEL 551856",91466.46,06-02-2011,11-10-1979,44,Other,3,4166.354,21586.97474,13566.41217,103653.3766,None,Married,13,23,Human Resources,ERP Head
65,WyJlyaSE,"JtMKaEsQ St, vPoyHwCZDZ, PUN 542924",93783.86,09-05-2003,22-07-1977,46,Other,4,4878.614,22133.9037,13910.13164,106886.2461,Medical,Married,21,25,Sales,Senior Executive
66,nqoxmfVX,"fZeBWJLt St, EeIcLacrRC, CHN 301664",95943.86,23-05-2015,20-06-1988,36,Male,1,6536.614,22643.68472,14230.50537,110893.6534,Both,Married,9,15,IT,QA Lead
67,ibLJELRk,"VwTQcOJA St, zmBUYLfmPP, AMD 842503",109734.44,05-08-2013,06-02-1985,39,Other,1,7288.556,25898.39582,16275.9403,126645.4515,None,Married,10,18,Sales,Regional Sales Manager
68,OJFtcbPK,"uVfrgcLS St, KvXtZUdgMW, HYD 120054",136795.5,27-04-1996,25-03-1964,60,Female,3,6568.45,32285.06934,20289.66832,155359.351,None,Married,28,39,Marketing,Marketing Director
69,rcPkexTB,"tBNBEFRh St, QCjuarBiFW, AMD 703691",112095.02,07-02-2008,09-10-1973,50,Other,2,7765.498,26455.51567,16626.06428,129689.9694,Medical,Married,16,29,Finance,National Account Head
70,bkdbauXE,"EXvICXlY St, KPUWPPEQeT, HYD 115993",73884.08,28-04-2014,06-08-1993,30,Male,0,9772.592,17437.36195,10958.57303,90135.46091,Life,Single,10,9,Human Resources,HR Associate
71,kmSgplsr,"irzbnBVy St, AThIatKKlp, MUB 779287",41792.31,19-01-2024,04-02-2002,22,Male,0,6740.769,9863.391898,6198.684228,52197.78667,Medical,Single,0,1,IT,QA Engineer I
72,SjGtIelJ,"KCdSoQfV St, HusRZircZT, AMD 388510",89199.2,17-04-2005,12-11-1978,45,Female,,5612.08,21051.87932,13230.12952,102633.0298,Life,,19,24,Finance,Regional Account Head
73,ZHaEUvZA,"AUAGFgDk St, vWThnQRHIK, DEL 353492",135354.03,09-09-2004,27-05-1968,56,Male,1,11018.597,31944.86839,20075.86781,158241.6276,Life,Widowed,19,35,Human Resources,Recruitment Manager
74,MCONOivL,"DLovIsdg St, zzEHllVJWp, PUN 803821",142001.24,03-11-2002,15-02-1966,58,Other,1,5188.876,33513.67465,21061.78976,159642.0009,Both,Married,21,37,Human Resources,HR Director
75,wlQOSwYN,"CrMXScaK St, NwwqQcUmfE, BLR 710438",117850.87,05-09-2016,21-01-1967,57,Male,1,10932.913,27813.95229,17479.77867,139117.9566,None,Married,7,36,Finance,Account Director
76,IfXxhZyA,"sQfnbchx St, IDtGgdyorE, CHN 416490",114637.84,26-04-2006,11-10-1970,53,Male,1,13501.216,27055.64594,17003.21831,138191.4836,Both,Widowed,18,32,Human Resources,Recruitment Manager
77,hMCRQlQH,"abDujkZO St, SBUsMWkMhR, AMD 981437",116021.64,27-07-2006,26-09-1974,49,Male,3,12414.836,27382.2362,17208.46514,138610.2471,None,Married,17,28,IT,IT Manager
78,WnKLmJPO,"fqMtexys St, SBdzkspPxh, AMD 707369",57634.67,14-12-2019,27-12-1998,25,Male,3,4704.533,13602.34304,8548.441565,67393.10448,None,Married,4,4,Marketing,Marketing Representative
79,PdZJEXlp,"osrDGpEH St, XxoKIktFha, HYD 370800",88424.55,28-03-2023,14-02-1981,43,Female,4,7713.545,20869.05438,13115.23253,103891.9169,Life,Married,1,22,Human Resources,Senior HR
80,SXRCZruV,"fmxPHdHZ St, ZkBkvTMtjw, CHN 938584",60161.76,08-04-2021,13-11-1998,25,Female,0,9928.824,14198.76088,8923.262505,75366.08237,Life,Single,3,4,Human Resources,HR Associate
81,ZOSFDGQb,"WsDIOrZU St, STcJLCxlHH, PUN 155839",40915.51,24-03-2021,16-02-2000,24,Other,0,6496.449,9656.458564,6068.636228,50999.78134,Medical,Single,3,3,Finance,Accounts Intern
82,gICxDEyR,"VdzvxmeN St, QhrKMycjsM, DEL 728306",52990.09,01-12-2022,01-08-1993,30,Other,2,6926.991,12506.17696,7859.552035,64563.70592,Life,Married,1,9,Marketing,Marketing Representative
83,GNEvNSzV,"mNeAckyH St, YlJRTZRFaW, PUN 838805",79927.21,08-01-2013,24-03-1982,42,Male,1,8783.279,18863.59944,11854.89713,95719.19131,Both,Married,11,21,IT,Software Engineer III
84,duEqiDWJ,"UCPUaDlg St, EnXIaOINAY, PUN 241355",87000.65,09-01-2019,13-02-1982,42,Female,2,8821.935,20533.00012,12904.03801,103451.5471,Life,Divorced,5,21,Human Resources,ERP Head
85,WByWjlRf,"zPGRguoF St, VRPvnFVRyu, CHN 519224",75625.06,03-12-2013,14-02-1987,37,Female,1,8102.494,17848.25017,11216.79722,90359.00695,Life,Married,10,16,Sales,Senior Executive
86,JaHwPArX,"ZDtrWmVq St, GpkFDozAAs, KOL 493708",132686.43,03-05-2005,26-11-1970,53,Male,3,5123.357,31315.28883,19680.20626,149444.8696,Medical,Divorced,19,32,Marketing,National Marketing Manager
87,pANfwnja,"HHyXicPO St, hMuDXjHBXV, KOL 853204",52244,06-12-2020,23-04-1997,27,Female,4,6292.6,12330.09246,7748.891095,63117.80136,None,Married,3,6,Finance,Account Associate
88,MFjducyw,"BfHWvgen St, dunBPmGFyk, KOL 616248",78973.38,14-04-2013,05-02-1992,32,Other,1,9273.662,18638.48628,11713.42395,95172.10432,Life,Married,11,11,Marketing,Regional Marketing Manager
89,ogEMibGS,"pDAIvJxY St, tjdWVgWUyz, MUB 170501",79355.82,07-01-2011,28-01-1989,35,Other,4,6815.418,18728.74584,11770.1479,93129.83594,Life,Married,13,14,IT,Software Engineer III
90,zHDxHGFf,"PuHfIFAq St, XYRwVavAom, BLR 497269",144551.3,16-01-1991,24-10-1970,53,Other,1,10045.87,34115.51363,21440.01764,167272.666,None,Married,33,32,Human Resources,Recruitment Manager
91,OlowuOGX,"mPkuTHjR St, fxwNmcbsDu, BLR 640647",30956.96,28-02-2023,04-11-2001,22,Male,0,8939.304,7306.143844,4591.572461,42610.83538,Both,Single,1,1,IT,Software Engineer I
92,iHTBlAwJ,"cCEkKZhR St, WmTZlPfbUG, BLR 262037",111079.7,28-01-1993,08-05-1968,56,Female,3,11638.03,26215.89027,16475.47083,132458.1494,Both,Divorced,31,35,Marketing,Marketing Director
93,dnAFNogc,"xXhDiVqM St, iPePJSQyOD, CHN 944028",149265.4,12-01-2014,19-05-1974,50,Other,3,3775.46,35228.0871,22139.21845,166129.7287,Medical,Divorced,10,29,Sales,National Sales Manager
94,OJKTOLwc,"Twkpbrja St, wxoqWBVbPt, CHN 291463",79327.56,25-08-2014,10-08-1990,33,Other,2,5912.244,18722.0762,11765.95634,92195.92386,Medical,Married,9,12,Marketing,Senior Marketing Executive
95,xyxvYQVW,"xbzUIIdK St, hzJPEuCvCh, MUB 658433",113590.24,21-04-1999,11-09-1976,47,Female,3,7488.976,26808.40214,16847.83706,131039.7811,Both,Married,25,26,Marketing,National Marketing Manager
96,BFpuikPW,"dQvqnLZH St, EjhMnaohie, AMD 738589",77792.89,13-11-2016,27-07-1990,33,Female,1,8877.711,18359.87915,11538.3323,93492.14785,None,Married,7,12,Human Resources,ERP Head
97,LdnpmkTc,"StScpkZE St, WJNXtWcfSC, BLR 915458",107838.16,15-07-2020,01-11-1989,34,Other,2,11049.184,25450.85528,15994.68183,128343.5174,Both,Married,4,13,Sales,Regional Sales Manager
98,eHoHmwyl,"COQlXEzq St, WBCWJEwBLC, BLR 800185",110354.59,26-06-2024,17-07-1967,57,Other,2,12051.541,26044.75725,16367.92167,132082.9666,None,Married,0,36,Sales,Sales Director
99,nKFdmLTF,"OnMGFAQR St, lGvikyKHPY, BLR 575222",139274.8,07-07-1996,08-06-1969,55,Male,1,7506.52,32870.20827,20657.40099,158994.1273,Both,Divorced,28,34,Marketing,National Marketing Manager
100,IoCLcUhC,"FISGJctP St, lFftAhjMaX, KOL 251312",146614.13,06-10-1996,17-10-1972,51,Female,3,5670.587,34602.36158,21745.97899,165141.0996,Life,Married,27,30,Finance,National Account Head
101,HsjVRxDF,"bKclVqQn St, EzXuJAAdiF, BLR 366336",103784.41,21-01-2014,02-02-1984,40,Other,3,7702.559,24494.13083,15393.4249,120587.6749,Life,Divorced,10,19,Sales,Senior Executive
102,YtQqWmQM,"JVYiZQgW St, CrGQnIocgD, PUN 925197",37518.71,28-04-2022,21-11-2001,22,Other,0,8098.129,8854.780706,5564.818885,48906.80082,Both,Single,2,1,Finance,Account Representative
103,DblnKIdB,"IhBuurpM St, TPUQtYbxVe, PUN 651697",83934.37,16-08-2013,17-10-1983,40,Other,3,5502.563,19809.3282,12449.24378,96797.01742,Both,Married,10,19,Sales,Regional Sales Manager
104,UAuUREok,"cGwTYkJa St, pjCsIejiid, HYD 604650",46612.67,11-02-2021,16-07-1995,29,Other,4,6343.733,11001.04377,6913.645653,57043.80112,Medical,Married,3,8,Human Resources,HR Associate
105,HWyHaYgE,"exXFZKlE St, VpzYpaDvad, DEL 350379",120476.26,26-08-2018,20-01-1975,49,Other,2,7792.374,28433.56988,17869.17959,138833.0243,Both,Widowed,5,28,Human Resources,Recruitment Manager
106,hSZQYOnk,"UqgdFsNX St, KyYcGbpiaI, BLR 886508",138308.14,07-05-1987,05-03-1964,60,Male,1,7892.186,32642.0671,20514.02485,158328.3683,Life,Married,37,39,Marketing,Marketing Director
107,vzYPgXnQ,"WadLQGKx St, HHrYNGRyfM, BLR 821572",33427.85,18-07-2023,22-07-2001,22,Other,0,7023.215,7889.297932,4958.057752,43382.30518,None,Single,1,1,IT,QA Engineer I
108,CzhymJvm,"fztpAvTQ St, WWDGVTWfBZ, HYD 479259",131406.21,12-10-2021,05-05-1973,51,Other,2,11581.379,31013.14445,19490.32253,154510.4109,Both,Divorced,2,30,Marketing,National Marketing Manager
109,oqKYoVkX,"SqBTWKVI St, yotOGMbmLd, AMD 976151",75701.8,06-06-2008,24-12-1982,41,Other,4,8580.82,17866.36156,11228.17939,90920.80217,Medical,Married,16,20,Sales,Senior Executive
110,AbdnQkmi,"FNOOainS St, gYaNfsaSdu, CHN 180406",65118.58,23-04-2019,10-07-1995,29,Female,2,7839.142,15368.61864,9658.463836,78667.8768,Medical,Married,5,8,Human Resources,HR Associate
111,dejNEqLA,"EACCRyyv St, FFJlXmINCs, DEL 822500",76408.83,03-06-2019,20-06-1981,43,Other,2,7096.117,18033.22752,11333.0469,90205.12762,Medical,Married,5,22,Human Resources,Senior HR
112,mxJctiOP,"yLUDzewV St, zKlwAQJPlU, PUN 412675",115139.94,16-05-2012,08-07-1970,54,Other,3,10047.006,27174.14642,17077.69037,135283.4021,Both,Married,12,33,Finance,Account Director
113,VthzMbvC,"WtjooWWl St, MMdHoFmjON, AMD 431698",95873.63,18-01-2020,06-06-1989,35,Female,1,3485.637,22627.10976,14220.08877,107766.288,Both,Divorced,4,14,Finance,Regional Account Head
114,hWAkAgUc,"kPNiVRDt St, ZBPiPmmbOt, MUB 654230",109133.2,18-08-2023,02-11-1982,41,Female,3,8444.68,25756.49732,16186.76368,127147.6136,Both,Married,0,20,Sales,Senior Executive
115,WkHDrHdz,"PFTaFfIT St, gKxWAEtTxK, AMD 529062",116386.6,17-01-1991,11-10-1966,57,Male,2,6927.34,27468.37032,17262.59644,133519.7139,None,Widowed,33,36,Human Resources,Recruitment Manager
116,WJidoqZi,"FzJleIss St, qUhoabayQK, MUB 259939",99010.26,09-08-2018,14-12-1988,35,Other,4,5107.974,23367.38496,14685.3174,112800.3016,Medical,Married,5,14,Sales,Senior Executive
117,JNzYsXrL,"IMqpQrjB St, wwufFtFCtl, MUB 852477",93945.47,10-08-2021,11-09-1989,34,Male,4,4523.453,22172.04523,13934.10183,106706.8664,Both,Married,2,13,Sales,Regional Sales Manager
118,zOZigWEZ,"nUHAjTfa St, yeGxMaxbfH, CHN 879611",99313.09,12-12-2021,26-12-1986,37,Female,2,7546.691,23438.85579,14730.23349,115568.4033,Life,Married,2,16,Sales,Regional Sales Manager
119,wnaiKGFz,"WcpHDoHX St, FGnkAoDMzz, AMD 844168",98003.91,16-10-2015,08-06-1983,41,Female,1,3688.609,23129.87657,14536.05439,110286.3412,None,Married,8,20,Sales,Regional Sales Manager
120,ktvzRsgU,"zgHnFaeS St, dSikdJtRYM, CHN 675835",82255.04,15-07-2023,26-05-1991,33,Other,4,6902.496,19412.98998,12200.1636,96370.36238,None,Married,1,12,Sales,Senior Executive
121,lmdvLMbM,"RuUdXiKE St, lmDXgMlTKR, KOL 853378",52589.75,22-10-2021,17-11-1998,25,Other,0,6855.025,12411.69282,7800.173139,64056.29468,Life,Single,2,4,Human Resources,HR Associate
122,QfUKjYBq,"lJTEgIUM St, xGENuaGqae, KOL 527033",77317.24,26-02-2017,28-08-1983,40,Male,2,10221.276,18247.62112,11467.78333,94318.35378,Both,Married,7,19,Finance,Regional Account Head
123,MGVqUZbh,"NQPwGGnA St, gUkimOltok, MUB 547658",76237.33,10-01-2012,21-10-1987,36,Male,3,6004.267,17992.75185,11307.60982,88926.73903,None,Divorced,12,15,Marketing,Senior Marketing Executive
124,FNwuZByg,"vQQaPjqq St, rSJtLxfgqg, CHN 549304",82205.58,28-02-2023,21-05-1978,46,Female,1,9762.442,19401.31693,12192.82763,99176.5113,Both,Married,1,25,Marketing,Senior Marketing Executive
125,KulcEVZE,"eVxMwXRP St, sLWQzngKig, KOL 333049",49564.43,22-07-2016,05-04-1995,29,Other,1,8031.557,11697.68786,7351.454143,61942.22072,Both,Married,7,8,Human Resources,HR Executive
126,wQcjOciz,"euEeCGrN St, CdGAggnZRr, MUB 227546",139492.82,15-07-2011,10-02-1969,55,Other,3,4987.718,32921.66311,20689.73797,156712.4631,Medical,Married,13,34,Finance,National Account Head
127,mnOVFWYC,"yDeUkYqk St, IEJQVykhmT, PUN 442511",85249.01,01-08-2015,13-04-1982,42,Other,2,8900.099,20119.59603,12644.23272,101624.4723,Medical,Married,8,21,Sales,Regional Sales Manager
128,CLyiEjJJ,"ulTYtlju St, FOPkdKSeSj, PUN 884998",140278.9,19-08-2022,02-05-1966,58,Other,1,7476.11,33107.18564,20806.33028,160055.8654,Medical,Married,1,37,Marketing,National Marketing Manager
129,JkRfhrOH,"RJtTeYvo St, eayQENbJGq, BLR 493487",103274.66,07-02-2012,19-01-1985,39,Female,2,12235.534,24373.82487,15317.81818,124566.2007,Life,Married,12,18,Human Resources,ERP Head
130,HLIVYqtW,"EaDjiGvn St, DqRyDmBrdf, CHN 649106",45789.81,16-07-2024,14-03-1997,27,Male,0,5632.019,10806.8408,6791.598096,55437.07171,Both,Single,0,6,Marketing,Marketing Associate
131,MOAynGWG,"ZuRLPCsc St, YLmhIfHeTN, CHN 821560",124324.85,13-09-2011,13-07-1972,52,Male,1,6717.515,29341.87457,18440.00695,141944.2326,Both,Married,12,31,Human Resources,HR Director
132,UerSZcwW,"nacLmEfq St, gpvwtIRVun, DEL 294718",44395.07,05-11-2021,20-05-2000,24,Other,0,5928.493,10477.66859,6584.728631,54216.50296,Both,Single,2,3,IT,QA Engineer I
133,QcEQLyys,"OwywIUYD St, nNmcSpayOB, PUN 390910",91061.17,02-11-2019,27-10-1987,36,Other,4,6327.883,21491.32236,13506.29908,105374.0763,Both,Married,4,15,Sales,Regional Sales Manager
134,WfFjjloF,"xYMAeOaA St, trIAxQYRqI, PUN 219105",107463.63,24-05-2006,14-08-1984,39,Other,4,7743.637,25362.46255,15939.13111,124630.5984,Medical,Married,18,18,Human Resources,Senior HR
135,mbTqFxTE,"JfDFhSEG St, TQmQvHGZqv, KOL 657514",84478.01,12-11-2019,28-12-1984,39,Female,2,7216.199,19937.63253,12529.8771,99101.96443,Both,Married,4,18,Human Resources,ERP Head
136,DxPLvFbh,"tUKEMabx St, mFONpyDraH, HYD 665411",57412.22,22-06-2018,18-10-1994,29,Male,0,5056.778,13549.84268,8515.447521,67503.39316,Medical,Single,6,8,Marketing,Marketing Representative
137,JLodgfVl,"DODTzcRk St, StJsZRaeRm, CHN 750935",64523.67,15-08-2021,21-08-1996,27,Female,4,10880.633,15228.21409,9570.226091,81062.291,Medical,Married,2,6,Marketing,Marketing Associate
138,sORDxbnu,"RyEZqUZQ St, AxgHmemodR, AMD 487301",81853.03,20-01-2019,20-06-1992,32,Male,3,9197.697,19318.1117,12140.537,98228.3017,Both,Married,5,11,Human Resources,Senior HR
139,qorWZSrc,"JSzxdkRz St, mCfUUrzdkM, CHN 217534",96922.23,12-04-2009,13-10-1988,35,Male,2,4097.777,22874.58956,14375.61835,109518.9782,Life,Married,15,14,Finance,Senior Account Executive
140,zFVFgJeP,"pQgXBzXH St, McacwZdobd, KOL 424693",128357.48,06-03-2012,26-11-1972,51,Female,1,10041.252,30293.6145,19038.13134,149654.2152,Medical,Widowed,12,30,Sales,National Sales Manager
141,ofwbHbxR,"EmAcRuxN St, sXOthrnQUK, AMD 637608",78804.49,04-09-2015,04-07-1985,39,Female,2,8940.551,18598.62659,11688.37399,94655.2936,Medical,Married,8,18,Marketing,Regional Marketing Manager
142,dacBAMpA,"YBhLOTSP St, WTTuenTytk, DEL 921107",142806.56,08-07-2004,18-03-1964,60,Female,4,8581.344,33703.738,21181.23576,163910.4062,None,Married,20,39,Marketing,National Marketing Manager
143,sYYhQnkn,"UhgUqwaX St, atiEYYYRyD, BLR 842009",102503.41,11-01-2017,01-12-1990,33,Male,2,8983.659,24191.80236,15203.42548,120475.4459,Medical,Married,7,12,Sales,Senior Executive
144,eCZFWSZZ,"FmTWemsi St, SYNwWdlcMM, MUB 438734",118446.66,11-09-2023,14-01-1965,59,Other,2,6824.334,27954.56453,17568.14694,135657.4116,Life,Widowed,0,38,Human Resources,Recruitment Manager
145,ojSVUHdw,"UiUJBQKf St, cYZFiICetz, MUB 883607",122362.96,24-09-1995,03-08-1973,50,Male,1,8408.704,28878.84944,18149.01713,141501.4963,None,Married,28,29,IT,Technical Lead
146,HPuphUPU,"exKKqVsz St, VyaNQNeYHU, BLR 911412",78846.32,09-11-2020,07-02-1984,40,Male,2,9209.368,18608.49888,11694.57827,94969.60862,Medical,Divorced,3,19,Human Resources,ERP Head
147,zGzqAcBm,"gJMlKTpu St, EXAZwFRhlY, KOL 153372",81598.01,24-01-2011,12-08-1979,44,Other,4,8088.199,19257.9245,12102.71214,96841.42136,Life,Married,13,23,Marketing,Senior Marketing Executive
148,ogPaHONA,"BrLXuusv St, pBZjdIIEam, HYD 450764",63616.99,01-10-2018,02-03-1994,30,Other,0,10627.301,15014.22878,9435.746254,79822.77353,Medical,Single,5,9,Marketing,Marketing Associate
149,aCDWqEiV,"KJZbuQYr St, tKlAFqiWXF, MUB 274128",136367.22,18-12-2004,26-02-1968,56,Other,4,10576.278,32183.99109,20226.14533,158901.3438,Both,Married,19,35,Human Resources,Recruitment Manager
150,UsyNMbeP,"fOrWMPYX St, znhBtFtgiA, KOL 602646",73404.04,25-10-2019,16-10-1995,28,Other,0,7663.596,17324.06783,10887.37294,87504.33089,Medical,Single,4,7,Finance,Account Executive
151,nTFyWCep,"vYjIEwAG St, DayaqQqeoz, HYD 200929",95177.5,03-11-2020,09-01-1980,44,Male,4,8337.25,22462.8163,14116.83796,111860.7283,Medical,Married,3,23,IT,Software Engineer III
152,MlRnjNaA,"gGzRXIKk St, tJUUvmywCd, AMD 178854",83539.21,13-11-2018,11-05-1991,33,Other,1,9496.079,19716.06659,12390.63319,100360.7224,Medical,Divorced,5,12,Finance,Regional Account Head
153,vSgzMDcd,"uGXgEHmG St, FvzNqwYbMg, HYD 180758",69869.64,10-05-2024,26-01-1994,30,Male,0,6445.036,16489.91504,10363.1466,82441.44443,Life,Single,0,9,Human Resources,HR Executive
154,tKPynRSE,"reOvLHUb St, vZAHeGAnWB, KOL 571321",103240.99,27-04-2019,06-03-1990,34,Male,1,12305.901,24365.87842,15312.82421,124599.9452,Both,Divorced,5,13,Finance,Regional Account Head
155,NQtbjFEe,"sKKVFjZs St, SRSItQpqzH, AMD 856445",91362.22,14-11-2008,17-11-1982,41,Female,4,4021.778,21562.37309,13550.95117,103395.4199,Both,Married,15,20,Human Resources,ERP Head
156,sgBVYNGz,"oBlYKpUH St, pfzIojJaWK, AMD 143088",142277.04,15-06-2016,01-02-1965,59,Male,4,9197.296,33578.76613,21102.69674,163950.4054,Both,Married,8,38,IT,Technical Lead
157,GeiRgcXO,"YUHkvfDG St, YQkCLIpNUl, BLR 880689",65215.87,27-07-2016,10-01-1995,29,Male,0,8239.413,15391.58002,9672.894003,79173.96902,Both,Single,7,8,Marketing,Marketing Associate
158,optIXlLc,"fjezsdBI St, uDNNvSRWyy, PUN 196909",129493.45,16-07-1994,24-12-1971,52,Male,4,11105.655,30561.71448,19206.61974,151954.1997,None,Married,30,31,Finance,National Account Head
159,UuYloYDm,"QuqQsDSP St, koCGCQxkms, BLR 619406",20687.62,25-05-2022,09-02-2000,24,Male,0,7883.238,4882.479659,3068.411959,30384.9257,None,Single,2,3,Marketing,Marketing Development Representative
160,UanuHYbn,"mHsxlWLA St, KxDcoHOXFv, AMD 279206",54822.96,01-06-2018,27-10-1997,26,Female,2,7259.704,12938.75212,8131.405454,66890.01066,Life,Married,6,5,Human Resources,HR Associate
161,qaXIfEta,"Rrrrjtds St, HDwNrTOtQX, BLR 699706",60492.64,23-02-2023,04-01-1994,30,Other,3,11424.736,14276.85178,8972.339013,77221.88876,Both,Married,1,9,Marketing,Marketing Associate
162,LahjZoqq,"MRFEQEGg St, OesBuNEZFS, MUB 643061",109919.98,09-05-2014,08-12-1986,37,Other,3,13807.002,25942.18506,16303.45981,133365.7073,Life,Married,10,16,Human Resources,Senior HR
163,SGAKSOTY,"hsmouNEy St, XVbdgyDlpb, MUB 530401",15364.63,12-03-2023,08-08-1999,24,Male,0,7884.537,3626.202214,2278.899866,24596.46935,Medical,Single,1,3,Marketing,Marketing Intern
164,fZkdnlLP,"XbdwZWYz St, PQWXpryDvj, AMD 259302",96310.17,20-10-2022,22-05-1990,34,Female,2,6317.983,22730.13745,14284.83689,111073.4536,Medical,Married,1,13,Human Resources,Senior HR
165,wVsuqvPw,"OZwIHPEv St, XXsQxqFJUo, MUB 514169",105985.84,25-03-2019,06-02-1979,45,Female,,9890.416,25013.68973,15719.94357,125170.0022,Medical,,5,24,Sales,Regional Sales Manager
166,CdOqqbeR,"nKpzNKjg St, VAlsvowSnh, MUB 148736",82790.95,21-10-2013,08-04-1989,35,Male,4,7140.905,19539.46995,12279.65039,97191.67456,None,Married,10,14,Sales,Regional Sales Manager
167,agZWcxMY,"dRbfJtbT St, lENrjHBkxQ, HYD 365898",103882.18,01-05-2011,04-12-1982,41,Female,1,7681.782,24517.2055,15407.92626,120673.2412,Medical,Married,13,20,IT,Software Engineer III
168,hmENVVcu,"WGgLLaPH St, OZzorCQqGH, DEL 752650",95623.87,21-08-2022,12-06-1985,39,Male,1,7345.613,22568.16397,14183.04408,111354.6029,Medical,Married,1,18,Marketing,Regional Marketing Manager
169,JrwIcXKS,"YTBMgtVO St, ADcjPcJyll, HYD 819840",48025.49,19-01-2022,09-04-1999,25,Female,2,7072.451,11334.48304,7123.196765,59309.22728,Life,Married,2,4,Human Resources,HR Associate
170,FnavGNMg,"zlZfqnfn St, ukyIgCUMUp, HYD 703176",109273.83,17-05-2014,24-03-1986,38,Other,3,11561.617,25789.68737,16207.62208,130417.5123,None,Married,10,17,Finance,Regional Account Head
171,rYgKMuyF,"WbZtyDCo St, RgdKnHQwWt, BLR 393092",104219.67,04-07-2006,26-05-1983,41,Other,3,7875.033,24596.85642,15457.98317,121233.5763,Life,Married,18,20,Finance,Senior Account Executive
172,aIqHZtrM,"HCtabGAc St, TGyhlDRMWL, DEL 806720",96916.51,19-11-2011,07-05-1980,44,Male,1,4131.349,22873.23959,14374.76995,109546.3286,Life,Married,12,23,Sales,Senior Executive
173,eAtmgzzl,"iQdMCIyO St, VwWaGTUUyb, HYD 482885",94914.45,13-10-2015,01-08-1990,33,Male,4,4992.555,22400.73394,14077.82207,108229.9169,None,Married,8,12,Sales,Regional Sales Manager
174,BijpCBHn,"CCVcOJog St, gRbGBJNRTI, PUN 711529",77374.11,13-10-2017,07-02-1992,32,Female,1,5371.589,18261.04299,11476.21836,89530.52363,Medical,Divorced,6,11,Marketing,Regional Marketing Manager
175,sQzjGHyO,"ObyRaxmR St, FEqNiQzZoz, HYD 607088",143671.74,25-07-2002,22-12-1971,52,Female,4,5832.826,33907.92891,21309.56027,162102.9346,None,Married,21,31,Sales,National Sales Manager
176,sZUptfcI,"eefnUNTz St, OIPybCnMnp, AMD 944784",59423.05,20-01-2019,25-06-1997,27,Male,2,5847.695,14024.41813,8813.696175,70481.46695,None,Married,5,6,Marketing,Marketing Representative
177,cLIJDmYa,"JeOTlmQl St, eQuHrZDZyK, CHN 492378",131012.05,11-07-1998,10-02-1965,59,Female,1,7635.795,30920.11886,19431.86026,150136.1036,Life,Married,26,38,Finance,National Account Head
178,SDccctmS,"YoqXZuIF St, thbuhQWyxm, KOL 297110",71322.05,17-06-2019,03-12-1995,28,Female,1,7691.795,16832.69793,10578.56975,85267.97318,Life,Married,5,7,Finance,Account Associate
179,rNcPnqVq,"bGkqzvLD St, uSKWFEEePx, MUB 376654",119604.18,01-01-2008,15-12-1964,59,Female,4,12672.582,28227.75051,17739.83166,142764.6808,Both,Married,16,38,Finance,Account Director
180,Zkcdnulw,"QUhTRfVR St, FwEOQSSDpJ, AMD 570359",146530.25,15-11-2003,09-12-1968,55,Female,2,7501.975,34582.56509,21733.53781,166881.2523,Life,Married,20,34,Marketing,Marketing Director
181,TcWxZHhA,"RlsnYEmV St, csjfsHgjAz, BLR 939999",109848.11,07-07-2007,10-11-1979,44,Other,2,12849.189,25925.22304,16292.79996,132329.7221,Both,Divorced,17,23,Human Resources,ERP Head
182,oaYEfboQ,"GWrGTWSy St, orVGyTcoVD, MUB 676711",108424.46,12-04-2003,01-05-1982,42,Other,2,14097.554,25589.22779,16081.64253,132029.5993,Medical,Married,21,21,Human Resources,Senior HR
183,mShraEfj,"SyiSPoxb St, sOWuVYsRXo, AMD 705854",48301.48,10-01-2018,08-04-1994,30,Female,0,6216.852,11399.61937,7164.131924,58753.81944,Both,Single,6,9,Finance,Account Associate
184,kzFibhOn,"DbPDkvry St, rygftAiBvl, BLR 545530",51512.64,27-05-2023,22-12-1994,29,Male,0,5574.736,12157.48438,7640.414926,61604.44545,Medical,Single,1,8,Sales,Sales Executive
185,SABujwoc,"RZjrRHeo St, ofxyVwylMX, HYD 944398",104749.93,14-11-2020,01-01-1985,39,Male,2,10324.007,24722.00294,15536.63195,124259.308,Both,Divorced,3,18,Finance,Senior Account Executive
186,YdeWJhPs,"wAUsiSnm St, bioplUMYKU, KOL 838858",124747.89,15-08-2018,05-06-1970,54,Female,2,11435.211,29441.71613,18502.75274,147122.0644,Life,Widowed,5,33,Finance,Account Director
187,SrpjrQJG,"XEfYNgJH St, KbWEKDfQFX, CHN 421037",45144.17,02-02-2023,05-03-1997,27,Female,2,6936.583,10654.46348,6695.836018,56039.38046,None,Married,1,6,IT,Software Engineer II
188,fMRhaVvh,"mJkHbZUv St, XKYpGsRCrD, AMD 948868",53452.85,03-10-2016,21-09-1994,29,Other,1,5378.715,12615.39282,7928.189139,63518.76868,None,Married,7,8,Sales,Sales Representative
189,qQdKRDNs,"XKuQczlP St, MuTcoqInVX, DEL 983819",117714.92,10-08-1998,19-09-1972,51,Male,4,8496.508,27781.86676,17459.61441,136533.6804,Both,Married,25,30,Finance,National Account Head
190,cbMNvuUr,"PSuXbAob St, OJfRgHTIRX, CHN 319070",116762.92,03-04-2014,13-11-1972,51,Male,3,8669.708,27557.1855,17318.41266,135671.4008,None,Divorced,10,30,Human Resources,HR Director
191,DtvQzQlD,"bxOioVuw St, yjKUBXEddn, KOL 754958",40879.87,14-10-2021,18-05-2000,24,Male,3,7156.013,9648.047178,6063.350061,51620.58012,Life,Married,2,3,Human Resources,HR Intern
192,fHijvxaT,"FhCSelpq St, buVSZDuQDJ, HYD 235587",106738.98,06-06-2018,27-09-1982,41,Female,1,7549.102,25191.4381,15831.65017,123647.8699,Medical,Married,6,20,Sales,Senior Executive
193,EOnrrWMG,"cdMmRnlJ St, ceKmWCpVkY, HYD 329178",108031.99,27-07-2013,18-04-1980,44,Male,2,13647.801,25496.60105,16023.43093,131152.9611,Both,Married,10,23,Human Resources,ERP Head
194,MVHmUrrg,"wmytpQgF St, GEvvjJnrdn, DEL 944302",126370.42,13-03-1996,17-10-1966,57,Male,3,9989.958,29824.649,18743.40828,147441.6187,None,Married,28,36,Human Resources,HR Director
195,ceujEwSV,"IRhuPlWp St, jrvWzvBJdo, HYD 467942",56961.2,08-02-2019,06-01-1996,28,Other,1,4461.88,13443.39757,8448.551708,66417.92586,Both,Married,5,7,Finance,Account Associate
196,oGGaKlNd,"wiCexxRS St, qawubmAhuF, CHN 830360",136334.89,08-11-2004,13-03-1975,49,Female,4,7276.511,32176.3609,20221.35011,155566.4118,None,Married,19,28,Human Resources,Recruitment Manager
197,oWmrgEuU,"EaWGVUjs St, ykkoIezmhv, CHN 445382",142517.46,07-12-2024,01-01-1975,49,Female,1,5037.254,33635.50759,21138.35611,160051.8655,None,Widowed,-1,28,Marketing,National Marketing Manager
198,qIEQacak,"YYeuDJwD St, VRWcLWehca, BLR 912929",140783.34,21-10-1996,18-04-1975,49,Female,2,8755.666,33226.23839,20881.14941,161884.095,Both,Widowed,27,28,Marketing,National Marketing Manager
199,MoUKRIrz,"AfEOUJPs St, vwdJpLkqlA, KOL 855969",126498.45,16-04-1988,23-10-1966,57,Male,4,10401.155,29854.86533,18762.39784,147992.0725,Life,Married,36,36,Sales,National Sales Manager
200,oYKCqoNo,"iJNtQkAM St, ZhDbfUjSYO, KOL 456482",64879.06,24-02-2019,15-04-1993,31,Male,2,7541.094,15312.08959,9622.93795,78109.30564,Medical,Divorced,5,10,Finance,Account Executive
201,BUjYoEtP,"sjSVmPtn St, ofKYCsuOEZ, KOL 206560",103586.48,01-03-2021,06-11-1984,39,Female,2,8521.352,24447.41742,15364.06769,121191.1817,Both,Married,3,18,Marketing,Regional Marketing Manager
202,AHBfYcDM,"sExwiXGD St, AqOGNanDSE, HYD 710230",141426.96,10-08-2021,21-11-1965,58,Other,2,10555.304,33378.13898,20976.61188,164383.7911,Life,Widowed,2,37,Marketing,Marketing Director
203,HMtoOVhr,"RzOsCtUz St, sjBnbSoBdv, BLR 862423",23333.01,15-11-2023,19-08-2001,22,Male,0,6195.699,5506.817445,3460.779293,31574.74715,Life,Single,0,1,Finance,Account Representative
204,sXCHIQPB,"pElOPAKK St, rKOlkRoZQo, PUN 521921",125885,22-08-2018,11-10-1973,50,Female,2,11898.5,29710.08516,18671.41022,148822.1749,Medical,Divorced,5,29,IT,IT Manager
205,YipPLOue,"bxkJqjCV St, SBSCuaTLrA, BLR 907820",102386.55,05-01-2015,09-06-1991,33,Male,3,11445.345,24164.22226,15186.09267,122810.0246,None,Married,9,12,IT,Software Engineer III
206,IsqVQFzo,"gUFGrSYm St, fxlQzuTZZM, CHN 233015",72246.77,25-11-2024,03-01-1999,25,Female,1,8890.323,17050.94085,10715.7253,87472.30855,Life,Married,-1,4,Marketing,Marketing Representative
207,tgATTuQW,"AeXrSYWM St, oxtbaTyIil, AMD 301616",149724.68,18-06-2023,10-12-1974,49,Other,2,7308.532,35336.48165,22207.3394,170162.3543,Life,Married,1,28,Finance,Account Director
208,xdBchGks,"kCRwKmYP St, yTOgTdfYli, KOL 197941",124828.2,27-10-2003,01-06-1965,59,Female,1,8177.18,29460.67007,18514.66441,143951.3857,Both,Divorced,20,38,Human Resources,Recruitment Manager
209,ktXRptHW,"JMQPyqII St, ErCyLLymMv, PUN 706002",147248.17,17-06-2012,15-06-1970,54,Male,2,3850.183,34752.00119,21840.02054,164010.3336,Both,Married,12,33,IT,IT Manager
210,OAzfofQE,"PMTIrdwn St, opZwfmfkDb, AMD 511704",105991.16,14-09-2014,24-10-1985,38,Male,3,12320.884,25014.9453,15720.73264,127606.2567,Life,Divorced,9,17,Marketing,Regional Marketing Manager
211,tJpUycDo,"ynLWSacC St, RMsOzgaOnR, PUN 476114",147191.74,17-07-2023,08-07-1973,51,Female,2,9774.826,34738.68316,21831.65078,169873.5984,Both,Married,1,30,Finance,Account Director
212,rjCyKFqD,"CljVTymo St, WTrbvbLAjE, PUN 827313",128432.44,01-01-2021,28-05-1975,49,Female,1,11573.756,30311.30579,19049.24949,151268.2523,Medical,Married,3,28,Marketing,National Marketing Manager
213,MSEcyccx,"teJqNdND St, WSEbQghxVT, AMD 605016",143394.8,15-05-2013,22-01-1975,49,Male,4,8384.52,33842.56837,21268.4842,164353.4042,Medical,Married,11,28,Marketing,National Marketing Manager
214,PTADgSkn,"geNddzVg St, MUTKXkviXp, PUN 654545",132730.47,28-06-2013,14-10-1965,58,Female,3,9315.953,31325.6827,19686.73832,153685.3674,None,Married,11,37,IT,IT Manager
215,rgSiyvEr,"hGAUKFRj St, hiDNYnJvZp, DEL 519161",58035.75,21-09-2015,15-07-1993,31,Female,2,6737.425,13697.00182,8607.930219,69862.24661,Both,Divorced,8,10,Human Resources,HR Associate
216,zLRmqTRN,"tXAwDsbZ St, OQqpHvRyPa, AMD 601074",123296.42,10-07-2006,10-02-1974,50,Male,4,6505.358,29099.15509,18287.46901,140613.4641,Both,Married,18,29,Human Resources,Recruitment Manager
217,tOqxAHMz,"yxzPGMyL St, IQsxdYYspi, PUN 660900",88915.41,28-11-2016,20-06-1988,36,Female,1,6977.459,20984.90212,13188.03745,103689.7337,None,Married,7,15,Finance,Regional Account Head
218,tjNxBtIc,"ZhszRfux St, YFbjYWvmfi, KOL 522174",93113.59,16-07-2003,03-11-1982,41,Female,1,6131.641,21975.71345,13810.71641,107410.228,Life,Married,21,20,IT,Software Engineer III
219,zOIjMXGz,"JFptNczU St, nYGInrrLcZ, HYD 998304",61628.41,18-06-2020,08-11-1992,31,Male,3,6995.159,14544.90455,9140.797746,74027.6758,Both,Married,4,10,Sales,Sales Executive
220,MMNmxtvc,"LzZaxshT St, vdRqeqVCiE, KOL 359846",78488.42,25-08-2023,05-11-1982,41,Other,3,6667.158,18524.031,11641.49412,92038.11488,Medical,Married,0,20,IT,QA Lead
221,JjoiniYx,"ULporDaQ St, cpzqPFjBMV, CHN 517278",95394.1,12-02-2022,19-05-1986,38,Male,3,5604.59,22513.93601,14148.96432,109363.6617,Medical,Married,2,17,Human Resources,ERP Head
222,MDOfWSjg,"ljnmONAq St, tEOUzlotdQ, HYD 120659",67896.23,15-01-2024,08-07-1996,28,Other,1,9716.377,16024.17107,10070.44813,83566.32994,Both,Married,0,7,Finance,Account Associate
223,QfMngVia,"YVClYICu St, xMPsLloOXt, AMD 754709",144662.36,01-04-2020,03-11-1972,51,Other,3,4153.764,34141.72487,21456.49018,161501.3587,None,Divorced,4,30,Sales,Sales Director
224,ZlzuJjni,"TjjzvBYt St, nJuvMRMiuD, AMD 211536",142009.04,08-05-2016,09-02-1966,58,Female,2,9295.096,33515.51552,21062.94666,163756.7049,Life,Widowed,8,37,Marketing,National Marketing Manager
225,ptYxVBhj,"AwNtkTjo St, dTiubKWxkf, KOL 307577",119816.08,01-12-2020,13-11-1969,54,Other,2,6605.392,28277.76097,17771.26092,136927.9721,Both,Married,3,33,Finance,National Account Head
226,DWpMRWIC,"QPUVLwmA St, gKqXrLftVP, HYD 868536",149817.87,17-10-2013,27-03-1974,50,Other,3,5443.213,35358.4754,22221.16145,168398.397,Medical,Married,10,29,Human Resources,Recruitment Manager
227,OBqCxHpR,"CDoHnKpk St, KeYLUlzpFo, DEL 822468",129695.6,27-09-2017,18-01-1967,57,Female,2,10640.44,30609.42384,19236.60286,151708.861,Both,Married,6,36,Human Resources,HR Director
228,cDysokMV,"SDTrvgIA St, NlGLELCsmJ, AMD 223988",101876.38,12-05-2022,17-11-1985,38,Female,1,14399.362,24043.81718,15110.42366,125209.1355,Both,Married,2,17,Human Resources,ERP Head
229,BBwomBZa,"vUclkNvq St, rOodWyDFUj, HYD 686356",118087.87,22-05-2020,17-05-1968,56,Female,2,7359.213,27869.88659,17514.93079,135802.0388,Medical,Widowed,4,35,Finance,National Account Head
230,rLdXzeJe,"BQkJTukL St, GPHLLlQMar, KOL 428980",30389.55,14-02-2023,16-07-2002,22,Female,0,7052.045,7172.229562,4507.413547,40106.41101,Medical,Single,1,1,Sales,Sales Development Representative
231,gtCIfRjJ,"KbMKknbo St, jeJWHDqtqC, HYD 991146",81692.72,11-05-2022,11-12-1990,33,Other,2,8524.728,19280.27698,12116.75964,97380.96535,Life,Married,2,12,Sales,Senior Executive
232,dKhJcEBA,"lKXZCdBS St, KvyaZPCNiL, MUB 637766",83865.83,23-04-2017,05-07-1979,45,Male,,6984.417,19793.15209,12439.07785,98204.32124,Both,,7,24,Human Resources,Senior HR
233,KBcoXjzC,"AZSyZhbO St, FyuJzdTgUy, CHN 248437",125687.81,06-12-2020,15-01-1974,50,Female,4,11258.219,29663.5464,18642.16277,147967.4126,Medical,Married,3,29,Finance,National Account Head
234,ARiGSgYK,"oKhzIMXv St, oNJdtoQHMN, CHN 645508",81795.16,12-09-2016,05-02-1992,32,Female,2,9312.484,19304.45382,12131.95366,98280.14416,None,Married,7,11,Marketing,Senior Marketing Executive
235,oVCIeMib,"dZgQwZWP St, RRgCBptlGg, CHN 710307",98976.71,10-01-2014,16-10-1978,45,Female,,3974.329,23359.46684,14680.34122,111630.1646,None,,10,24,Marketing,Regional Marketing Manager
236,rfVVritc,"NWMdnynB St, LkSbncitwD, AMD 253882",109170.72,06-10-2009,04-01-1979,45,Female,,12464.928,25765.35241,16192.32869,131208.6717,Life,,14,24,Finance,Senior Account Executive
237,nATpUeod,"PVQaRfCw St, lPUThPAItz, BLR 538458",142183.56,09-09-2021,06-08-1974,49,Female,2,9378.644,33556.70394,21088.83167,164030.0763,Both,Widowed,2,28,Human Resources,Recruitment Manager
238,ByfxshIg,"gZYSCVVK St, tzBOyQyUlU, HYD 599877",63018.39,07-08-2021,15-09-1993,30,Other,3,11658.161,14872.95336,9346.961203,80202.54315,Medical,Married,2,9,Human Resources,HR Associate
239,fABgQRFy,"rdVnbomD St, fAUilOrLIb, BLR 176221",123135.57,18-12-2000,09-02-1974,50,Male,4,12654.443,29061.19292,18263.61155,146587.5944,Both,Married,23,29,IT,Technical Lead
240,PagWfdjq,"rzpNnYET St, KtNgetypJl, KOL 809387",89675.76,20-03-2022,02-04-1990,34,Male,4,7875.424,21164.35212,13300.81345,105414.7227,None,Married,2,13,IT,Software Engineer III
241,xoBhNyic,"dSNspaqG St, QuuNeBGsXh, AMD 573176",93958.04,05-01-2008,17-03-1984,40,Other,3,3938.196,22175.01187,13935.96622,106135.2816,Life,Divorced,16,19,IT,QA Lead
242,sAmneMUV,"xvBSqQdT St, GptmfhAgmy, DEL 747053",141260.76,25-11-2006,09-08-1976,47,Male,1,6086.924,33338.91416,20951.9609,159734.6373,None,Widowed,17,26,Finance,National Account Head
243,criFWtRy,"UsrbKeVj St, gqIkKCnDkp, CHN 591226",20847.42,27-02-2022,05-06-2000,24,Male,0,7904.258,4920.194015,3092.113682,30579.75833,None,Single,2,3,IT,QA Engineer I
244,uCdSjALr,"KKpFDShd St, YAJExaTasM, HYD 579795",58705.12,06-06-2023,24-06-1998,26,Female,0,4712.488,13854.97966,8707.211959,68565.3757,Both,Single,1,5,IT,QA Engineer II
245,wyeKwjwj,"mOhbqTSQ St, zvutsUgJUl, AMD 810519",126097.53,06-02-1988,04-02-1965,59,Male,1,6463.247,29760.24431,18702.93292,143618.0884,Both,Married,36,38,Human Resources,Recruitment Manager
246,pxppUWoR,"OpAFghvO St, DaTsaZkDpd, AMD 296844",103112.9,12-07-2013,19-11-1985,38,Female,4,9660.71,24335.64793,15293.82575,121815.4322,None,Married,11,17,Human Resources,Senior HR
247,ASwfAMRB,"ZyhrEUsL St, UdaCeiEyBS, CHN 126397",64861.82,14-07-2024,17-05-1998,26,Female,3,10002.818,15308.02078,9620.380893,80552.27789,Medical,Married,0,5,Human Resources,HR Associate
248,WXNCExbJ,"ThRTvokk St, OFNdCXdcEI, PUN 962647",21456.56,02-04-2021,12-10-1999,24,Female,1,7193.344,5063.956983,3182.462038,30531.39895,Medical,Married,3,3,Human Resources,HR Representative
249,NdvNadpT,"KAqvytYG St, WNBIAYunLV, AMD 848914",91687.95,17-10-2017,14-04-1984,40,Male,2,4944.205,21639.24854,13599.26382,104672.1397,Both,Married,6,19,IT,Software Engineer III
250,QQCdfhtF,"NlfKNRIq St, ikfTPKDwyO, PUN 467617",130340.03,24-11-2009,15-06-1971,53,Male,1,8523.997,30761.5156,19332.18547,150293.3571,Life,Divorced,14,32,Sales,Sales Director
251,VgMVhOUr,"qUXvQrBL St, EGmjazGWzC, AMD 398585",128217.95,03-11-2022,08-06-1977,47,Male,3,7286.205,30260.68406,19017.43609,146747.403,Life,Divorced,1,26,Sales,Sales Director
252,OXUFaZvH,"FMPXwWkz St, XlQKaomdci, DEL 659655",93963.94,15-05-2015,05-06-1992,32,Female,1,3676.606,22176.40433,13936.84132,105880.109,Both,Divorced,9,11,Marketing,Regional Marketing Manager
253,tJnBPJwQ,"xWvFJMaQ St, cOWkaHIFuU, AMD 443523",108208.88,24-06-2021,06-08-1991,32,Male,2,13415.112,25538.34881,16049.66746,131112.6734,None,Married,3,11,IT,QA Lead
254,pfLnkTNb,"cInjsshD St, kMXyNakBxE, DEL 448511",136769.54,21-09-1997,08-11-1971,52,Male,3,5758.046,32278.94253,20285.8179,154520.7106,None,Married,26,31,Human Resources,HR Director
255,KwdhIJTa,"OENYwoKo St, RdsNQgmhOX, HYD 324754",98547.93,25-10-2010,09-09-1981,42,Other,2,4701.207,23258.27058,14616.74407,111890.6635,None,Married,13,21,Sales,Senior Executive
256,rgXaRlMu,"aDJptZHR St, PVTcAINTDN, HYD 607440",100019.27,28-12-2022,22-10-1983,40,Male,1,10248.073,23605.52114,14834.97494,119037.8892,Medical,Married,1,19,IT,Software Engineer III
257,SERmuwph,"RxqblqLF St, qanrZqoDid, CHN 466385",60481.51,08-02-2020,26-08-1995,28,Other,3,10894.849,14274.22499,8970.688199,76679.89579,Life,Married,4,7,Human Resources,HR Executive
258,zFEQeyGA,"IxbODGlk St, KAmklwAFPv, KOL 485841",128951.25,10-06-1995,08-11-1972,51,Male,1,5331.875,30433.75,19126.2,145590.675,Life,Widowed,29,30,Finance,National Account Head
259,ggwLaEiw,"EhEdBcop St, fUCsSIyKhT, DEL 502779",128650.77,23-02-2014,10-10-1965,58,Male,2,10648.923,30362.8338,19081.63246,150580.8943,Medical,Widowed,10,37,Sales,National Sales Manager
260,kwZFuorS,"AEJozcpn St, aenhYdHcJH, AMD 683264",46697.1,01-04-2019,05-07-1996,28,Female,0,6166.29,11020.97007,6926.168409,56958.19166,Life,Single,5,7,Marketing,Marketing Representative
261,HwhoGDhN,"rzQvIeSy St, lLjbqEqSWJ, MUB 289817",138905.6,12-04-2021,13-02-1967,57,Other,3,8313.44,32783.07348,20602.64082,159399.4727,Medical,Divorced,3,36,Marketing,National Marketing Manager
262,NawfeJVp,"lNmeaYvk St, wzieQDirBT, BLR 719006",120927.08,25-06-2017,26-11-1975,48,Other,2,11092.292,28539.96779,17936.04573,142623.2941,Life,Married,7,27,Finance,Account Director
263,UgtWlGtl,"NGwHbjqw St, SFgCxshUZS, AMD 946421",101031.07,08-04-2010,08-03-1988,36,Female,3,10121.893,23844.31579,14985.04629,120012.2325,Medical,Married,14,15,Finance,Regional Account Head
264,LKYGVcgv,"qWLZatOF St, dhkrIuSKjX, BLR 658192",105076.88,23-09-2020,23-09-1985,38,Female,2,10819.312,24799.16633,15585.12556,125110.2328,Both,Married,3,17,Human Resources,ERP Head
265,nLodtKiV,"ctXKpMZZ St, BkwPZPgGjg, DEL 511095",122501.79,17-07-2021,07-01-1973,51,Other,4,10838.821,28911.61467,18169.60856,144082.6171,Both,Married,3,30,Human Resources,HR Director
266,OLjeZdMM,"YqyXJIGY St, NdKFcyuvxy, BLR 954234",102256.92,24-10-2003,10-03-1980,44,Other,4,14452.308,24133.62832,15166.8658,125675.9905,Life,Married,20,23,IT,Software Engineer III
267,MNbmdVhr,"rVtpNqXe St, qMkzgfpjMe, BLR 234879",44943.3,13-06-2022,24-02-2001,23,Other,0,6562.67,10607.0562,6666.042745,55446.98346,Both,Single,2,2,Human Resources,HR Representative
268,stZyftXk,"tHQndPHg St, hQpqVjdJdg, BLR 862364",96068.25,05-05-2003,20-11-1978,45,Male,,6180.175,22673.04197,14248.95504,110672.5119,None,,21,24,Marketing,Senior Marketing Executive
269,mKQDJOqn,"XqKKnecP St, JLJwwicVFC, HYD 264145",94381.35,09-06-2019,06-04-1985,39,Male,4,4473.865,22274.91715,13998.75206,107131.3801,Both,Married,5,18,Human Resources,Senior HR
270,QNJUJSML,"nBZKiJnd St, IdEBcVIgBs, CHN 154489",84857.28,27-07-2009,15-06-1984,40,Other,2,7578.272,20027.14394,12586.13087,99876.56507,Medical,Divorced,14,19,Finance,Senior Account Executive
271,gyZnaVEZ,"rqDYAwTL St, gnJFuOoGVh, DEL 843494",80609.19,18-05-2011,25-06-1986,38,Male,1,6406.081,19024.55336,11956.0492,94083.77515,Both,Divorced,13,17,Human Resources,Senior HR
272,tSLISJQj,"qveJIqKM St, nLIQRAVRvu, MUB 468457",77659.23,28-11-2011,10-02-1989,35,Female,3,7748.077,18328.33409,11518.50769,92217.1334,Life,Divorced,12,14,Finance,Regional Account Head
273,tlJgipib,"AmGUNdbP St, CwxavLlLVp, DEL 937425",138042.41,19-03-2007,10-12-1970,53,Other,3,4377.759,32579.35224,20474.61147,154524.9098,Both,Married,17,32,Sales,Sales Director
274,FOjMVoMM,"MuoMNPFk St, ohrZiuaAHV, CHN 155520",68769.1,02-02-2019,21-07-1996,27,Male,2,10642.09,16230.17689,10199.91323,85441.45366,None,Married,5,6,Marketing,Marketing Representative
275,NKQAauMw,"ZiCAlAhU St, LidcjEsZVn, HYD 345174",82460.51,05-11-1999,07-03-1978,46,Female,4,6356.949,19461.4829,12230.63915,96048.30275,Both,Married,24,25,Sales,Regional Sales Manager
276,DiGfdRsk,"OexBOQfE St, ZTrqDfxamv, AMD 337558",55740.12,20-10-2023,09-04-1998,26,Other,0,4840.988,13155.2108,8267.439696,65468.87911,Medical,Single,0,5,Human Resources,HR Executive
277,SCfiqHhb,"HzSklBWC St, JURSvDmYqJ, HYD 470284",82023.72,05-03-2014,25-01-1989,35,Male,4,5348.628,19358.3962,12165.85394,94564.89026,Life,Married,10,14,Marketing,Regional Marketing Manager
278,xYJuILdk,"XAElfmAP St, PoBYUgajKj, CHN 525684",68864.61,05-07-2022,22-06-1996,28,Male,1,9740.539,16252.71818,10214.07938,84643.78779,Life,Married,2,7,Finance,Account Executive
279,tAAMXtWb,"OTRVspnT St, mDGUydPugn, CHN 717955",138989.42,08-12-2012,06-08-1975,48,Other,2,9931.058,32802.85582,20615.0731,161108.2607,Life,Divorced,11,27,Marketing,National Marketing Manager
280,QuaQCHEI,"peiiNlFv St, VxJPuywrBY, MUB 493868",147932.16,04-07-2009,26-07-1966,57,Other,1,10103.784,34913.42949,21941.47074,171007.9028,Medical,Widowed,15,36,Marketing,Marketing Director
281,vkZGCOZd,"sVBpaviY St, LIvrVBHhZA, PUN 949647",95408.48,03-08-2009,03-11-1977,46,Other,2,5881.152,22517.32983,14151.09718,109655.8647,Medical,Married,14,25,Marketing,Senior Marketing Executive
282,KiRsQERp,"rXtWSLIY St, rkZqIaZTGK, AMD 552223",58198.53,18-11-2024,24-05-1998,26,Male,2,7037.147,13735.41949,8632.073939,70339.02255,Medical,Married,-1,5,Finance,Account Associate
283,jvJmbvMp,"tpRSEvVn St, HXRSnUCzcH, KOL 609952",90274.99,15-02-2005,07-03-1982,42,Other,3,8915.501,21305.77623,13389.69195,107106.5753,None,Divorced,19,21,IT,Software Engineer III
284,hcqMGviO,"sohYQafo St, TjaVGYqryq, HYD 985941",21338.33,17-05-2024,25-02-2002,22,Male,0,7433.167,5036.053552,3164.926026,30642.62453,None,Single,0,1,Sales,Business Development Representative
285,BxgIhGni,"XHoDxTUR St, LctghRqqHy, DEL 396680",134451.79,04-10-2017,27-08-1971,52,Other,2,11021.821,31731.93097,19942.04652,157263.4955,None,Widowed,6,31,IT,Technical Lead
286,LOAPDRLk,"jlSmOMNX St, eelsuTUjAF, PUN 130411",105291.09,18-04-2018,11-08-1985,38,Female,1,7927.891,24849.72197,15616.89744,122451.8055,None,Married,6,17,Sales,Senior Executive
287,cphfTznU,"oIaEDGHD St, RlgJCFWuPe, KOL 774583",145365.28,12-06-1998,08-06-1969,55,Male,3,7129.472,34307.62083,21560.7481,165241.6247,Life,Divorced,26,34,Human Resources,Recruitment Manager
288,wyJWPbeH,"RFCEPqrS St, HLdBpoCfyK, BLR 452873",110585.25,11-11-2022,02-03-1971,53,Other,1,8117.475,26099.19526,16402.13343,128399.7868,None,Widowed,1,32,Human Resources,HR Director
289,tTNgDZYt,"kwkiGMyl St, JOWAzElJaw, AMD 953769",145943.27,26-08-2019,01-05-1967,57,Female,2,6006.673,34444.03209,21646.47625,164747.4988,Life,Widowed,4,36,Human Resources,Recruitment Manager
290,FOnPWTth,"YnavfjFR St, fIcbJggaRi, CHN 842408",138711.33,09-03-2013,26-05-1970,54,Male,3,6925.867,32737.22387,20573.82646,157800.5944,Both,Married,11,33,IT,IT Manager
291,vTdmaUaM,"xlWbiwwR St, vjpzVQSHww, KOL 795055",20836.84,28-11-2022,21-10-2000,23,Male,0,6638.316,4917.697032,3090.544444,29302.30859,None,Single,1,2,Finance,Accounts Intern
292,iQlHwcMx,"BuyiCKCH St, aUNxoVnikw, HYD 567275",47094.06,04-09-2022,22-09-1998,25,Male,0,7218.594,11114.6565,6985.04598,58442.26452,Both,Single,1,4,Marketing,Marketing Associate
293,WsIQgeEe,"KXjMVMTa St, LWZvJwTrpv, PUN 545046",99201.8,10-04-2016,01-05-1988,36,Male,1,8056.82,23412.59027,14713.72683,115957.4834,Life,Married,8,15,Sales,Senior Executive
294,ZCkfPnYo,"mQmguKWM St, jQIyWtABxA, PUN 270709",134256.89,16-10-2000,14-07-1969,55,Other,1,6610.311,31685.93268,19913.13872,152639.995,None,Married,23,34,Sales,Sales Director
295,RlSEZeRP,"uzJZvgaO St, WNwenuRWHk, CHN 169574",86943.72,13-02-2004,04-06-1981,43,Other,4,8280.628,20519.56409,12895.59409,102848.318,Both,Married,20,22,Human Resources,ERP Head
296,QKRjDmTM,"FbwZiGgg St, jWivAOqurl, BLR 548516",84134.35,21-02-2014,08-12-1991,32,Other,4,7401.565,19856.52543,12478.90505,98913.53537,None,Married,10,11,Human Resources,Senior HR
297,PaMnoptW,"nOaohCRq St, cBqCsJGYIr, KOL 297545",77471.97,10-11-2014,12-06-1988,36,Other,1,7052.803,18284.13891,11490.73307,91318.17884,Both,Married,9,15,Sales,Senior Executive
298,oRkoTDOw,"dJHUgSxB St, ZVnozJpHXq, CHN 580879",68298.66,18-08-2015,01-04-1994,30,Female,4,6273.134,16119.14847,10130.13702,80560.80545,Life,Married,8,9,Human Resources,HR Executive
299,lmWLjvpL,"XUhIsVci St, whtCXEMoZg, CHN 303608",114764.24,22-05-2021,18-07-1971,53,Male,2,10152.576,27085.47757,17021.96611,134980.3275,None,Widowed,3,32,Finance,National Account Head
300,ixGkSZkP,"nWJdjxcb St, SqkfRVrxRz, DEL 468747",147091.16,01-12-2012,20-06-1972,52,Male,3,5066.884,34714.9453,21816.73264,165056.2567,Both,Divorced,11,31,IT,Technical Lead
301,DQShyPwG,"UNWTRdaT St, qohLtsrdow, DEL 526893",99457.07,16-06-2011,21-12-1979,44,Female,1,6875.293,23472.83647,14751.58878,115053.6107,Life,Married,13,23,Human Resources,Senior HR
302,xssjQvCv,"hREiMTef St, Cgbnksebvq, KOL 486974",57573.2,02-10-2014,18-10-1993,30,Other,0,6521.68,13587.83552,8539.324263,69143.39126,Medical,Single,9,9,Human Resources,HR Associate
303,nnFLFmAH,"EufkecsG St, JcTclfukDC, KOL 858894",79029.57,13-05-2018,13-10-1990,33,Other,1,6502.043,18651.74766,11721.75812,92461.60254,Both,Married,6,12,IT,QA Lead
304,RhmBRMXM,"nEYBWXVm St, XZUbYsXyTi, BLR 344856",104239,15-01-2011,28-04-1984,40,Other,1,13053.1,24601.41849,15460.85022,126432.6683,Medical,Divorced,13,19,IT,Software Engineer III
305,INLsLrhW,"JIQJNybK St, KiIrQlcnmr, MUB 351408",148581.46,20-01-2014,18-05-1965,59,Other,1,7073.854,35066.67061,22037.77567,168684.2089,Both,Married,10,38,Sales,National Sales Manager
306,lbhRwFIE,"vYemcCIX St, wqTOgEAxft, AMD 296060",93375.59,16-12-2020,10-08-1978,45,Other,,8027.441,22037.548,13849.57656,109591.0024,Medical,,3,24,IT,Software Engineer III
307,eaKQrblu,"xjYaPvqA St, VsMwkqIYcb, MUB 160270",115307.15,04-08-1993,27-10-1964,59,Other,2,7548.285,27213.60961,17102.49115,132966.5535,None,Married,30,38,IT,IT Manager
308,zuexviNH,"evmEzUJl St, jLRrKNbcvL, MUB 708858",111267.78,18-12-1991,12-09-1970,53,Female,1,7588.222,26260.27898,16503.36708,128612.9139,Life,Widowed,32,32,Sales,Sales Director
309,kQDkarUv,"pwLtUeoJ St, TqruxcXgcl, HYD 368126",79488.49,12-12-2017,14-02-1980,44,Male,2,6083.151,18760.05725,11789.82567,92541.87258,Life,Divorced,6,23,Human Resources,Senior HR
310,iQqncawc,"IeXdphWU St, RKoXXDSlki, DEL 925007",139170.02,27-08-1997,19-02-1969,55,Female,2,7925.998,32845.47917,20641.8599,159299.6373,None,Divorced,26,34,Human Resources,HR Director
311,ZrChOIol,"XxcLfFDY St, YtNVTrEbLZ, CHN 607385",100837.51,01-10-2012,01-05-1979,45,Male,,10677.249,23798.63375,14956.33725,120357.0555,Medical,,11,24,Human Resources,ERP Head
312,MqZjyIHQ,"qhHOVdSA St, GglCGBVFZw, BLR 206040",69963.13,20-08-2017,10-05-1996,28,Female,0,9440.687,16511.97959,10377.01315,85538.78344,None,Single,6,7,IT,Software Engineer II
313,XrRYMXew,"JETZNbLs St, DeKSwJGbEU, CHN 680559",83098.09,21-07-2012,27-07-1989,34,Other,3,6641.191,19611.95798,12325.20576,97026.03322,Both,Married,11,13,Marketing,Senior Marketing Executive
314,QTqZjvWv,"tJKovFpX St, lvukbHSHAh, PUN 708160",88899.2,05-04-2008,22-12-1985,38,Male,1,8488.08,20981.0764,13185.63317,105182.7232,Both,Married,16,17,IT,Software Engineer III
315,dNiKvkEn,"hqhAKyWB St, lKIXCuABOK, BLR 640823",55219,20-10-2015,01-06-1993,31,Other,4,7172.1,13032.22141,8190.146569,67233.17484,Medical,Married,8,10,Marketing,Marketing Representative
316,KSzzriiQ,"rbzePVdQ St, cjsirqQtFG, KOL 911374",132384.19,15-11-1989,18-08-1966,57,Female,4,9954.581,31243.95725,19635.37767,153947.3506,Life,Married,34,36,IT,Technical Lead
317,nmoUZqla,"PCxkiOav St, arcEYYxBTR, AMD 843868",128442.73,01-07-2002,08-06-1966,58,Female,1,10543.727,30313.73433,19050.77572,150249.4156,None,Widowed,22,37,Finance,Account Director
318,WCPaKEzF,"dboqijfF St, ABDeAJhzym, HYD 398204",33498.85,12-10-2023,02-08-2002,21,Male,0,8395.115,7906.054623,4968.588555,44831.43107,Life,Single,0,0,Human Resources,HR Representative
319,VyVcveSI,"QOPiLjoK St, xzlSmqIOUb, CHN 445381",83514.94,09-03-2020,13-09-1990,33,Female,3,9491.506,19710.33864,12387.03344,100329.7512,Life,Married,4,12,IT,QA Lead
320,aFkkIamj,"NKZRwLOn St, ppkAGOCQsk, DEL 245159",75027.43,11-01-2017,21-03-1981,43,Other,4,7300.257,17707.20367,11128.15604,88906.73463,Life,Married,7,22,Marketing,Regional Marketing Manager
321,wZpKmTFV,"YulHucRJ St, bMgChXEXZY, KOL 168472",120742.34,28-07-1997,13-02-1974,50,Female,1,11750.766,28496.36735,17908.64488,143080.8285,Medical,Married,26,29,Sales,National Sales Manager
322,eXaPlmNb,"JpOqwDSK St, eJKEIjMvqN, CHN 113087",51665.63,21-06-2017,02-03-1993,31,Male,4,5236.437,12193.59151,7663.106581,61432.55193,Medical,Married,7,10,Human Resources,HR Associate
323,TKSZvqtZ,"lgkvmGwB St, JkyOwSNLYD, DEL 526290",135537.74,12-09-2016,21-03-1975,49,Other,2,6194.226,31988.22574,20103.11589,153617.0759,Medical,Married,7,28,IT,Technical Lead
324,WhMiEUsP,"SzsBMqFP St, UQvnvPZsNY, AMD 695730",116425.18,18-08-2000,07-06-1968,56,Male,1,12213.482,27477.47557,17268.31867,138847.8189,Medical,Widowed,23,35,Human Resources,Recruitment Manager
325,EocVINTh,"ppHjmLRh St, ZYBdvgAJVG, KOL 848548",117039.71,20-03-2007,14-06-1976,48,Male,3,6673.029,27622.51063,17359.46648,133975.7832,Medical,Married,17,27,Sales,National Sales Manager
326,RvRFZgqE,"vTsepkKl St, WbsSpyhdjK, CHN 522471",115213.16,15-03-2017,18-03-1971,53,Male,4,7653.684,27191.42706,17088.55045,132969.7206,Medical,Married,7,32,Finance,Account Director
327,aiEgqotI,"gznnZJYR St, eLsbdBXJLV, KOL 144123",127488.9,10-05-1992,02-10-1971,52,Female,4,6148.11,30088.62117,18909.30254,144816.3286,Medical,Married,32,31,Sales,National Sales Manager
328,VOThUEte,"RkrREOkl St, cDendBcXJJ, MUB 723549",125338.36,06-07-2001,07-02-1973,51,Male,1,8255.164,29581.0728,18590.33194,144584.2649,Medical,Married,23,30,Finance,Account Director
329,LqlhxMyD,"UOuskjoX St, LffRHfASDb, MUB 962728",134606.52,28-03-1996,06-04-1973,51,Female,2,4547.348,31768.44876,19964.99625,150957.3205,Life,Married,28,30,Finance,Account Director
330,HbaZeqqb,"QHMwgRAr St, IQKMTcBVUg, HYD 578513",130347.13,28-12-1987,04-05-1965,59,Female,1,8054.287,30763.19127,19333.23855,149831.3697,None,Married,36,38,Finance,National Account Head
331,XbpAzbFI,"jwqLdMkV St, FkMQwPDxvI, HYD 790209",110534.05,03-09-2007,21-04-1970,54,Other,4,12225.595,26087.11156,16394.53939,132452.2172,Life,Married,16,33,Sales,Sales Director
332,cWsJBrNl,"wfHtSXiu St, maxRiCPGbA, KOL 572071",62498.62,05-01-2019,26-05-1996,28,Female,3,10241.138,14750.28258,9269.868309,78220.17227,Both,Married,5,7,Sales,Sales Representative
333,sNCcUdkQ,"IUReFhIr St, oufkgAHCKN, AMD 374535",112708.71,28-02-2018,01-10-1970,53,Other,4,13146.129,26600.35248,16717.0875,135738.104,Both,Married,6,32,Finance,National Account Head
334,MvvsvDkk,"njFpIhTo St, NGjYauGUPP, CHN 132177",62431.85,08-10-2022,15-08-1998,25,Female,2,7434.815,14734.52421,9259.964905,75341.2243,Both,Married,1,4,Human Resources,HR Executive
335,AVKnoJUf,"KLNIoFmV St, bvOpHWYqhD, AMD 280706",80680.43,11-12-2014,03-09-1987,36,Male,2,9346.957,19041.36669,11966.6156,97102.13809,None,Married,9,15,Human Resources,ERP Head
336,ByKpYYIu,"mAiXrFFc St, ZksVHHsvTL, BLR 578547",49416.2,22-02-2022,28-04-1993,31,Female,3,6732.38,11662.70414,7329.468496,60481.81564,Medical,Married,2,10,Finance,Account Executive
337,JZoWmTTx,"YmXxmauh St, XbVvcOVpNL, BLR 138130",83254.7,16-01-2021,06-01-1988,36,Other,2,4866.53,19648.91946,12348.43434,95421.71513,None,Married,3,15,Marketing,Regional Marketing Manager
338,qpEUzmfn,"PQRNVZuq St, TInRqvlIjZ, KOL 513525",88567.9,27-12-2019,18-12-1989,34,Male,4,4461.21,20902.88637,13136.49436,100795.502,Both,Married,4,13,IT,Software Engineer III
339,CYvKJbyY,"lNsZBrWR St, pNpZRVJjjm, CHN 526382",140519.39,03-06-2011,16-01-1972,52,Female,3,10136.061,33163.94363,20842.00004,162977.3946,None,Divorced,13,31,Sales,National Sales Manager
340,hTReZNZH,"dnGZvqoc St, hVuooujxEx, CHN 167507",77069.07,24-02-2012,25-06-1981,43,Male,4,7424.093,18189.05058,11430.97447,91251.23911,Both,Married,12,22,Finance,Regional Account Head
341,ZDcNhCyN,"efpTitkr St, idnJhNhhGD, CHN 776471",124550.51,06-07-1994,15-12-1968,55,Female,1,6914.949,29395.13253,18473.4771,142387.1144,Medical,Divorced,30,34,Finance,National Account Head
342,CdtdQzth,"qOIciogA St, oaqntskGGg, CHN 337550",61545.52,21-06-2018,17-12-1994,29,Male,1,8599.448,14525.3417,9128.503404,75541.8063,Life,Married,6,8,Human Resources,HR Executive
343,dnagcWZM,"ZwBDIRGB St, UvkahYjZAM, CHN 228900",87455.52,17-09-2013,12-09-1988,35,Male,2,6671.448,20640.35387,12971.50486,101795.817,None,Married,10,14,Sales,Senior Executive
344,UGjYxkUy,"cTvxfzwu St, qqXLBFlawq, HYD 753842",31720.92,09-01-2023,20-12-2002,21,Female,0,7963.908,7486.445839,4704.883901,42466.38994,Life,Single,1,0,IT,Software Engineer I
345,AYaprpNK,"NrVnkHUc St, bdIVoklboL, PUN 626885",128693.65,16-09-2012,11-07-1970,54,Male,2,9061.635,30372.95389,19087.99247,149040.2464,Both,Married,11,33,Marketing,National Marketing Manager
346,hLYcfrev,"vVvHFsXj St, OucoCPcRKF, AMD 720102",56012.92,21-09-2024,25-02-1996,28,Male,2,7380.708,13219.59426,8307.901711,68305.32055,Medical,Married,-1,7,Sales,Sales Executive
347,ftIpDBiG,"jTompENl St, hPqdqJzBOd, CHN 304295",90532.41,17-03-2014,09-03-1986,38,Other,1,5937.759,21366.52985,13427.87278,104408.8261,Life,Divorced,10,17,Marketing,Senior Marketing Executive
348,tcGwJhwU,"HDpctlbq St, mgucntZfdF, KOL 321474",135022.1,26-10-2023,07-02-1973,51,Other,4,9144.79,31866.52968,20026.63556,156006.7841,Medical,Married,0,30,Marketing,National Marketing Manager
349,mnFCFYFr,"LaFdPHXc St, ehwUqjcNGI, HYD 892717",144952.4,26-10-2019,03-08-1970,53,Female,2,5397.76,34210.17713,21499.50926,163060.8279,Medical,Married,4,32,Finance,National Account Head
350,lVwqolYd,"ZgIrTJJn St, GHyPNfhBKb, CHN 146366",144756.81,02-06-1990,28-11-1964,59,Female,1,5719.319,34164.01599,21470.49912,163169.6459,Both,Married,34,38,Human Resources,Recruitment Manager
351,hKXvpsBv,"MVgLjZnc St, uUlLBWZPcd, CHN 893842",127395.66,16-12-2023,10-03-1976,48,Male,3,6889.434,30066.61562,18895.47307,145456.2365,Medical,Divorced,0,27,Sales,National Sales Manager
352,YqGLktyo,"wXxEOIVN St, xOdcKuKOAC, PUN 824588",41783.16,23-02-2022,11-10-2000,23,Male,0,7889.684,9861.232409,6197.327089,53336.74932,Both,Single,2,2,Marketing,Marketing Intern
353,vJBjfNiH,"pCJLyVtq St, jOgMSEwcEz, AMD 795381",100385.24,09-01-2019,04-04-1989,35,Female,2,11689.476,23691.89363,14889.25604,120877.3536,Both,Divorced,5,14,IT,Software Engineer III
354,oFLoHksU,"gwkACrQy St, FJJgAikVsh, DEL 833681",143944.27,07-08-2024,16-02-1970,54,Female,1,8235.573,33972.24864,21349.98224,164802.1094,Medical,Widowed,-1,33,Human Resources,Recruitment Manager
355,ArYlgMBx,"kMZZAMJw St, JcgKwKIAPX, DEL 796295",143405.13,07-02-1985,11-03-1964,60,Male,3,4357.487,33845.00635,21270.01636,160337.607,Both,Divorced,39,39,Sales,Sales Director
356,nxkBLqXx,"WxOCSoYG St, LpMGedcpqH, HYD 132858",29403.81,09-10-2021,04-06-2000,24,Male,0,5801.619,6939.585328,4361.207439,37783.80689,Medical,Single,2,3,Finance,Account Representative
357,WOfSjIAu,"UNDBHMEt St, YjqkfeeTND, BLR 607144",91155.24,16-02-2015,17-03-1990,34,Other,1,8054.476,21513.5238,13520.25166,107202.9881,Both,Divorced,9,13,Finance,Senior Account Executive
358,hLttAJZs,"RYroAxAM St, cOQuphIpZR, DEL 717258",42031.48,24-07-2024,19-03-2000,24,Other,3,8001.852,9919.838345,6234.158201,53719.01214,None,Married,-1,3,Sales,Sales Development Representative
359,MEImJTyy,"uTclhCZi St, dqTvgpesVt, BLR 573395",115745.7,04-01-2008,17-11-1964,59,Male,1,12179.43,27317.11168,17167.5374,138074.7043,None,Married,16,38,IT,IT Manager
360,OEQkSsSc,"JPEHleix St, vAixoOxkfw, MUB 269564",143308.77,28-06-2001,21-06-1967,57,Male,1,10226.123,33822.26445,21255.72413,166101.4333,Life,Divorced,23,36,Finance,National Account Head
361,dXvQhEGx,"HlwCFiJF St, ZFnVidQJPh, DEL 455870",114677.61,10-06-1997,14-09-1967,56,Other,3,11746.239,27065.03204,17009.11705,136479.764,Medical,Divorced,27,35,IT,IT Manager
362,aHUtrBRi,"qMzGHubB St, VeQJSJFSDq, PUN 439026",92899.22,04-02-2013,13-04-1991,33,Other,4,8402.078,21925.12005,13778.92081,109447.4972,Both,Married,11,12,IT,QA Lead
363,meWIVOui,"PdzIOpph St, DxDoQnBMYT, KOL 699566",138174.41,05-01-2004,17-06-1966,58,Female,4,5824.559,32610.50552,20494.18986,156115.2847,Medical,Married,20,37,Finance,National Account Head
364,mRtmyzQr,"XDxuRKWJ St, oGNSHVFtkv, KOL 659091",87529.78,27-04-2010,15-11-1984,39,Male,1,5219.022,20657.87995,12982.51919,100424.1628,Both,Married,14,18,Marketing,Regional Marketing Manager
365,ftWRpWiW,"pUlaHrss St, mrbscKuaAn, PUN 469526",71481.4,05-01-2016,14-10-1994,29,Male,3,6475.86,16870.30608,10602.20473,84225.36135,Life,Married,8,8,Finance,Account Executive
366,RaalpzGF,"AlQxLBrX St, MzlRuhNFEz, HYD 381299",139436.7,24-04-2004,13-05-1974,50,Female,1,5910.33,32908.41825,20681.41419,157574.0341,Both,Married,20,29,IT,IT Manager
367,gVaHlhEU,"epqnPSfR St, OdGNFraTXL, BLR 649054",99821.96,17-07-2014,15-03-1980,44,Female,1,7415.804,23558.95406,14805.70969,115991.0084,Life,Divorced,10,23,IT,QA Lead
368,dujBxXqN,"hJfNcAbQ St, RTlYzHLCdn, MUB 558555",92567.34,06-08-2020,22-12-1979,44,Other,2,7771.266,21846.79314,13729.69598,108455.7032,Medical,Married,3,23,Marketing,Regional Marketing Manager
369,nKosnGTI,"LPOaTyhL St, pzxsDgBeOU, CHN 136195",104307.41,10-09-2004,20-08-1979,44,Other,4,11016.259,24617.56392,15470.99687,124470.236,None,Married,19,23,Human Resources,ERP Head
370,aEzKkoaU,"ZVJJheBY St, FITkOIrWgp, DEL 766998",78737.11,27-04-2015,26-11-1991,32,Female,1,7587.289,18582.72426,11678.38011,93228.74315,Medical,Married,9,11,IT,Software Engineer III
371,yVOBJzhU,"OWIjLCOu St, kzBzsEgvus, HYD 594852",116468.16,07-01-1999,13-06-1972,52,Male,4,8487.184,27487.61927,17274.69351,135168.2698,None,Married,25,31,Sales,Sales Director
372,KAnlWQJC,"OpsMjgtT St, LciZajAVvn, BLR 419360",88132.05,12-11-2014,16-02-1989,35,Male,1,7650.795,20800.02153,13071.84858,103511.0179,None,Divorced,9,14,Sales,Senior Executive
373,IdgjSIpP,"pwTZTeBG St, NmAMZYXbPv, HYD 890491",138496,19-05-2006,23-03-1972,52,Male,2,8305.4,32686.40389,20541.88847,158945.9154,Medical,Widowed,18,31,IT,IT Manager
374,ZetDQdRd,"xwsyXGSo St, RizYBdHSfc, DEL 557026",107862.37,21-11-2015,19-06-1980,44,Female,3,7551.763,25456.56908,15998.27269,124872.4294,Medical,Married,8,23,Sales,Regional Sales Manager
375,WlVicRsB,"ELJQdKYP St, qZSdiUMXgL, AMD 163120",141602.28,14-09-1998,06-03-1977,47,Male,4,8098.772,33419.5162,21002.61554,162117.9527,Medical,Married,25,26,IT,IT Manager
376,RMhQlvTO,"IoHOpBtd St, oHsvtPrhKG, AMD 651745",131365.45,07-02-2017,17-09-1973,50,Male,3,6602.455,31003.5247,19484.27696,149487.1527,Medical,Married,7,29,IT,IT Manager
377,rlNdWsbt,"OeLFODfi St, vEBhyNaXOs, CHN 276975",20917.64,12-06-2023,11-11-2001,22,Female,0,7007.236,4936.766618,3102.528794,29759.11382,Life,Single,1,1,Human Resources,HR Representative
378,ZpWzlcDO,"DTAJXudK St, RLwNLQKxgW, PUN 854886",129699.67,20-04-2006,22-11-1968,55,Male,1,10055.033,30610.3844,19237.20653,151127.8809,None,Widowed,18,34,Human Resources,Recruitment Manager
379,pPaZIwDo,"ovLbaZLD St, EnpSeXBhBb, HYD 498887",83189.7,10-10-2014,10-01-1991,33,Male,1,6883.03,19633.57883,12338.79346,97367.51537,Medical,Married,9,12,Marketing,Senior Marketing Executive
380,wrQmCeiP,"cfKNydnJ St, YLIJnBfoim, AMD 320188",75878.98,14-12-2000,04-08-1978,45,Female,,8308.102,17908.17776,11254.45893,90840.80083,None,,23,24,IT,Software Engineer III
381,LPXKMOgM,"KiDkiPEE St, SxvptrzEfa, CHN 645176",92078.98,28-08-2012,12-06-1979,45,Other,,7340.102,21731.53543,13657.26185,107493.3556,Both,,11,24,Finance,Regional Account Head
382,wnIcDJIQ,"DTMhBDQm St, iDJoEyZwSQ, PUN 886811",66961.37,08-07-2021,20-01-1998,26,Male,1,8867.863,15803.53501,9931.788601,81700.97941,Medical,Married,3,5,IT,QA Engineer II
383,WdHvJxcw,"DVrQdqEU St, iVQOgpDwdU, MUB 914835",117743.36,10-05-2019,15-12-1968,55,Male,3,7394.664,27788.57888,17463.83267,135462.7702,None,Married,5,34,Finance,National Account Head
384,OlbJmcRe,"dcPCUlTn St, QuzNyjdpow, BLR 217490",63851.43,10-08-2021,08-11-1995,28,Female,1,9609.857,15069.55891,9470.518669,79060.32724,Life,Married,2,7,Finance,Account Associate
385,qUiNsVPN,"gNjtORga St, BmpVdsGFXd, PUN 501428",91840.7,07-12-2013,12-08-1991,32,Male,2,4404.93,21675.29903,13621.91988,104299.0091,Both,Married,10,11,Sales,Regional Sales Manager
386,IsUWGRUP,"QwawoWZO St, vnLHPMNXbT, CHN 568159",132598.42,14-09-2018,15-03-1966,58,Female,2,7228.158,31294.51762,19667.15251,151453.9431,Life,Divorced,5,37,IT,Technical Lead
387,FjulwwUq,"aVoOtyiw St, VMPqvUETYB, MUB 173137",110462.31,28-09-1997,27-07-1969,54,Female,2,11554.769,26070.18022,16383.89883,131703.3604,Medical,Married,26,33,Finance,National Account Head
388,zpGzXHmw,"BLWMxtby St, jMcajsWOyv, CHN 211466",101045.77,27-01-2016,12-11-1986,37,Female,2,13198.423,23847.78513,14987.22662,123104.7515,Medical,Divorced,8,16,Human Resources,Senior HR
389,DWPdzqiv,"JvqkViec St, mwVjvHNzwr, AMD 129213",104009.58,15-04-2015,17-05-1988,36,Other,3,12096.042,24547.27314,15426.82238,125226.0728,Both,Married,9,15,Human Resources,Senior HR
390,YLbfBvQr,"vInbHfIl St, CHWmhcWEzs, DEL 542448",101586.52,03-09-2008,25-03-1981,43,Male,3,13292.348,23975.4074,15067.43129,123786.8441,Medical,Divorced,15,22,Finance,Senior Account Executive
391,QAOLlBBK,"xcZqXsjx St, NWxWLXuLpe, AMD 482136",101722.1,10-04-2012,23-07-1991,32,Other,3,9808.79,24007.4056,15087.54067,120450.7549,Medical,Married,12,11,IT,Software Engineer III
392,ghFVyaUm,"HPSbfDxd St, ZdgdARoqKG, HYD 940566",93043.17,18-06-2024,12-03-1985,39,Other,4,7654.683,21959.09365,13800.27164,108856.675,Both,Married,0,18,Human Resources,ERP Head
393,aLzWLrZN,"MXDnWNbN St, MYPHCOXcwV, DEL 382744",121185.69,26-01-2007,19-07-1976,47,Other,2,10154.431,28601.00226,17974.40307,141966.7202,Life,Widowed,17,26,Finance,Account Director
394,xKqTQMPh,"pmBYTega St, NoWRGrgPnd, AMD 599870",92639.79,15-11-2006,05-08-1984,39,Other,1,4694.021,21863.89204,13740.44185,105457.2612,Life,Divorced,17,18,Human Resources,ERP Head
395,iXSLPYIy,"hMVztLTc St, JIHwynQMqO, BLR 260572",96055.75,17-12-2014,01-01-1981,43,Male,3,6480.425,22670.09185,14247.10102,110959.1658,Life,Married,9,22,Sales,Senior Executive
396,KPUWSyxL,"EOgMXzzx St, pEkQQDohCP, CHN 475386",102373.31,28-02-2001,26-11-1978,45,Other,,13642.669,24161.09749,15184.1289,124992.9476,Both,,23,24,Human Resources,ERP Head
397,wLQWjjhS,"OCnDeGpN St, hdVZpUSXsx, CHN 424232",125426.72,06-08-2001,28-08-1967,56,Other,1,5459.328,29601.92662,18603.43759,141884.537,Medical,Married,22,35,IT,Technical Lead
398,DuuDywex,"nRsJJzeN St, EfSzOenWJj, AMD 413067",141691.22,05-08-2005,01-08-1967,56,Other,2,10481.878,33440.50691,21015.80723,164597.7977,Life,Divorced,18,35,Sales,National Sales Manager
399,eumIPZYV,"zYnmwPcL St, SdGyzsvqQF, KOL 461351",87045.45,13-05-2007,14-10-1985,38,Other,4,9167.455,20543.57336,12910.6828,103845.7956,Medical,Married,17,17,Human Resources,Senior HR
400,ndKdPWWt,"kbRhUtSR St, kYDxHybAwK, PUN 993175",94353.25,15-09-2014,25-10-1986,37,Male,1,4068.675,22268.28528,13994.58423,106695.626,None,Divorced,9,16,IT,QA Lead
401,UPLXWALa,"sDykKczk St, aHYATzEvJc, AMD 873054",113003.82,05-11-2008,22-05-1974,50,Female,3,11057.618,26670.00131,16760.85856,133970.5808,Medical,Married,15,29,Human Resources,Recruitment Manager
402,vOcNSlho,"pOtwkpuw St, UxAByWBJzR, KOL 344665",137398.38,22-01-2010,10-08-1975,48,Female,2,6270.162,32427.35489,20379.08819,155716.8087,Life,Married,14,27,Sales,Sales Director
403,PoxpAwkz,"ZDFjmlgq St, HfKEMxTbXf, PUN 524129",106371.87,12-06-2010,17-05-1987,37,Male,1,10704.813,25104.79657,15777.19999,126404.2796,Medical,Divorced,14,16,Human Resources,ERP Head
404,MILazAgm,"qTDkuNgB St, TuXfMsaTHc, BLR 307263",80239.41,18-04-2008,18-01-1981,43,Other,3,6316.059,18937.28168,11901.203,93591.54768,None,Married,16,22,Finance,Senior Account Executive
405,OMATYAAf,"dfBAYRnR St, gkMwPIsvqP, KOL 876034",92330.98,15-07-2011,16-04-1989,35,Male,3,4906.902,21791.00988,13694.63879,105334.2531,None,Married,13,14,Finance,Senior Account Executive
406,vObLToBk,"iaOPOTtK St, QsfkwdXEKG, BLR 496539",145873.06,16-05-2013,16-05-1974,50,Other,2,5408.694,34427.46185,21636.06262,164073.1532,None,Divorced,11,29,Human Resources,HR Director
407,GFXlTsJx,"HwSrgTRh St, ceyrvJwTJf, HYD 899742",132229.07,03-02-2014,13-04-1976,48,Other,1,11013.093,31207.34742,19612.37009,154837.1403,Both,Married,10,27,Human Resources,Recruitment Manager
408,myXuMIHW,"bJvRAFTd St, kPRxAGwdHC, DEL 264104",149983.22,13-08-2002,24-11-1973,50,Other,2,7219.678,35397.49961,22245.68635,170354.7113,None,Divorced,21,29,Finance,National Account Head
409,qMHpaHvo,"vEiSsVZm St, OPlQeeiMwT, PUN 879630",41453.9,10-08-2023,01-03-2000,24,Other,0,8571.61,9783.523844,6148.490861,53660.54298,Both,Single,0,3,Sales,Sales Development Representative
410,zZzJzzBg,"GyENUOWU St, lvAdSRlFbN, KOL 233375",117352.39,14-08-2011,01-03-1975,49,Male,1,10687.761,27696.30616,17405.84354,138330.6136,None,Married,12,28,Marketing,Marketing Director
411,FbKMabtZ,"kdXSQrzE St, RPegIkrkPe, PUN 662249",149405.66,17-02-2016,17-08-1976,47,Other,2,3351.434,35261.18983,22160.02198,165858.2619,Medical,Divorced,8,26,Finance,Account Director
412,GQcIUdyW,"xenvcTwI St, eCLvHVcezq, BLR 516307",59214.82,11-08-2020,05-03-1999,25,Female,0,6025.518,13975.27382,8782.811258,70432.80056,Both,Single,3,4,IT,Software Engineer II
413,OTVjRwqm,"WFlLDIpc St, fraobrpMUo, DEL 404306",115516.08,20-04-2002,23-07-1976,47,Other,2,11659.392,27262.91912,17133.47989,137304.9112,Life,Married,22,26,Finance,National Account Head
414,yaTSAiYb,"gHoKqpMo St, dUCSzPdxtu, KOL 599225",134321.34,05-03-1998,11-02-1967,57,Female,4,5270.866,31701.1435,19922.69802,151370.6515,Medical,Married,26,36,Marketing,National Marketing Manager
415,WCdpemzf,"pazOKXKu St, nMMVKmxjKe, CHN 251609",105745.65,14-08-2014,05-04-1985,39,Other,1,13185.435,24957.00255,15684.31831,128203.7692,Medical,Divorced,9,18,IT,QA Lead
416,VrStzZKp,"ekNODsSt St, mnIyyFIpuA, PUN 676819",96507.19,05-02-2018,14-08-1980,43,Other,3,4895.281,22776.63608,14314.05913,109865.048,Medical,Married,6,22,Sales,Senior Executive
417,urhpeGvR,"yMJRHUJP St, KrTDsenjGT, BLR 782647",135023.83,01-02-2002,02-05-1973,51,Female,2,5663.617,31866.93798,20026.89216,152527.4928,Life,Married,22,30,IT,IT Manager
418,sllKYgWV,"liuDgnXj St, OWrhmpGUqI, BLR 382962",113459.19,05-01-2002,09-12-1976,47,Other,4,7834.081,26777.47307,16828.39957,131242.3445,Life,Married,22,26,Human Resources,HR Director
419,YmRwjCpB,"GDgvItGb St, CBWfGgjsTP, AMD 661738",38563.98,24-06-2023,28-08-2002,21,Male,0,7555.602,9101.474599,5719.854552,49501.20205,Life,Single,1,0,Human Resources,HR Intern
420,QABCJDOp,"IYciLwja St, smhHgThwBF, KOL 269097",119337.44,02-09-1998,02-04-1975,49,Female,4,8364.256,28164.79727,17700.26847,138166.2248,Life,Married,25,28,Human Resources,Recruitment Manager
421,BFGePuKl,"kpJVgkEN St, MzWvkgRGEG, HYD 163060",121365.05,01-10-1998,09-11-1976,47,Male,3,8801.495,28643.33297,18001.00596,140808.872,Medical,Married,25,26,Marketing,National Marketing Manager
422,SnGYlnvb,"fGruNjhr St, EzBCZdpKOa, CHN 786278",65472.68,16-06-2018,09-01-1996,28,Female,0,9997.732,15452.18968,9710.984362,81211.61732,None,Single,6,7,Human Resources,HR Executive
423,noSZwxet,"iJKOxxEp St, JnMtJabFyG, PUN 879105",100148.09,26-03-2011,19-07-1988,35,Male,2,12005.191,23635.92392,14854.08167,120935.1232,Medical,Married,13,14,Sales,Senior Executive
424,cNHZybOj,"iBVXytkX St, DErWUccrtt, MUB 849490",41102.5,22-07-2023,22-02-2002,22,Female,0,6709.75,9700.590024,6096.370803,51416.46922,Both,Single,0,1,Marketing,Marketing Intern
425,oeQdoFfS,"QbGusOGl St, zubDYVobuF, HYD 295088",107744.64,26-05-2008,24-08-1982,41,Female,1,10018.536,25428.78365,15980.81084,127211.1488,Life,Married,16,20,Human Resources,Senior HR
426,sEbchmNn,"iSqkqUGL St, KRHblEhfyc, PUN 486377",84326.14,03-04-2006,22-10-1985,38,Male,4,9330.386,19901.78973,12507.35157,101050.9642,Life,Married,18,17,Sales,Senior Executive
427,PpahZpqe,"DuMlTfBY St, BaJxTgSLFj, DEL 491622",104440.91,20-03-2015,13-07-1984,40,Male,2,7628.909,24649.07122,15490.79775,121228.0925,None,Married,9,19,IT,Software Engineer III
428,dpCtinyK,"lIzLcmTR St, MxJaDKDupb, BLR 658124",127408.97,17-09-2017,27-09-1976,47,Male,4,5540.103,30069.75691,18897.44723,144121.3827,Both,Married,6,26,Marketing,National Marketing Manager
429,ayarDPgk,"zfVBSRjo St, RDrgJIKGbh, DEL 400421",136057.67,17-12-1993,07-01-1969,55,Male,1,9598.233,32110.93428,20180.23251,157586.6048,Life,Divorced,30,34,Marketing,Marketing Director
430,zkOvyKCp,"xiajGNUu St, QUzOrRvQif, MUB 595734",146041.35,05-03-2008,25-01-1970,54,Male,2,9443.865,34467.17993,21661.02359,168291.3713,Both,Married,16,33,Marketing,National Marketing Manager
431,YQHOrWwh,"OupUDnwZ St, eCqUHAhSGM, CHN 677276",74252.15,15-05-2023,14-07-1993,31,Male,1,7411.785,17524.23005,11013.16561,88174.99944,Life,Married,1,10,Marketing,Marketing Representative
432,SdHAjMuW,"eSfCarcZ St, VKlPanLiGz, KOL 224725",78653.05,13-01-2024,19-05-1989,35,Female,2,7472.695,18562.88528,11665.91223,93022.71805,Life,Married,0,14,Finance,Senior Account Executive
433,fIQZTfXf,"PdHlDFWH St, mYtGFGVftJ, DEL 964092",100895.19,11-07-2018,13-11-1979,44,Female,3,14283.481,23812.24679,14964.89241,124026.0254,Life,Married,6,23,Finance,Senior Account Executive
434,hkDyUMoN,"olrFYDCe St, pIcmDQkSyQ, PUN 507973",129998.86,14-05-2011,16-04-1974,50,Other,1,11460.114,30680.99616,19281.58274,152858.3874,Life,Married,13,29,Marketing,National Marketing Manager
435,NunuQLgP,"aUxOxqKo St, jAcSzbENmH, BLR 302664",138895.04,17-01-2020,21-10-1965,58,Female,2,6336.496,32780.58122,20601.07455,157411.0427,Life,Widowed,4,37,IT,Technical Lead
436,MAUUhXDJ,"IjPRZBbC St, XBtGBlOlVy, AMD 388450",119504.94,05-09-2020,27-08-1967,56,Other,2,9549.506,28204.32891,17725.11227,139533.6626,Life,Divorced,3,35,Human Resources,HR Director
437,JjbwaMeS,"yxFNlvxr St, dzsXLImkGR, BLR 738223",47505.2,20-11-2022,07-06-1993,31,Female,1,6383.48,11211.68954,7046.026745,58054.34279,Life,Divorced,1,10,IT,Software Engineer II
438,AKhbeHta,"HPNZYlOF St, veOQRWWEsE, DEL 499785",108480.71,13-03-2020,24-04-1989,35,Female,1,12776.929,25602.50333,16089.9856,130770.1567,None,Married,4,14,Sales,Regional Sales Manager
439,JeTOdAOW,"zbptGDJr St, ghzTjtpzHn, MUB 488496",143396.65,13-09-2019,20-07-1966,57,Other,2,7679.335,33843.00499,21268.7586,163650.2314,None,Widowed,4,36,Marketing,National Marketing Manager
440,CLThoWjz,"eHTMlRdC St, SGvxoDtpWh, DEL 732993",127165.42,16-04-1999,27-02-1976,48,Other,2,8392.458,30012.27674,18861.32361,146708.8311,None,Married,25,27,Sales,National Sales Manager
441,HHmTZKNr,"llCNFrmE St, DMOgfVEWrb, KOL 149640",94380.53,24-01-2014,02-08-1981,42,Other,3,4887.947,22274.72363,13998.63044,107544.5702,Both,Divorced,10,21,Marketing,Senior Marketing Executive
442,guHwvcxW,"BTQloHyf St, lppnsqfxrl, MUB 489048",86547.06,07-03-2003,06-04-1980,44,Female,4,5476.294,20425.94847,12836.76102,99612.54145,Both,Married,21,23,Human Resources,Senior HR
443,azQxbZxE,"PhAslBWh St, TOasrIlktT, PUN 253170",45478.15,02-12-2022,12-07-1995,29,Female,0,8154.185,10733.28601,6745.372321,57620.24869,Both,Single,1,8,IT,Software Engineer II
444,HCCkmYtW,"fJglKvQM St, jnvAKGtpGh, CHN 911674",102425.72,15-05-2023,18-09-1985,38,Other,2,11671.428,24173.46676,15191.90241,123078.7124,None,Married,1,17,Human Resources,Senior HR
445,pIheNjlA,"EHRxdbXH St, gyCvgFPnSn, HYD 311955",125324.92,09-04-2012,10-07-1973,51,Other,2,7890.508,29577.90083,18588.3385,144204.9903,Medical,Married,12,30,IT,IT Manager
446,peSIQrai,"RJXSLCfM St, DtdRffRZPS, BLR 112301",68260.73,26-11-2021,25-08-1998,25,Male,2,6485.927,16110.19662,10124.51119,80732.34242,None,Married,2,4,Sales,Sales Representative
447,YqZqYLTk,"PnnTBDNj St, wclsWADiOX, PUN 668697",50964.49,09-10-2022,25-07-1995,28,Other,3,4952.551,12028.11564,7559.112677,60386.04397,Both,Married,1,7,IT,QA Engineer II
448,rqOBPpbU,"DroqODLI St, hpnzBjADSG, AMD 429417",137203.89,23-07-2010,22-07-1973,50,Other,1,10191.611,32381.45336,20350.2412,159426.7132,Both,Widowed,13,29,Finance,National Account Head
449,QUqiaNxd,"qwmoMlwf St, ubOFfvsHAq, PUN 793836",99613.94,14-09-2022,22-08-1977,46,Other,1,5420.606,23509.85932,14774.85592,113769.5494,None,Divorced,1,25,Human Resources,Senior HR
450,yuSgPQGj,"IQeyJXOL St, APABETpXAH, HYD 331398",18353.89,01-03-2023,23-05-2001,23,Female,0,7399.611,4331.696667,2722.2704,27362.92727,Medical,Single,1,2,Human Resources,HR Intern
451,yIFksFMP,"iVFgoHRz St, MZPFCTZMIL, AMD 379796",149387.17,13-12-1987,23-07-1965,58,Other,1,4026.283,35256.82601,22157.27952,166512.9995,Medical,Married,36,37,Human Resources,HR Director
452,sUYKstLk,"otQprJII St, SPaObkmMhw, PUN 513151",112152.94,18-05-2022,10-12-1965,58,Other,4,10971.706,26469.18535,16634.65504,132959.1763,None,Married,2,37,Finance,National Account Head
453,kViLsofa,"bZQHXkqo St, uVCadtDWcm, KOL 417964",146250.15,23-12-1996,05-02-1973,51,Female,3,7778.985,34516.45876,21691.99305,166853.6007,Medical,Married,27,30,Finance,National Account Head
454,RcVZmZiE,"bYJujznQ St, pLRtxSnukB, CHN 167951",128950.24,24-06-1999,22-06-1977,47,Male,2,7614.976,30433.51163,19126.0502,147872.6774,None,Married,25,26,Marketing,National Marketing Manager
455,luspmOgP,"EXCtFYkP St, CEnYplUcEl, HYD 694124",48879.86,20-09-2024,25-04-1999,25,Female,1,6015.014,11536.12268,7249.917921,59181.07876,None,Married,-1,4,Human Resources,HR Executive
456,apSANibY,"pfmGxTjc St, URWTvIQIGE, BLR 969367",75407.34,02-11-2015,16-10-1987,36,Male,3,8025.266,17796.86613,11184.50474,90044.9674,None,Married,8,15,IT,Software Engineer III
457,VVPSmRiQ,"UsWKrLXl St, tvJYdTwedB, MUB 415451",149892.98,19-10-2003,14-02-1977,47,Male,4,8319.702,35376.20209,22232.30185,171356.5822,Medical,Married,20,26,IT,IT Manager
458,rGIgCyyc,"rOLGzKAh St, nUoYqjOeYh, PUN 533616",105085.71,11-08-2012,20-11-1991,32,Female,2,13312.429,24801.25029,15586.43524,127612.9541,Life,Married,11,11,Marketing,Senior Marketing Executive
459,LBtIXUQW,"olqnfGpj St, XjJivLkhWs, BLR 307099",65939.44,22-03-2020,21-10-1998,25,Female,0,8994.056,15562.34959,9780.21475,80715.63084,Both,Single,4,4,Finance,Account Associate
460,jfMjpYjD,"iYyroSgF St, cchxWqPgDC, AMD 265842",125284.21,15-04-2011,08-01-1971,53,Female,1,8576.579,29568.29287,18582.30034,144846.7815,Life,Married,13,32,Sales,National Sales Manager
461,TYOMvBvV,"CxCHeZjG St, BoGYJnHufU, AMD 365007",115298.73,16-10-2018,24-03-1964,60,Female,3,11519.127,27211.62241,17101.24229,136928.2371,Medical,Married,5,39,Sales,National Sales Manager
462,pfDsztgc,"dzEVXZfF St, igPYprVVMq, BLR 814541",104395.57,14-03-2010,21-01-1986,38,Male,1,11375.443,24638.37054,15484.07286,124925.3107,Medical,Divorced,14,17,IT,Software Engineer III
463,TUBDvsdZ,"rcoepbdU St, jPGHldCcdh, KOL 211644",90643.5,01-05-2010,28-09-1981,42,Other,2,4525.65,21392.74818,13444.34978,103117.5484,None,Divorced,14,21,Finance,Senior Account Executive
464,oJCAQlCs,"gYnCNuWd St, KmZkmRLgAW, CHN 926416",64887.9,05-03-2021,27-01-1997,27,Other,0,6777.21,15314.17591,9624.249109,77355.0368,Life,Single,3,6,Finance,Account Associate
465,QUFkMfcc,"gIHEcYUm St, FJIhHhllwA, AMD 132778",140030.14,28-02-2008,06-05-1973,51,Male,3,7285.986,33048.47586,20769.4339,159595.168,Medical,Married,16,30,Sales,Sales Director
466,HWBXkgbz,"RApvdPmt St, YoWemPsWkM, PUN 808650",62574.33,10-05-2024,07-05-1998,26,Female,3,9389.567,14768.15088,9281.097705,77450.95017,None,Married,0,5,Human Resources,HR Executive
467,BylMrwjw,"KFUNItTY St, rOKbIWgsxp, HYD 713803",132487.02,12-09-2016,03-09-1970,53,Male,4,11638.298,31268.22613,19650.62954,155742.9146,Both,Married,7,32,Marketing,Marketing Director
468,HhIKJZzD,"ejTXpMQn St, jZZnCReaDD, KOL 463251",63621.05,06-10-2023,26-10-1995,28,Other,4,9991.895,15015.18698,9436.348438,79191.78355,Life,Married,0,7,IT,QA Engineer II
469,arEzPiSk,"wBpZGoXA St, IvereAdMlo, MUB 447660",62229.49,24-04-2020,06-06-1994,30,Other,4,7776.051,14686.76528,9229.950634,75462.35565,None,Married,4,9,Sales,Sales Representative
470,xGYYjnWg,"QMXSuJOj St, wwArGwSlzo, HYD 778579",77003.39,03-07-2016,10-02-1984,40,Male,3,8062.661,18173.54946,11421.23274,91818.36773,Medical,Divorced,8,19,Sales,Senior Executive
471,BazeoeZF,"VXmgKHso St, kPcLIdahRm, CHN 926493",17995.9,10-05-2022,01-01-2001,23,Male,0,7305.41,4247.207543,2669.172905,26879.34464,Both,Single,2,2,Human Resources,HR Intern
472,XqXAmfOx,"gTaJSaaW St, QWCMKsQKlt, CHN 275272",78798.05,20-06-2018,02-10-1988,35,Female,1,8684.195,18597.10669,11687.4188,94391.93289,None,Divorced,6,14,Marketing,Senior Marketing Executive
473,BjZZtwbN,"PGihUSkb St, SvYqmwTKUx, CHN 167276",110248.44,19-11-2002,16-07-1977,47,Male,1,8573.156,26019.70482,16352.17738,128489.1234,None,Widowed,21,26,Sales,National Sales Manager
474,EzdjRdvA,"glwIjKzd St, AngJvqTMUV, CHN 322254",89620.52,13-03-2022,16-12-1986,37,Other,2,7229.948,21151.31494,13292.62019,104709.1627,Both,Divorced,2,16,Sales,Senior Executive
475,DKtRYjFZ,"plKrBoQh St, sUkcMDaLcr, CHN 928003",47458.5,19-03-2023,14-04-1998,26,Female,4,7820.15,11200.66788,7039.100146,59440.21774,None,Married,1,5,IT,Software Engineer II
476,twdIaaGc,"wpeUPCKQ St, FAzVRLVKZk, CHN 557472",141549.23,11-08-2012,16-06-1975,49,Female,3,9391.077,33406.99589,20994.74711,163352.5558,Both,Married,11,28,Marketing,National Marketing Manager
477,xIdbVkyj,"xadrHUUz St, ArCQVEqGXw, MUB 695763",148337.96,04-04-2002,02-01-1974,50,Other,2,7246.204,35009.20224,22001.65947,168591.7068,Both,Married,22,29,Finance,National Account Head
478,GBvuAPLH,"GXCIbQJY St, SVrSBpWgTA, CHN 444357",98701.31,04-07-2009,16-08-1982,41,Female,4,5130.869,23294.46976,14639.49357,112487.1552,Both,Married,15,20,Human Resources,Senior HR
479,jyXfPvVT,"JakIKsQk St, gQuvoxtVYW, AMD 785552",141669,10-10-2012,27-05-1974,50,Male,2,10086.1,33435.26277,21012.51153,164177.8512,Medical,Divorced,11,29,Sales,Sales Director
480,DPwBVQYx,"hSULCTAW St, udtIUKWpAR, KOL 546628",122902.9,01-09-2008,21-05-1969,55,Female,1,5933.71,29006.28054,18229.10166,139613.7889,None,Widowed,15,34,Finance,National Account Head
481,kBJfgGhv,"CyIGgKWN St, fpjQunrbBB, AMD 473811",127919.94,06-04-2020,26-04-1970,54,Male,1,9800.006,30190.3508,18973.2349,148937.0619,Both,Widowed,4,33,Sales,National Sales Manager
482,AimzhGeu,"xBhWdZpj St, VneKmlCbnI, MUB 413622",112101.82,24-10-2010,03-11-1966,57,Male,3,12645.818,26457.12054,16627.07286,134577.6857,Both,Married,13,36,Finance,National Account Head
483,ZtjaFjPy,"cPCZYJRz St, yHiWAAqnlS, AMD 763725",94264.11,26-03-2013,08-03-1990,34,Female,2,4064.589,22247.24737,13981.36288,106594.5835,Medical,Divorced,11,13,Human Resources,Senior HR
484,VbHvHihd,"bvJfYhuI St, fJRDDXXFiK, AMD 394637",47177.19,13-09-2016,15-07-1995,29,Other,0,7914.281,11134.27599,6997.375918,59228.37107,Life,Single,7,8,IT,QA Engineer II
485,ajuZsbbQ,"auwSaZAJ St, PtqEDHdfhv, DEL 886526",134797.95,11-11-1992,24-12-1969,54,Female,3,8651.205,31813.6281,19993.38937,155269.3937,None,Divorced,31,33,IT,Technical Lead
486,OzYvNSOR,"WAXVMlqM St, otBHazGhqe, KOL 705755",56113.9,06-01-2021,25-09-1997,26,Female,0,5319.61,13243.42652,8322.879182,66354.05734,Both,Single,3,5,Human Resources,HR Associate
487,qoesbeVJ,"iaMPdEtB St, ZeKptlrdZv, AMD 598335",55147.01,05-03-2019,05-08-1998,25,Female,0,5806.299,13015.23107,8179.468928,65789.07114,Life,Single,5,4,Finance,Account Executive
488,WJEInFmB,"yFupVxYW St, gmsasgEKzq, MUB 955329",102978.27,18-05-2013,15-10-1986,37,Female,1,10120.173,24303.87394,15273.85727,122128.4597,Both,Divorced,11,16,Human Resources,Senior HR
489,WsPMhrZx,"aQFVNOCK St, VvIoZkJXDX, BLR 496308",22938.47,26-01-2024,21-04-2002,22,Male,0,5193.153,5413.702165,3402.26066,30143.06451,Both,Single,0,1,Finance,Account Representative
490,pFepbXzT,"FQjqOaGc St, DAPfIIxHum, BLR 426895",77142.22,27-04-2010,03-07-1980,44,Female,1,6988.778,18206.3147,11441.82416,90895.48853,Life,Married,14,23,Finance,Senior Account Executive
491,eVFzURNk,"dlIpwFSM St, FWQkiGFsNC, BLR 114825",103435.68,04-04-2000,28-08-1978,45,Male,,7701.432,24411.82715,15341.70086,120207.2383,Life,,24,24,Marketing,Senior Marketing Executive
492,qhwoKGjK,"PODXLZRb St, AkpqKeMJAk, DEL 345277",108328.87,21-03-2018,07-07-1988,36,Other,4,8010.113,25566.66762,16067.46451,125838.1861,None,Married,6,15,IT,QA Lead
493,KZKSDuYi,"YHJZVhYe St, QEkcLIwimY, PUN 735970",121910.96,14-02-2010,23-09-1968,55,Male,1,9573.904,28772.17304,18081.97596,142175.0611,None,Widowed,14,34,Human Resources,Recruitment Manager
494,XbSWAyZg,"HMflpWTT St, KFIJcVlVaT, CHN 942680",49989.08,26-02-2020,15-04-1999,25,Other,3,5044.092,11797.90939,7414.438727,59416.64266,None,Married,4,4,Marketing,Marketing Representative
495,bVueKYAZ,"AZuWQpiX St, NcSoBxrmPI, PUN 876724",149817.64,14-06-1999,03-04-1977,47,Male,1,5854.236,35358.42112,22221.12733,168809.1698,Life,Widowed,25,26,Marketing,National Marketing Manager
496,XbURVWSI,"rVKbrtqU St, lPlVGwTUSM, BLR 778563",92404.68,11-08-2020,22-01-1987,37,Other,2,7385.532,21808.4038,13705.57006,107893.0457,Life,Married,3,16,Sales,Senior Executive
497,FUoiMwIm,"AUbZDTPJ St, LvkAOsJvia, AMD 778581",94618.72,09-08-2013,05-06-1984,40,Female,4,5107.128,22330.93878,14033.95905,108022.8277,Life,Married,10,19,Finance,Regional Account Head
498,hTRjgpZd,"KwVaNfnw St, meUEwACmDe, BLR 113604",44321.05,01-07-2024,11-03-2001,23,Female,0,7784.895,10460.19915,6573.749898,55992.39425,Both,Single,0,2,Human Resources,HR Intern
499,RNfxWVTa,"tDgLGVSu St, vczRVBeLVK, CHN 443262",133556.97,22-10-2012,09-08-1967,56,Female,3,9803.303,31520.74474,19809.32577,155071.692,Medical,Married,11,35,IT,IT Manager
500,BbBnpjXp,"GGWjNKKY St, tkPUNUiKny, KOL 623479",81407.24,23-06-2017,27-10-1991,32,Male,4,6220.276,19212.90092,12074.41691,94766.00001,Life,Married,7,11,Finance,Senior Account Executive
501,amoABVpt,"HsNeIFce St, MmyIzRZCWI, DEL 162157",120590.3,17-11-2007,13-05-1965,59,Other,1,8015.97,28460.48443,17886.09413,139180.6603,Life,Widowed,16,38,Sales,National Sales Manager
502,PdddWJcL,"JFzLpjrN St, VEgtstFkIp, BLR 506620",139743.73,02-09-2014,05-05-1968,56,Male,2,6532.627,32980.88032,20726.95324,158530.2841,Medical,Widowed,9,35,Sales,National Sales Manager
503,YXuYFuYA,"eetsaJWb St, trcugGcznj, CHN 841277",42636.86,20-07-2023,16-11-2002,21,Female,0,5998.314,10062.71392,6323.94887,52373.93905,Both,Single,0,0,Finance,Accounts Intern
504,wCGReLuJ,"JVmNhnJf St, mJDjavvdIA, KOL 172403",141005.52,10-11-2006,07-07-1965,59,Male,3,4888.448,33278.67504,20914.1034,158258.5396,None,Divorced,17,38,Marketing,National Marketing Manager
505,ShEcQUgG,"YzvuVFzJ St, kYcKXYyDVc, DEL 989355",109109.75,22-02-2019,23-08-1984,39,Other,2,9265.025,25750.9629,16183.28555,127942.4523,Both,Divorced,5,18,Human Resources,Senior HR
506,QjOVUeDo,"EbssCgMl St, dFjMCEPgmW, CHN 767917",43553.18,01-02-2021,18-09-2000,23,Male,0,7103.682,10278.97436,6459.858523,54475.97783,Life,Single,3,2,Human Resources,HR Representative
507,XTUEjixV,"cUnuoiwa St, RXcmwgofcZ, PUN 781152",26475.19,01-08-2023,23-09-2001,22,Male,0,6214.481,6248.402506,3926.831101,35011.24241,None,Single,0,1,Marketing,Marketing Intern
508,vbBoHMWY,"IZZrBgaR St, eobBnZzBda, AMD 785171",71351.62,16-11-2024,15-05-1994,30,Other,4,9029.838,16839.67674,10582.95561,86638.17913,Medical,Married,-1,9,IT,Software Engineer II
509,MQLNMJEz,"AmrxozWo St, IEJeqHQJJk, DEL 389180",78127.03,01-10-2013,03-11-1977,46,Male,2,8737.297,18438.73944,11587.89233,93715.17411,None,Widowed,10,25,Marketing,Senior Marketing Executive
510,YeyWWaLh,"nNrTXVOD St, PlGzNCUqUw, KOL 448447",81900.97,05-07-2014,11-03-1986,38,Female,3,9788.903,19329.42601,12147.64752,98871.65149,Medical,Married,10,17,IT,QA Lead
511,UpYDNmeC,"wSwJbuPz St, wzaKbwaMwx, AMD 549424",82813.61,17-01-2012,17-11-1984,39,Other,2,5516.639,19544.81793,12283.01135,95592.05558,None,Married,12,18,Human Resources,ERP Head
512,rMwkhThJ,"hEfDtsdd St, OuzfdOLCjp, CHN 939062",71894.53,27-11-2018,07-09-1994,29,Other,4,8867.547,16967.80878,10663.48065,87066.40513,Medical,Married,5,8,Marketing,Marketing Associate
513,LDGkSPNu,"SStsAAAh St, GrCFYsuwOF, KOL 830968",115837.42,10-11-2007,25-08-1969,54,Other,1,8327.258,27338.75849,17181.14142,134322.2951,Medical,Divorced,16,33,IT,IT Manager
514,ZcyMmEko,"TbxCDOJl St, ussXzrhZne, AMD 821549",133101.88,24-07-1993,14-01-1972,52,Other,1,4935.812,31413.33908,19741.82629,149709.2048,Both,Married,30,31,Finance,National Account Head
515,YTYQQDEQ,"RhhvOUZB St, DIfvETGbDa, BLR 618022",145287.14,04-12-1995,21-07-1971,52,Male,3,3593.286,34289.17903,21549.15828,161620.4467,None,Married,28,31,Sales,National Sales Manager
516,HHSqvGvl,"ZkImNnXY St, GIaiWlnBHR, KOL 932176",61517.53,19-01-2024,18-06-1995,29,Other,1,7765.247,14518.73579,9124.351895,74677.1609,None,Married,0,8,Sales,Sales Executive
517,kxrayTgw,"XWxgaHHS St, kCNlVXeYWU, PUN 502426",109083.76,26-12-2001,07-08-1979,44,Male,1,8072.624,25744.829,16179.43068,126721.7823,None,Married,22,23,Human Resources,Senior HR
518,pALyUvmV,"GTFqOglQ St, pvPtxfbBdF, HYD 578252",96189.78,01-09-2008,14-07-1985,39,Male,1,7056.022,22701.72423,14266.98051,111680.5457,Medical,Married,15,18,IT,Software Engineer III
519,FVmxLDDn,"rNWFTbMr St, rQWwSkTbnP, PUN 578437",112217.39,24-06-2022,09-02-1976,48,Female,2,12070.261,26484.39618,16644.21434,134127.8328,Medical,Married,2,27,Human Resources,HR Director
520,tcODQnqR,"oHUxXJaY St, uDIBTsebfJ, MUB 284883",118202.92,22-09-1992,08-12-1969,54,Female,1,10111.708,27897.03951,17531.99514,138679.6724,Life,Married,31,33,Marketing,Marketing Director
521,kEUyWDLV,"aeBPbIAH St, hAOGHNpPTc, CHN 199504",99674.85,08-04-2016,28-09-1984,39,Female,1,4863.515,23524.23467,14783.89016,113278.7095,Life,Divorced,8,18,Finance,Senior Account Executive
522,ghSGdoOD,"tWghOeDo St, SVoAmGLknu, CHN 818005",62661.5,26-06-2018,18-09-1992,31,Male,3,11466.85,14788.72384,9294.026861,79623.04698,None,Married,6,10,IT,Software Engineer II
523,STTvSAzp,"jGFaKqsS St, dQrkUbXOrC, AMD 716684",132705.13,05-08-2013,05-05-1968,56,Other,3,9369.487,31319.70221,19682.97987,153711.3393,Life,Married,10,35,Sales,Sales Director
524,WYqRvYZh,"OSCqxlSg St, SzEHiNfnQo, BLR 213297",97352.34,12-08-2017,24-11-1981,42,Male,4,5770.766,22976.09971,14439.41276,111659.7929,Life,Married,6,21,Marketing,Senior Marketing Executive
525,sCMcvVog,"YKrVuyFA St, ipcJzfYOUr, CHN 663476",65633.17,12-03-2024,03-06-1993,31,Male,2,8476.683,15490.06689,9734.788426,79865.13146,Life,Divorced,0,10,IT,QA Engineer II
526,RizvRFBF,"ixBzPIKg St, WnmpcVKYNJ, HYD 897484",76694.18,15-01-2022,28-06-1987,37,Other,3,5731.582,18100.5729,11375.37035,89150.96455,Life,Divorced,2,16,Marketing,Regional Marketing Manager
527,VpmFiZyw,"LovsgLGr St, qtVEAhkkCY, PUN 356710",91477.11,16-09-2013,20-12-1984,39,Other,2,6875.289,21589.48825,13567.99179,106373.8955,Medical,Married,10,18,IT,QA Lead
528,wwIrqPMg,"qbcnmRgA St, uFGzgneaJG, CHN 454004",147390.63,03-03-1992,09-01-1964,60,Female,1,5067.937,34785.62314,21861.15038,165383.0398,None,Widowed,32,39,Finance,Account Director
529,wKqTTwsj,"HWPpclgW St, JMIXRbOZpb, KOL 150450",146136.89,01-02-2011,18-11-1974,49,Other,2,7588.311,34489.7283,21675.1942,166539.7351,None,Widowed,13,28,Sales,Sales Director
530,oPzrEYWR,"HZnSvMtv St, NppMARoKXq, KOL 166281",17318.92,04-08-2020,25-10-1999,24,Other,1,6060.108,4087.433674,2568.762441,24897.69923,None,Married,3,3,Finance,Accounts Intern
531,mwLxTDYa,"qhwIspfb St, kRflbxtqks, BLR 793961",36699.51,05-09-2023,01-09-1999,24,Female,0,7262.049,8661.441533,5443.314184,47179.68635,Both,Single,0,3,Human Resources,HR Intern
532,PVTQbbPn,"bwZxoWqH St, eWgKVqwvqH, AMD 321631",137437.61,05-04-2021,18-05-1968,56,Male,2,5592.239,32436.61355,20384.90683,155081.5557,Both,Married,3,35,Finance,Account Director
533,vqqobmGE,"felMDoXj St, acsyQAAEPP, CHN 287167",58225.76,13-10-2020,20-08-1995,28,Other,1,5611.424,13741.84603,8636.112724,68942.91731,None,Married,3,7,Sales,Sales Executive
534,MqGTTJls,"NWJKCVqz St, TyGOtjANMn, HYD 713590",118662.32,20-11-2011,20-03-1964,60,Male,1,7158.768,28005.46238,17600.13389,136226.4165,Both,Married,12,39,IT,IT Manager
535,kgFqYsbt,"htHjmlGz St, JpLDrAjuSi, HYD 611883",75245.05,19-10-2022,17-03-1990,34,Female,2,10409.495,17758.56411,11160.43369,92252.67542,Both,Married,1,13,Finance,Senior Account Executive
536,IlXXMMXK,"ysEjGNae St, jsqLsdYEeF, DEL 869864",85737.32,20-12-2014,11-01-1992,32,Other,4,7245.268,20234.84195,12716.65943,100500.7705,Both,Married,9,11,IT,Software Engineer III
537,MAICPYto,"kUbcaOfT St, cZjQvAUWeY, KOL 662953",116977.94,10-04-2020,10-05-1973,51,Female,3,13300.206,27607.93231,17350.30468,140535.7736,Medical,Married,4,30,Sales,National Sales Manager
538,Ezzacsmn,"jBIJUOwg St, yLaYorfLpW, PUN 686629",93989.39,22-01-2013,27-07-1977,46,Other,1,6577.061,22182.41078,13940.61609,108808.2457,None,Widowed,11,25,IT,Software Engineer III
539,YkqVxgHi,"ZEWSOMtr St, DElIbxVEZA, CHN 379857",119796.03,07-11-2012,16-12-1974,49,Male,3,9805.397,28273.02898,17768.28708,140106.1689,Medical,Married,11,28,Finance,Account Director
540,mECbTLTE,"SvITGOSx St, JBUkFvTeln, KOL 567791",141136.74,28-10-2022,18-11-1972,51,Female,1,6862.326,33309.64423,20933.56611,160375.1441,Life,Married,1,30,Marketing,National Marketing Manager
541,GlbxvuJB,"UuaIZcki St, BWrTubaZtW, KOL 765052",110138.7,23-11-1986,06-01-1965,59,Male,3,9177.13,25993.80511,16335.90061,128973.7345,Medical,Divorced,37,38,Finance,Account Director
542,GbEMkeOr,"ghhjXBRX St, CXLeyVPzeI, PUN 162398",126205.67,12-03-2005,07-07-1976,48,Male,1,7897.433,29785.7664,18718.97237,145169.897,Life,Divorced,19,27,Human Resources,Recruitment Manager
543,NQtBoZoF,"pvBtjHIF St, YNwvWxObQE, CHN 853844",118122.37,14-01-2019,08-09-1972,51,Other,2,12110.763,27878.02893,17520.04787,140591.1141,Both,Divorced,5,30,Sales,Sales Director
544,CGbWEqUn,"nfuRBrwY St, LFYsNSAFGD, CHN 357854",79896.94,01-04-2023,07-11-1983,40,Male,4,7025.306,18856.45543,11850.40745,93928.29397,Life,Married,1,19,Marketing,Senior Marketing Executive
545,ESLJKGPE,"QUmQvbQx St, CZTMAnAcFn, KOL 813358",105349.37,24-12-2011,13-09-1983,40,Other,3,9778.063,24863.47662,15625.54159,124365.368,Both,Divorced,12,19,IT,Software Engineer III
546,HtcHRDvw,"MqDbEOjB St, PocULBjGsy, PUN 951456",107215.77,02-05-2016,14-08-1985,38,Female,3,13090.423,25303.96518,15902.36822,129707.79,Medical,Divorced,8,17,IT,QA Lead
547,sKcXJFop,"dFxwdhtY St, fwoauAvaRb, CHN 602553",84545.32,23-06-2023,08-10-1977,46,Other,2,7659.468,19953.51835,12539.8606,99618.44574,Both,Widowed,1,25,IT,QA Lead
548,FjScPQYP,"qQDIEFFZ St, EpvhRsCZmg, PUN 860038",93042.21,28-03-2008,27-08-1979,44,Other,4,6126.779,21958.86708,13800.12925,107327.7268,Medical,Married,16,23,Human Resources,Senior HR
549,kiTGcEhH,"DkseJvjK St, eQmZMhmaiT, CHN 137316",78929.85,08-10-2008,25-08-1985,38,Female,1,7687.015,18628.21277,11706.96753,93538.11024,None,Married,15,17,IT,Software Engineer III
550,VNmgosuh,"VEsfNNCk St, ZUEhGmQxXX, DEL 808938",136990.06,28-02-2020,04-01-1966,58,Female,2,10553.994,32330.9874,20318.52569,159556.5157,None,Widowed,4,37,Finance,National Account Head
551,gifeXUoY,"XIhHswWy St, nYZTHuUkYf, CHN 271761",34851.3,23-08-2023,20-10-2001,22,Male,0,7445.87,8225.245985,5169.185518,45353.23047,Medical,Single,0,1,Finance,Account Representative
552,DQctwATO,"klYYFNbG St, pUgIoBCGSP, PUN 814374",54901,05-02-2022,26-03-1999,25,Other,3,4603.9,12957.17032,8142.980438,64319.08988,Life,Married,2,4,Marketing,Marketing Representative
553,GVZDFYdI,"QqIDNDMf St, awxPRWazRT, AMD 191574",95356.76,10-01-2017,28-03-1984,40,Other,4,4460.324,22505.12341,14143.42601,108178.7814,None,Married,7,19,IT,QA Lead
554,VmVrCkeT,"RTNGReUo St, uqdLxrCgTx, PUN 431974",73993.79,19-01-2020,04-10-1993,30,Female,1,8047.621,17463.25457,10974.84535,88529.82023,Life,Married,4,9,Finance,Account Associate
555,APnFDbOz,"HKodTOhw St, GCSxuMbXqG, KOL 303505",93315.94,18-01-2022,26-04-1990,34,Female,1,6649.406,22023.47002,13840.7292,108148.0868,Medical,Married,2,13,IT,QA Lead
556,GmnVOVvt,"ixwPfKtD St, AMHXmAAGXO, CHN 135564",144045.82,01-10-2010,09-07-1976,48,Male,1,8107.418,33996.21543,21365.04425,164784.4092,Both,Married,13,27,Sales,National Sales Manager
557,EFNvnfQt,"tNdQHhrX St, avggeGSekT, DEL 733483",149602.08,05-10-2008,01-04-1970,54,Male,3,3573.792,35307.54686,22189.15522,166294.2636,Both,Divorced,15,33,IT,Technical Lead
558,MBQjdOhO,"QeyQjYyt St, tLQSUrGViU, PUN 138844",103638.19,08-03-2010,22-10-1989,34,Female,3,9534.181,24459.62148,15371.73738,122260.2551,Medical,Married,14,13,IT,QA Lead
559,NmJBlysm,"eHhftjjK St, nKWdCschPn, AMD 511565",53483.12,13-11-2017,17-02-1994,30,Other,4,6841.688,12622.53684,7932.67882,65014.66602,Life,Married,6,9,Sales,Sales Representative
560,MyITtOPS,"gvCCIKmC St, KyMozWEvVV, BLR 891078",147494.59,26-06-2000,12-07-1970,54,Other,2,9276.541,34810.15871,21876.56985,169704.7199,None,Married,24,33,Marketing,Marketing Director
561,sSGcjgax,"ChiFAriF St, AvjWLnegkP, DEL 269732",53044.44,15-02-2024,23-06-1996,28,Female,3,6721.556,12519.00409,7867.613291,64417.3868,Medical,Married,0,7,Sales,Sales Representative
562,LRmKDfXL,"puqcERPR St, stcciUFzse, AMD 599338",101624.42,14-12-2018,05-01-1986,38,Female,4,10057.558,23984.35217,15073.05266,120593.2775,None,Married,5,17,IT,QA Lead
563,HzLJnCCw,"myRpSXwU St, DaowJsIKMC, MUB 461684",120528.79,08-04-2002,05-03-1967,57,Other,3,6511.121,28445.96747,17876.9709,137608.9076,Life,Married,22,36,IT,Technical Lead
564,hZsYZoGD,"yKgkeSuQ St, UOwCFpwuGo, DEL 159930",117028.36,04-12-2001,08-05-1972,52,Female,4,9157.164,27619.83192,17357.78303,136447.5729,None,Married,22,31,IT,Technical Lead
565,bcPCXZew,"zNNOzcVg St, rZVrnEYSWb, PUN 688126",84954.93,09-03-2022,25-03-1985,39,Female,3,8786.507,20050.19029,12600.61444,101191.0129,Both,Divorced,2,18,Sales,Senior Executive
566,aMdFmlqx,"EpBRMOLl St, ADFqGkOnDV, DEL 813792",67311.12,07-03-2019,12-01-1998,26,Male,4,7800.888,15886.07942,9983.66393,81014.42349,Both,Married,5,5,Sales,Sales Representative
567,owEyfPuW,"lnKfbEZf St, bbiyseaUJE, PUN 974611",117457.05,02-08-2007,15-03-1968,56,Male,1,13025.295,27721.00693,17421.36683,140781.9851,Both,Married,16,35,Sales,Sales Director
568,jtxYQyNO,"dedlBRWB St, RahVEhGBls, AMD 936843",34008.76,05-07-2023,20-03-2000,24,Male,2,8055.124,8026.398345,5044.219001,45046.06334,None,Married,1,3,Human Resources,HR Representative
569,lLvMcRkN,"fjmpAqDT St, rbtPJWNdfT, DEL 624130",123305.48,16-06-2003,03-12-1969,54,Female,2,9430.452,29101.29333,18288.8128,143548.4125,None,Married,21,33,IT,IT Manager
570,ranpcHiy,"foiqbDDR St, kVYJsuIOgc, CHN 815669",147039.97,21-04-2023,10-04-1976,48,Female,1,5580.003,34702.86397,21809.14008,165513.6969,Life,Divorced,1,27,Human Resources,HR Director
571,ASuuSroa,"ViAbOzaZ St, mRXRHnqqeA, PUN 740099",79886.43,02-01-2017,12-01-1987,37,Other,2,5954.357,18853.97496,11848.8486,92845.91337,Life,Divorced,7,16,Marketing,Senior Marketing Executive
572,elnTFdBL,"mxOuZVzH St, ytNVjRUMhE, MUB 991597",85847.89,14-02-2012,15-01-1981,43,Other,1,9020.211,20260.93754,12733.05931,102395.9792,Medical,Divorced,12,22,IT,Software Engineer III
573,GQjiWfBk,"eRbfaqYo St, rhFCNmugVh, MUB 769302",130207.04,23-04-2008,01-03-1972,52,Other,1,9695.296,30730.12866,19312.46024,151320.0044,Both,Married,16,31,Finance,National Account Head
574,CnkiQpFM,"GnYWyEZw St, KZbFVLbAIp, PUN 937519",126743.12,05-07-2000,03-08-1970,53,Male,1,10267.688,29912.60983,18798.68758,148124.7303,Life,Married,24,32,Human Resources,Recruitment Manager
575,YOgaGvUW,"RTBvSLPv St, JVEaSHbkHO, BLR 228929",114314.05,26-11-1997,03-02-1964,60,Other,3,11082.595,26979.22835,16955.1934,135420.6799,Both,Divorced,26,39,IT,IT Manager
576,MkVfTQOd,"zDIloQpZ St, GnGENPAguT, BLR 483553",44785.81,16-07-2020,10-12-1999,24,Other,0,6882.419,10569.88703,6642.683644,55595.43239,None,Single,4,3,Sales,Business Development Representative
577,TnJczsDk,"aMaJhDPf St, hBezHqucsa, CHN 348827",131917.01,22-10-2006,11-02-1968,56,Male,4,7700.299,31133.69822,19566.08499,151184.9222,Life,Married,17,35,Sales,Sales Director
578,KOtRnuua,"ImzgBWAg St, vrJUnTvZSe, DEL 147244",73325.46,16-09-2022,18-05-1993,31,Male,2,9203.454,17305.52219,10875.71786,88958.71833,Life,Married,1,10,Sales,Sales Representative
579,lhCMgEKo,"cpXsRgxP St, IwlJHkKfct, CHN 140970",53559.19,10-12-2022,24-04-1998,26,Male,3,6562.081,12640.4901,7943.961612,64817.79949,None,Married,1,5,Human Resources,HR Executive
580,DJkmOzEJ,"TilcAzJv St, kqRcvpmiux, BLR 781165",42379.59,01-07-2024,01-04-2002,22,Male,0,6595.041,10001.99569,6285.790283,52690.83641,Both,Single,0,1,Marketing,Marketing Development Representative
581,aOWuTmoo,"VnCllxgT St, JRzUymLTnm, KOL 189299",98915.68,10-11-2003,24-04-1982,42,Female,2,7636.432,23345.06316,14671.28918,115225.886,None,Married,20,21,Finance,Regional Account Head
582,JHYaSmGO,"emQlaTFZ St, naFVJFLUbk, BLR 649619",82142.86,21-08-2021,13-06-1992,32,Male,1,4914.714,19386.5144,12183.52493,94260.56348,None,Divorced,2,11,IT,QA Lead
583,jNLdaRNB,"SMKaOqSM St, wqsbNTVnyn, KOL 174121",79505.23,05-06-2019,01-05-1992,32,Other,1,9218.477,18764.00805,11792.30857,95695.40649,Life,Married,5,11,Sales,Senior Executive
584,TqPABYbF,"YAbXmqOA St, uQeJkdQzYe, BLR 627164",148600.39,17-05-2011,06-11-1975,48,Other,2,4194.961,35071.13827,22040.58339,165825.9059,None,Married,13,27,IT,IT Manager
585,nbLcWSfY,"IbdeFHLo St, cKOWVtXZhQ, CHN 999439",95282.63,12-11-2017,16-10-1991,32,Other,2,5002.737,22487.628,14132.43096,108640.564,Life,Married,6,11,IT,QA Lead
586,oHrNZnoB,"fyToQuwI St, pWknmnCsGg, KOL 182497",88378.37,14-05-2022,04-07-1992,32,Female,3,5199.163,20858.15545,13108.38305,101327.3054,Both,Divorced,2,11,IT,QA Lead
587,FmuWNmIO,"GXSVDExq St, YjUKwShpxl, AMD 572454",90637.06,05-03-2010,12-07-1988,36,Other,4,7066.294,21391.22827,13443.39459,105651.1877,Both,Married,14,15,Sales,Regional Sales Manager
588,kmiUUlnE,"cgoazTpl St, fHrZSempXm, DEL 245834",59728.35,06-09-2023,06-06-1995,29,Male,3,4316.165,14096.4719,8858.978628,69282.00827,None,Married,0,8,Marketing,Marketing Associate
589,CiVZNTTs,"hAslgxRq St, twEacZUZnw, MUB 838134",87174.73,23-05-2021,23-03-1990,34,Male,3,6645.527,20574.0847,12929.85776,101464.4839,Both,Married,3,13,Marketing,Regional Marketing Manager
590,PetzdNWi,"DwPqsbhS St, rRVeBMwsPw, CHN 417337",19721.91,07-04-2022,04-07-2000,24,Other,0,5912.809,4654.562701,2925.176724,27364.10498,Both,Single,2,3,Human Resources,HR Intern
591,ySnwzBRf,"xPAWECdG St, IQRTDVRGmE, HYD 637994",114216.87,23-04-2002,27-11-1969,54,Female,3,11190.313,26956.29292,16940.77955,135422.6964,Life,Divorced,22,33,IT,Technical Lead
592,jDYMKToh,"nAmbvtzO St, BWBTOdIAyZ, DEL 837601",75658.94,09-04-2012,12-06-1989,35,Male,1,8208.106,17856.24618,11221.82234,90501.46984,Life,Married,12,14,Finance,Senior Account Executive
593,NzxcmYxJ,"upNIVvpv St, GlxPMXjIYW, AMD 193748",149928.12,20-07-2019,09-06-1977,47,Female,4,4161.188,35384.49547,22237.51386,167236.2896,Life,Married,4,26,Human Resources,Recruitment Manager
594,EVZncyBf,"UNdalrTm St, PFbxJnVXli, CHN 113374",51169.2,13-01-2023,06-10-1997,26,Female,0,7606.08,12076.4292,7589.475504,63262.23369,None,Single,1,5,Sales,Sales Executive
595,BgBuHfvM,"BMorMPcH St, RWMUoswepL, HYD 455193",30175.68,17-10-2023,22-07-2001,22,Other,0,8452.432,7121.754161,4475.692099,41274.17406,Life,Single,0,1,Marketing,Marketing Development Representative
596,vzEWSSNf,"zOGmqorE St, FEkElpsgop, CHN 338208",132089.15,15-08-2001,15-03-1967,57,Female,2,6087.085,31174.32494,19591.61699,149758.9429,Medical,Married,22,36,Human Resources,HR Director
597,bwgWPZeG,"qZYmbDIn St, eHvgQiQCdF, PUN 124688",104459.85,14-05-2013,17-03-1987,37,Other,3,9059.015,24653.54124,15493.60695,122678.7993,Life,Divorced,11,16,Finance,Senior Account Executive
598,iPiNMsTq,"rTWprLtP St, vIsuztAWHu, BLR 263468",105930.24,15-08-2015,26-03-1980,44,Other,2,7626.976,25000.56759,15711.69691,122846.0867,Life,Divorced,8,23,IT,QA Lead
599,qSgBwhHt,"XdexrLtr St, RMGLbHkZij, MUB 818183",108640.56,13-07-2008,28-01-1985,39,Male,1,8708.944,25640.22949,16113.69474,126876.0388,Medical,Married,16,18,Finance,Regional Account Head
600,IoDdRMcS,"TXKOBxls St, gxbfWOvYWT, BLR 353542",61115.42,24-06-2024,10-07-1999,25,Male,4,9275.458,14423.83392,9064.71047,75750.00145,Both,Married,0,4,IT,QA Engineer II
601,FzKlqmLh,"JWLyHaYo St, bovdSUdSKK, CHN 882584",93273.01,27-04-2014,11-02-1978,46,Female,2,6928.699,22013.33813,13834.36178,108380.6854,Both,Married,10,25,Marketing,Regional Marketing Manager
602,qiPsPIQs,"gTleNVRR St, bMGKOsfbmn, HYD 500061",50868.65,18-11-2019,19-11-1994,29,Female,1,5763.135,12005.49647,7544.897577,61092.3839,Both,Married,4,8,Marketing,Marketing Representative
603,qBLpDriO,"LFieiuuV St, byMkjOFfyY, PUN 735835",126707.64,27-07-1991,08-06-1964,60,Male,1,11122.236,29904.2362,18793.42514,148940.6871,Both,Widowed,32,39,Finance,Account Director
604,tZCveLii,"VZSLXXPh St, FAFGPWSMJF, HYD 478984",97902.19,12-12-2013,24-09-1989,34,Other,2,4148.781,23105.86966,14520.96716,110635.8735,Both,Married,10,13,Marketing,Senior Marketing Executive
605,NiMImRuV,"snFlWMiW St, WfEkhHDGQL, AMD 487181",134713.84,26-07-1995,10-08-1971,52,Female,1,8789.616,31793.77732,19980.91408,155316.3192,Life,Married,28,31,Finance,Account Director
606,LEsNXkgc,"KHLCdkHM St, kRzJzrmpMM, CHN 520814",83484.83,28-01-2022,28-04-1990,34,Other,1,6349.517,19703.23238,12382.56749,97155.0119,Both,Divorced,2,13,Finance,Regional Account Head
607,zCJBJmHE,"yZlnsKoo St, xtsDzwYCxV, DEL 820034",48686.66,12-06-2018,25-10-1997,26,Other,0,6547.334,11490.5256,7221.262272,59503.25732,Life,Single,6,5,Sales,Sales Executive
608,lvPlRKyi,"NiIWFCPy St, tcswXLuLfl, MUB 777409",132951.57,12-08-1996,10-09-1968,55,Male,1,9545.843,31377.86445,19719.53213,154155.7453,Medical,Married,27,34,Human Resources,HR Director
609,PVGVqSBF,"EDZdCmcd St, MugxsBTRFL, DEL 643262",21183.88,10-10-2023,11-11-1999,24,Male,4,6211.612,4999.601849,3142.017822,29253.07603,Both,Married,0,3,Marketing,Marketing Development Representative
610,zTvsSCcc,"favetkQK St, qymcwsrumi, KOL 205020",52147.36,20-11-2020,02-12-1995,28,Female,0,7555.264,12307.28448,7734.557337,64275.35114,None,Single,3,7,Marketing,Marketing Associate
611,LzgrIMyy,"KXUSkGgY St, mbSIMICfIs, AMD 443015",38004.27,22-05-2023,13-08-2002,21,Male,0,7204.573,8969.377591,5636.837711,48541.38288,Medical,Single,1,0,IT,QA Engineer I
612,DQzZzXLj,"WoEhCRGx St, xEDHYcgztw, KOL 860243",94908.59,24-06-2015,17-12-1987,36,Female,1,7937.141,22399.35092,14076.95291,111168.129,Both,Married,9,15,Marketing,Regional Marketing Manager
613,pspecmOP,"rPafFLyo St, BORfueXqYC, KOL 975060",147645.55,10-02-2011,23-09-1976,47,Other,3,5727.445,34845.78674,21898.96041,166319.8213,Both,Divorced,13,26,Marketing,National Marketing Manager
614,gedPOHif,"hnErJmPQ St, SxWugDoFJE, MUB 333729",62724.32,12-05-2020,10-04-1999,25,Female,0,6999.568,14803.54998,9303.344397,75224.09358,Medical,Single,4,4,IT,Software Engineer II
615,mGlkJHNC,"GBqonnoT St, dUVWqteBaY, HYD 606772",101851.73,06-11-2020,12-01-1983,41,Male,3,9137.827,24037.99954,15106.76754,119920.789,None,Married,3,20,Sales,Regional Sales Manager
616,qxXmXafO,"eUJVvxTh St, iVyUKdujvi, MUB 619544",147482.06,22-07-1996,17-06-1975,49,Male,4,8066.794,34807.20151,21874.71138,168481.3441,Life,Married,27,28,Marketing,National Marketing Manager
617,EsBhtQsG,"qeCmcxqH St, hgjcjPHnpK, MUB 413662",17009.55,15-04-2022,17-05-2001,23,Other,0,6997.045,4014.419343,2522.876321,25498.13802,Both,Single,2,2,Finance,Accounts Intern
618,zgqJWSin,"ZEmcIpxL St, HUhGVIXbBs, AMD 638737",61899.7,15-04-2018,27-12-1994,29,Female,4,8948.03,14608.93163,9181.035796,76275.62583,Both,Married,6,8,Marketing,Marketing Representative
619,aDBOalFZ,"DfHLToTp St, ueUVeXhmHG, DEL 849936",70431.36,25-07-2020,06-12-1996,27,Male,4,8820.864,16622.48642,10446.46157,85428.24885,Both,Married,3,6,Marketing,Marketing Representative
620,ZVXlZdat,"urjhiUTf St, hzlsahKmNk, HYD 740490",87089.85,28-07-2022,27-10-1988,35,Female,4,6992.015,20554.05219,12917.26826,101718.6489,None,Married,1,14,Sales,Regional Sales Manager
621,WxIArHRb,"YpOBHkvy St, prarfbknEG, BLR 792065",23392.53,20-04-2023,27-11-2002,21,Male,0,4764.747,5520.864745,3469.607369,30208.53438,Life,Single,1,0,Sales,Sales Development Representative
622,SBUNzckD,"AJFbRfIr St, qgFMEPbpSL, KOL 644994",139141.26,21-10-2011,21-07-1972,51,Other,1,7582.874,32838.69153,20637.59418,158925.2313,Both,Married,12,30,Marketing,National Marketing Manager
623,AyrKfdVO,"pNZamhle St, HPTTjOYkKo, KOL 205877",127596.4,14-05-2006,26-10-1969,54,Other,3,11077.36,30113.99221,18925.24707,149862.5051,Medical,Married,18,33,Sales,National Sales Manager
624,THvHNpjn,"dZHFFlAq St, XaPVnNhjLY, BLR 510498",122739.89,02-06-1996,08-09-1971,52,Female,2,9228.011,28967.80859,18204.92383,142730.7858,None,Divorced,28,31,Finance,Account Director
625,YSlQDdSh,"TmkiUenx St, gmkPoLwqhv, PUN 321997",24130.17,06-12-2023,16-02-2002,22,Male,0,5115.983,5694.954964,3579.014996,31362.09297,None,Single,0,1,Finance,Accounts Intern
626,tpxXHabO,"IjqjZsEO St, MXdSuOIfRK, MUB 252222",86025.18,10-05-2012,17-02-1987,37,Other,3,5982.482,20302.77971,12759.35516,99551.08654,Medical,Divorced,12,16,Sales,Senior Executive
627,fKBjcyaT,"tIjbnVJV St, PSnPJOrMXw, HYD 352222",131721.07,26-01-1996,09-08-1964,59,Male,2,10193.893,31087.45448,19537.02294,153465.3945,Medical,Married,28,38,IT,IT Manager
628,zOzSqaGR,"ddjNMcjT St, jcwvYOxmmI, CHN 141100",148771.67,27-09-2013,21-07-1975,48,Male,3,3665.833,35111.56202,22065.98784,165483.0772,Medical,Married,10,27,Sales,National Sales Manager
629,wDkDXuMM,"pMAFrCzO St, nCVMWyFDQa, KOL 991439",91909.36,17-03-2016,08-06-1985,39,Female,3,6877.064,21691.50345,13632.10361,106845.8238,Medical,Divorced,8,18,Finance,Regional Account Head
630,IVthfRKt,"pHhRzWCr St, wQDcgfLhNP, DEL 658336",37004.7,26-08-2023,09-12-2002,21,Male,0,6965.53,8733.469343,5488.580321,47215.11902,Life,Single,0,0,Finance,Accounts Intern
631,IRyAAKgi,"VknZrmOz St, QJLSvMCFtI, BLR 550037",76436.36,21-03-2019,05-07-1982,42,Female,3,9619.364,18039.72487,11337.13018,92758.31868,None,Divorced,5,21,Human Resources,ERP Head
632,AjzBgUHm,"ADdfhuJm St, QUeasSFWti, HYD 592011",92231.74,07-09-2005,12-02-1981,43,Other,3,7817.826,21767.58827,13679.91939,108137.2349,Both,Divorced,18,22,Marketing,Senior Marketing Executive
633,UhVeYLpT,"dVVHloGF St, QkgKpnpbgC, BLR 955830",145480.84,15-02-2005,28-10-1969,54,Other,4,5243.916,34334.89411,21577.88809,163481.762,Life,Married,19,33,Human Resources,Recruitment Manager
634,OuWKcRSw,"eBunqjdH St, FatYLzcPpw, PUN 183801",46577.81,24-09-2022,23-05-1999,25,Male,0,5802.219,10992.81647,6908.475177,56464.3703,Medical,Single,1,4,IT,Software Engineer II
635,vVzVeLUR,"ThvmTVfM St, YLMemxYYid, CHN 365279",89201.85,13-07-2020,08-05-1984,40,Female,1,4257.815,21052.50474,13230.52257,101281.6472,Both,Married,4,19,Finance,Senior Account Executive
636,sVFxmLsn,"guibKfDv St, xBISfumRXv, HYD 693729",78050.8,05-06-2010,20-02-1985,39,Male,4,5615.92,18420.74842,11576.58581,90510.88261,None,Married,14,18,Marketing,Regional Marketing Manager
637,ALjHSPBK,"rXgKoBkB St, ZjbRUqsxgm, CHN 533713",88453.34,27-04-2005,27-05-1982,42,Male,4,8103.666,20875.8491,13119.50269,104313.3524,None,Married,19,21,Sales,Regional Sales Manager
638,ybdGbYeH,"QjNCXTbm St, hOynTXwNDu, PUN 467065",142667.81,26-01-2019,11-11-1964,59,Other,2,8980.219,33670.99165,21160.6562,164158.3645,None,Married,5,38,IT,Technical Lead
639,cecaDttJ,"MVLtGhXd St, xPVAcaYzLH, AMD 504949",100743.01,23-03-2011,18-08-1982,41,Other,1,14787.699,23776.33083,14942.3209,124364.7189,None,Married,13,20,Marketing,Senior Marketing Executive
640,yVxsogGO,"ZBeykPlw St, JNbXGwiPFe, MUB 302641",122934.89,09-01-2021,19-01-1974,50,Female,2,7334.511,29013.83049,18233.84646,141049.385,Medical,Married,3,29,Marketing,Marketing Director
641,KPHBpBnA,"IzFCNewR St, WJOTmrmESn, BLR 232774",65046.28,22-03-2021,04-04-1998,26,Female,2,10278.372,15351.55513,9647.740216,81028.46692,Both,Married,3,5,Finance,Account Executive
642,qmDFyVwI,"mtPZxXGm St, WYbHgmRiGc, HYD 886500",130306.27,08-12-2021,09-04-1969,55,Other,1,8501.373,30753.54791,19327.17815,150234.0128,Both,Married,2,34,IT,IT Manager
643,pPTpORDk,"XeFhTVIR St, xmMhEssvfu, PUN 566673",103566.69,02-10-2007,13-10-1982,41,Other,2,8509.331,24442.74679,15361.13241,121157.6354,Both,Married,16,20,Sales,Regional Sales Manager
644,zwgbfJoT,"ExtjzIKS St, OcQYxetmOs, KOL 855573",55558.96,02-03-2022,08-04-1998,26,Male,0,6684.104,13112.45528,8240.569834,67114.94945,Life,Single,2,5,Marketing,Marketing Associate
645,MXHVThBD,"psUteoYE St, eNQAonIrnT, AMD 272922",147142.4,12-11-2004,24-02-1970,54,Male,2,7159.76,34727.03844,21824.33261,167204.8658,Both,Widowed,19,33,Marketing,National Marketing Manager
646,BneAhwuo,"qSlbzuIE St, SMhyUIVrHp, MUB 723288",140598.47,19-05-2004,28-05-1966,58,Other,4,4022.153,33182.60727,20853.72927,156949.501,Life,Married,20,37,Human Resources,Recruitment Manager
647,wzROYDKJ,"UZYkuTIC St, FcnXqsmQvr, PUN 153444",56434.53,05-12-2022,27-06-1993,31,Other,4,6991.547,13319.09832,8370.435399,68374.73992,Medical,Married,1,10,IT,Software Engineer II
648,IGoQFpOK,"nELiYCAz St, ZjhAWaNZlr, KOL 468985",134580.8,09-02-2022,09-06-1972,52,Other,3,6410.92,31762.37859,19961.18143,152792.9172,None,Divorced,2,31,Marketing,National Marketing Manager
649,XvGeGTnr,"BITgWYYi St, BTVbtbisaP, HYD 815230",33823.81,02-03-2023,10-08-2002,21,Female,0,8491.619,7982.748345,5016.787001,45281.39034,Medical,Single,1,0,Sales,Business Development Representative
650,RkHpHHhn,"NROBhgCZ St, eYHAIFgVjG, PUN 383489",79262.03,21-08-2023,25-08-1980,43,Male,2,6907.797,18706.61049,11756.23686,93120.20063,Medical,Married,0,22,IT,QA Lead
651,BWGfIEsN,"KkdNgVYN St, hfFaHvSOJz, MUB 342425",111853.28,02-05-2013,08-07-1973,51,Female,2,13438.672,26398.46268,16590.20912,135100.2056,Both,Married,11,30,Human Resources,Recruitment Manager
652,wvqcKShT,"PiTvyMZL St, DMXKTISUkY, AMD 963247",97357.16,28-04-2013,18-06-1985,39,Female,1,4322.284,22977.23727,14440.12767,110216.5536,Medical,Married,11,18,Marketing,Senior Marketing Executive
653,FSrZVNYR,"XKfkCtoj St, NFPyVnAFwb, KOL 632770",105343.52,23-11-2013,25-03-1979,45,Other,,10512.648,24862.09596,15624.67392,125093.59,Both,,10,24,IT,Software Engineer III
654,lyJQGnJZ,"ArRDRNuF St, JjHFLUjCBk, CHN 409891",108742.54,20-11-2005,16-06-1984,40,Other,1,10383.746,25664.29776,16128.82053,128661.7632,Medical,Married,18,19,Marketing,Regional Marketing Manager
655,sCrerfOQ,"FTwkxRWX St, oSrnnHCZCb, KOL 624946",98039.24,25-07-2017,07-11-1982,41,Female,4,5616.076,23138.21479,14541.29458,112252.2362,Both,Married,6,20,Finance,Senior Account Executive
656,JkEjCDhe,"PCsOOgGQ St, WGAQPdIRaJ, CHN 918766",140085.21,18-11-2004,07-09-1976,47,Other,2,8700.479,33061.47292,20777.60195,161069.56,Life,Married,19,26,Human Resources,HR Director
657,ImonLpQJ,"zfEveEPn St, aFDfuwlpPW, DEL 483845",71434.25,09-03-2017,24-04-1995,29,Female,0,8807.575,16859.17822,10595.21139,86505.79184,None,Single,7,8,IT,Software Engineer II
658,npFwtGbg,"ueJlGpvi St, kVxuEozBwi, AMD 985814",94217.45,09-12-2002,19-10-1979,44,Other,2,6827.255,22236.23516,13974.44222,109306.4979,Medical,Married,21,23,IT,Software Engineer III
659,OkXlvGbc,"gbFEIpkU St, bpYtdHZGEu, AMD 316125",148409.56,09-06-2008,13-07-1977,47,Other,2,5921.044,35026.10054,22012.27926,167344.4253,Life,Married,16,26,IT,IT Manager
660,UVpEBhhe,"UibROmYW St, zEZQckVUdY, AMD 912384",98802.82,13-04-2011,10-06-1990,34,Female,3,3433.718,23318.4271,14654.54965,110900.4155,Life,Married,13,13,Sales,Senior Executive
661,oxaCBNua,"SRKXlhPc St, TgoABTuMXT, KOL 349050",75048.12,28-12-2000,03-12-1979,44,Male,3,5918.188,17712.08672,11131.22481,87547.16991,Medical,Married,23,23,Sales,Senior Executive
662,qRPRVkaT,"ZkjKZctU St, fjLYzcfzHM, KOL 779857",138924.87,20-04-2013,25-09-1976,47,Male,2,9512.513,32787.62139,20605.49897,160619.5054,None,Divorced,11,26,Marketing,Marketing Director
663,freqBzzW,"zhuTPYAS St, xqqiNpZogK, CHN 297656",76454.73,18-07-2013,27-02-1979,45,Other,,10266.527,18044.06036,11339.85484,93425.46252,Medical,,11,24,Finance,Senior Account Executive
664,sOYZgfAA,"wntuvBnR St, QBiEqkrhQG, AMD 851119",75945.25,28-10-2019,17-06-1992,32,Male,2,9575.475,17923.81813,11264.28818,92180.25495,None,Married,4,11,Human Resources,ERP Head
665,KpifdqrO,"nGzVSYLT St, uIPuVhqtmw, DEL 672775",143989.46,08-10-2013,22-05-1970,54,Female,2,6837.054,33982.91392,21356.68487,163452.743,Both,Married,10,33,Human Resources,Recruitment Manager
666,AfvBbxiK,"QmUCFYFj St, YSNgGSTCiY, PUN 217119",64980.36,20-10-2019,09-01-1996,28,Male,0,8973.964,15335.99737,9637.962885,79652.35849,Life,Single,4,7,Marketing,Marketing Representative
667,HwquxhAb,"ZJXPytUt St, ogHqaAAApe, KOL 341347",129571.63,20-12-2010,16-07-1975,49,Female,2,8779.837,30580.16572,19218.21549,149713.4172,Both,Divorced,13,28,Human Resources,Recruitment Manager
668,SYfGqDlq,"FxOXHEdb St, krilejDKIo, AMD 531222",96616.09,04-01-2007,16-04-1983,41,Other,3,4883.391,22802.33754,14330.21131,109971.6072,Medical,Divorced,17,20,Human Resources,Senior HR
669,QvGdYvcs,"jvfuRjij St, vzgegwMYjs, AMD 704918",142694.33,08-01-2002,21-10-1974,49,Female,2,8702.567,33677.25063,21164.58968,163909.558,None,Married,22,28,Finance,Account Director
670,bXMTzEtI,"GxynblsF St, AfrgmBdSLS, DEL 659499",98335.92,27-07-2023,15-07-1987,37,Other,3,3381.408,23208.23416,14585.2985,110340.2637,None,Married,0,16,Sales,Regional Sales Manager
671,WHdpiWmX,"dtekOUHW St, ptGOdBeaHg, BLR 709545",76645.88,10-03-2024,13-05-1989,35,Other,4,7087.412,18089.17363,11368.20644,90454.25919,Both,Married,0,14,Human Resources,ERP Head
672,bRDgKLhS,"lNRlejvG St, kvoPRogEnK, BLR 914543",80923.52,28-06-2010,04-04-1988,36,Female,2,8773.648,19098.7383,12002.671,96793.2353,Medical,Married,14,15,Sales,Regional Sales Manager
673,yGSOBHHj,"fTXbLVqU St, igUiFYRYnq, HYD 311024",101000.18,05-04-2009,28-09-1980,43,Female,1,8976.982,23837.02545,14980.46465,118833.7228,Both,Married,15,22,Human Resources,ERP Head
674,VfZgwquN,"HYyWKwqd St, CZDapfNhdt, CHN 918379",99716.73,10-08-2020,18-03-1987,37,Female,3,5505.327,23534.11876,14790.10185,113966.0739,None,Married,3,16,Sales,Senior Executive
675,NrJBQPPe,"mbjEJiHZ St, jtsOtOGkDP, BLR 168908",135715.79,03-05-1997,22-03-1969,55,Female,3,5777.421,32030.24727,20129.52447,153393.9338,Both,Divorced,27,34,Marketing,Marketing Director
676,MrDPYtzQ,"oBegBiSl St, eUFRpnPuuv, PUN 223702",122714.61,23-08-2000,28-11-1971,52,Female,3,11795.539,28961.84226,18201.17427,145270.817,Medical,Married,23,31,IT,IT Manager
677,qngYrwqL,"ImtpSuRM St, JpNkrWcdtD, DEL 855193",44737.3,20-03-2023,04-09-2002,21,Female,0,8269.27,10558.4382,6635.488584,56929.51962,Life,Single,1,0,Marketing,Marketing Development Representative
678,axqDXhEN,"ELYzRMtE St, KLaKjVeDai, DEL 273448",134188.79,26-07-2023,28-07-1969,54,Male,3,7085.121,31669.86041,19903.03805,153040.7334,Both,Married,0,33,Human Resources,Recruitment Manager
679,ryEvAGRN,"uKLOrIUJ St, CodmmYybcz, DEL 516742",138514.83,23-06-2023,19-03-1969,55,Female,2,10096.517,32690.84796,20544.68135,160757.5136,Both,Married,1,34,Sales,National Sales Manager
680,aSSZqEGQ,"MjAxvwXF St, bUsyQruPEQ, DEL 844587",55091.83,12-06-2023,15-09-1997,26,Other,4,7024.817,13002.20805,8171.284566,66947.57049,Both,Married,1,5,Sales,Sales Executive
681,AoMawpBX,"SsqDdMMg St, BmvNilHoTs, KOL 689608",128635.04,26-07-2010,28-09-1965,58,Female,1,5342.496,30359.12136,19079.29936,145257.358,Life,Widowed,13,37,IT,Technical Lead
682,ammTOtte,"dvmHwBzF St, HNEtnEEYFU, MUB 851359",148989.97,03-04-1991,08-05-1965,59,Other,1,3752.003,35163.08294,22098.36635,165806.6896,Both,Widowed,33,38,Marketing,Marketing Director
683,EAJKMXaE,"XoVLJKPL St, IorvWUXQTt, HYD 510657",71737.33,12-11-2022,23-03-1994,30,Female,0,8132.267,16930.70805,10640.16457,86160.14049,Medical,Single,1,9,Finance,Account Associate
684,rZjWSfTD,"ZznYABhm St, JAOMdrYRiM, KOL 680085",146675.34,15-08-2002,13-05-1976,48,Female,4,4139.466,34616.80774,21755.05773,163676.556,Both,Married,21,27,Human Resources,HR Director
685,UjyMkSmY,"KTKkvPqy St, hNpWNsVFgi, BLR 927258",51703.19,13-03-2015,07-05-1994,30,Other,4,7770.681,12202.45603,7668.677524,64007.64951,Medical,Married,9,9,Human Resources,HR Associate
686,dlNziwKp,"mDgAcEql St, DiAcqCoFYa, AMD 537666",55914.04,15-02-2019,03-02-1996,28,Other,1,5834.596,13196.25762,8293.235714,66651.6579,Both,Married,5,7,Marketing,Marketing Associate
687,MvTTIFrz,"LsWKShoq St, lRauCKicVP, BLR 868015",45014.28,24-04-2020,15-11-1993,30,Female,0,6795.572,10623.80818,6676.570581,55757.08959,Both,Single,4,9,Human Resources,HR Executive
688,OdGqNOsu,"FvANDpob St, tnaNCrSBgi, KOL 996982",128325.89,27-11-1998,22-08-1968,55,Female,4,11902.411,30286.15895,19033.44587,151481.0141,Medical,Married,25,34,Finance,Account Director
689,JgsUqNtc,"PnLcozUx St, PvYUVlZRVh, HYD 265372",102916.88,08-09-2016,21-05-1978,46,Male,2,7852.312,24289.3853,15264.75184,119793.8255,Life,Married,7,25,Marketing,Senior Marketing Executive
690,XxpOMEcs,"ShKiUMVA St, akgLshMkao, AMD 253382",109866.75,26-09-2020,11-09-1983,40,Female,4,11506.325,25929.62226,16295.56467,131007.1326,Life,Married,3,19,Finance,Regional Account Head
691,xWLqdDOs,"sApyyuVG St, gJQjFkwnpg, HYD 706065",63415.17,23-03-2018,11-12-1992,31,Other,4,9240.483,14966.5973,9405.812076,78216.43822,Medical,Married,6,10,Marketing,Marketing Representative
692,nRmVbqmh,"rqHagUVZ St, JCKqvNjqhN, KOL 965394",135690.91,08-11-2002,13-11-1973,50,Female,2,9452.909,32024.37535,20125.83424,157042.3601,Medical,Married,21,29,Human Resources,HR Director
693,xnyPMHSA,"vDnJDhOa St, uWRqNVXUCF, BLR 925435",39607.39,26-07-2022,28-10-2001,22,Female,0,8015.261,9347.729513,5874.614342,51095.76617,Life,Single,1,1,Sales,Business Development Representative
694,xGDcdYVT,"uCILgOzs St, vxtSIVROzJ, PUN 803529",102311.51,08-05-2012,10-10-1988,35,Female,2,13112.849,24146.51209,15174.96265,124395.9084,Medical,Married,12,14,Marketing,Regional Marketing Manager
695,KZALXFhK,"YueUPuYI St, DBgZjgngLm, HYD 682662",122700.91,24-11-2024,08-06-1966,58,Other,1,8297.909,28958.60893,18199.14227,141758.2857,Both,Married,-1,37,Sales,National Sales Manager
696,wDXTkXAX,"cHCXxaIH St, LHbZDbwhzk, AMD 418839",77519.51,08-01-2005,09-05-1984,40,Other,1,7083.049,18295.35881,11497.78426,91400.13355,Life,Married,19,19,IT,QA Lead
697,jehfxCGw,"iKHoUSxB St, KysNJEqYIA, AMD 934588",81316.12,20-01-2014,24-03-1987,37,Male,3,5485.388,19191.39572,12060.90189,93932.00183,None,Divorced,10,16,Marketing,Senior Marketing Executive
698,yzCqYgYM,"ropRcyvQ St, iCaezQuffl, PUN 581305",42207.74,26-09-2021,05-11-2000,23,Male,0,7106.226,9961.437421,6260.301291,53015.10213,None,Single,2,2,Sales,Sales Development Representative
699,AwmGgsFR,"BXfbsxan St, oitjbbmfhK, AMD 969813",106299.21,05-02-2008,11-01-1978,46,Male,4,10496.079,25087.6481,15766.42297,126116.5141,None,Married,16,25,Human Resources,Senior HR
700,GieKxeEo,"xxikCdDy St, uHwOZLqTtG, HYD 541469",149284.9,09-05-2020,03-12-1976,47,Female,3,7747.51,35232.68929,22142.11072,170122.9886,Life,Married,4,26,Finance,Account Director
701,opkwjZQS,"VObdQEzx St, DXIorhKrmP, PUN 363125",84335.42,23-12-2022,03-04-1986,38,Male,2,6373.458,19903.9799,12508.72799,98104.12991,Life,Married,1,17,Marketing,Senior Marketing Executive
702,xyiZNASc,"PUdbqYTW St, NySveXxTpz, PUN 410369",142951.19,16-11-1988,26-11-1965,58,Female,2,7699.881,33737.87209,21202.68745,163186.2556,Life,Married,35,37,Sales,Sales Director
703,vjdLpGaC,"DsqiVhWN St, YTSNajNtvT, PUN 236820",97945.29,11-03-2020,05-03-1991,33,Male,4,6231.471,23116.04168,14527.3598,112765.4429,Both,Married,4,12,Sales,Regional Sales Manager
704,UjcirleZ,"IKhhKojC St, rKSpEyVhil, AMD 327435",100671.49,19-05-2017,23-04-1990,34,Other,2,9654.851,23759.45141,14931.71297,119154.0794,Medical,Married,7,13,Sales,Senior Executive
705,cfwStghG,"NoAQaXFK St, oYRygJJIVB, MUB 855667",85549.1,07-03-2023,25-03-1982,42,Male,4,8473.09,20190.42019,12688.74242,101523.8678,None,Married,1,21,Marketing,Regional Marketing Manager
706,tbulDIgz,"dIiBPQQn St, qpRTCyCCfU, KOL 180327",138684.21,28-06-2007,05-10-1973,50,Other,2,10371.579,32730.82328,20569.80399,161216.8083,Life,Widowed,17,29,Marketing,Marketing Director
707,PqrntBbu,"PuqLOWyX St, vRGEsNpBaF, KOL 593652",97227.4,14-07-2008,03-10-1977,46,Other,4,5483.26,22946.61265,14420.88152,111236.3911,Both,Married,16,25,IT,QA Lead
708,NQTnNDgp,"XLxcHDFz St, iBRhtRlAJV, AMD 937807",104210.39,15-01-2016,17-04-1987,37,Other,3,10582.961,24594.66625,15456.60675,123931.4105,Life,Married,8,16,Sales,Senior Executive
709,CUnsGNex,"JuTIIxxz St, bcrUGZAMUC, PUN 482591",88626.09,06-04-2022,04-08-1989,34,Other,2,6440.391,20916.61978,13145.12517,102837.9756,Both,Married,2,13,Sales,Regional Sales Manager
710,qPIRzfCT,"mZnjHORm St, DXDyTiBeQq, CHN 659634",105249.41,13-01-2020,22-02-1989,35,Male,2,14395.059,24839.88509,15610.71541,128873.6387,Both,Divorced,4,14,Human Resources,ERP Head
711,AJCTrcdd,"ryDJQxug St, febHfzDJDu, MUB 275276",76111.86,01-07-2018,12-04-1983,41,Male,4,6863.814,17963.13971,11288.99996,89649.81374,Both,Married,6,20,Sales,Regional Sales Manager
712,hFiWHZHY,"CJADGvif St, tLrkHDMzga, PUN 649686",82550.21,14-10-2005,16-06-1978,46,Female,2,4763.979,19482.65297,12243.94356,94552.89841,Both,Married,18,25,Human Resources,Senior HR
713,MCdinvNc,"TXAupOgn St, zSzMryiSIt, BLR 416690",147290.55,21-06-2015,12-02-1970,54,Female,3,7827.945,34762.00328,21846.30639,168034.1919,Medical,Married,9,33,Finance,Account Director
714,xIHDeIak,"rdvMIctm St, JDrmfMouZx, KOL 549242",88507.7,10-10-2023,08-12-1989,34,Other,3,8953.23,20888.67859,13127.56543,105222.0432,Life,Divorced,0,13,Finance,Regional Account Head
715,JIEtLthu,"zxQXjlmO St, ScRMLqfkQm, DEL 582471",102317.3,10-12-2015,11-03-1981,43,Female,2,13692.27,24147.87859,15175.82143,124981.6272,Medical,Married,8,22,Human Resources,Senior HR
716,rFpQxWJQ,"bHzQyBnX St, qZOwPlpdEy, MUB 376065",52420.25,27-02-2024,15-01-1993,31,Male,1,5314.975,12371.68917,7775.032701,62331.88147,Life,Married,0,10,Sales,Sales Representative
717,eGoASOnx,"FzEDCicf St, BYPrOlwrXs, AMD 552134",123837.69,28-07-2002,26-10-1975,48,Male,2,9222.231,29226.90007,18367.75081,143919.0703,Medical,Married,21,27,Sales,Sales Director
718,ZKMaXVri,"VCijxDRo St, QHatuaUNhW, KOL 904565",99241.11,16-03-2018,10-11-1978,45,Other,,7433.889,23421.86781,14719.55734,115377.3095,Both,,6,24,Human Resources,ERP Head
719,OUyttLCF,"FXuOwsEU St, IURhyRBzyU, AMD 624518",127615.88,04-03-2000,05-01-1973,51,Other,3,7929.412,30118.58968,18928.13636,146735.7453,Life,Married,24,30,IT,Technical Lead
720,KVouPmkD,"tSSQwoDU St, mXUxQyVCcf, KOL 659335",62112.34,13-02-2021,02-09-1993,30,Female,0,8767.766,14659.11674,9212.574809,76326.64793,Both,Single,3,9,Human Resources,HR Executive
721,dSMplaaM,"amZZjTza St, gdFrmiDktc, KOL 279230",117201.94,28-10-2000,26-08-1973,50,Female,4,6292.806,27660.79849,17383.52862,133772.0159,Both,Married,23,29,IT,Technical Lead
722,qvqmzKXm,"ayhMEkdQ St, LhNSlnbAdA, AMD 431479",90765.11,04-12-2022,06-04-1982,42,Male,3,6166.489,21421.44932,13462.38712,104890.6612,None,Married,1,21,Sales,Regional Sales Manager
723,yOapABMf,"qoahYxUg St, uFaKZVOKTr, HYD 963135",142186.42,26-05-2018,24-03-1972,52,Other,3,3826.358,33557.37893,21089.25587,158480.9011,Life,Divorced,6,31,IT,Technical Lead
724,gwfuMCqM,"grIEWBbr St, gZqIitoFEF, DEL 764094",68173.86,13-05-2019,16-09-1998,25,Other,0,10943.614,16089.69445,10111.62653,85095.54192,Both,Single,5,4,Marketing,Marketing Associate
725,INdUJCOJ,"mqsnJOlf St, QtURwsPcaq, AMD 855888",83687.41,26-11-2019,06-11-1977,46,Male,2,7240.259,19751.04324,12412.61439,98266.09785,Medical,Married,4,25,Human Resources,ERP Head
726,WjgzbPiB,"gtoHlVJy St, scQSpQVLlX, CHN 711983",121139.77,10-02-2002,26-05-1976,48,Other,1,12006.023,28590.1647,17967.59216,143768.3655,Medical,Widowed,22,27,IT,IT Manager
727,TTjQLMPx,"dgAThPYh St, cYJGAwGBSL, DEL 351415",50442.83,21-10-2020,05-02-1994,30,Male,1,6825.717,11904.99881,7481.739457,61691.80635,Medical,Married,3,9,Finance,Account Associate
728,XFmCrbtT,"xkjptKbd St, vbZynVqWza, DEL 274515",102463.89,28-07-2002,22-03-1980,44,Other,3,8293.611,24182.47526,15197.56383,119742.4124,Life,Married,21,23,Finance,Regional Account Head
729,LFuuTWJQ,"aojDPgGX St, kQrsrRLnBf, PUN 985601",129320.37,20-05-2017,23-02-1964,60,Other,3,8449.963,30520.86591,19180.94831,149110.2506,Both,Married,7,39,Marketing,Marketing Director
730,HeLRvHqy,"rSblZALF St, fJUPUHGuUR, KOL 152741",92105.81,25-04-2016,14-05-1985,39,Male,3,4213.419,21737.86757,13661.24131,104395.8553,Both,Divorced,8,18,Sales,Senior Executive
731,VvMfrtjW,"MpAETzGy St, cARFqRSrps, BLR 225820",58936.35,23-09-2015,26-02-1994,30,Female,0,5096.365,13909.55219,8741.508263,69200.75893,Both,Single,8,9,Marketing,Marketing Associate
732,umLOrQNQ,"eBvBOkwg St, crhbmvyrHT, MUB 116878",41302.21,26-02-2024,19-04-2001,23,Female,0,6567.779,9747.723528,6125.992023,51491.7205,None,Single,0,2,Sales,Sales Development Representative
733,tUEckfrZ,"pSskFfDO St, KcgwQyXjga, KOL 313292",109185.13,09-06-2016,14-10-1985,38,Male,3,10710.487,25768.75331,16194.466,129469.9043,Both,Married,8,17,Human Resources,Senior HR
734,OOoXZQoM,"IKGXvUpr St, plSoEzAkha, HYD 415458",50714.1,15-04-2018,20-04-1996,28,Other,4,5796.59,11969.02117,7521.97454,60957.73663,Life,Married,6,7,Finance,Account Associate
735,trsWRARC,"gAaJVMlP St, PexybjEcHJ, AMD 906209",38990.59,22-12-2022,13-01-2001,23,Female,0,7750.941,9202.15871,5783.129845,50160.55987,Medical,Single,1,2,Finance,Accounts Intern
736,hSfHLhub,"VXizDehG St, NCNKaEvUoB, MUB 804924",86068.13,14-10-2012,02-03-1983,41,Other,3,5322.187,20312.91633,12765.72556,98937.50777,Medical,Divorced,11,20,IT,Software Engineer III
737,YcLhvYkY,"KDmoPafu St, uoMCbPEvMZ, BLR 384908",18441.69,17-01-2024,16-05-2002,22,Other,0,5628.831,4352.418321,2735.292999,25687.64632,Medical,Single,0,1,IT,Software Engineer I
738,eWkGHLaZ,"wPKtkQue St, AjREdaLCZG, PUN 953672",108511.29,02-11-2013,08-09-1978,45,Male,,8784.871,25609.72051,16094.52126,126811.3602,Medical,,10,24,Marketing,Regional Marketing Manager
739,MCIjTEea,"BMvptRkv St, XPCTsenWVe, PUN 213624",103366.82,27-05-2006,14-12-1981,42,Other,2,11780.318,24395.57552,15331.48746,124211.2261,Both,Divorced,18,21,Finance,Senior Account Executive
740,kgLZXAJA,"wasHpzzw St, tcNGGqmNMk, KOL 737836",106189.44,01-12-2023,15-01-1982,42,Male,1,7488.056,25061.74131,15750.14176,122989.0956,None,Married,0,21,Human Resources,Senior HR
741,qkDgnthE,"WuRyummz St, MZTZMepcQx, MUB 556927",91108.72,27-09-2019,24-05-1978,46,Female,3,7560.128,21502.54462,13513.35175,106658.0409,Both,Married,4,25,Human Resources,Senior HR
742,xNDRIOmJ,"pmvAqheA St, ZKfEHwnwSc, KOL 879271",118447.47,18-01-2021,15-07-1977,47,Other,2,7514.253,27954.75569,17568.26708,136348.2116,Both,Divorced,3,26,Finance,National Account Head
743,RGNVjzdV,"uqmANMSH St, KpBlWDefII, BLR 638853",96297.91,10-07-2019,13-10-1986,37,Female,4,6402.209,22727.24397,14283.01848,111144.3445,Both,Married,5,16,Finance,Senior Account Executive
744,IbJHMshb,"zNZvUbKG St, FiwgiQmWob, CHN 736788",102847.96,10-08-2023,02-07-1987,37,Female,3,11414.204,24273.11951,15254.52954,123280.754,Both,Divorced,0,16,Sales,Regional Sales Manager
745,AYczwvVW,"QkUmfBbg St, VnaMQBsgdh, BLR 855802",52958.09,20-09-2016,08-08-1993,30,Female,0,5670.191,12498.62465,7854.805758,63272.09989,Both,Single,7,9,Sales,Sales Executive
746,dleGEyLY,"qcwwNokI St, XPLELMWhCV, HYD 623729",19945.36,10-03-2023,25-06-2001,23,Other,0,7957.464,4707.299075,2958.319089,29651.80399,Life,Single,1,2,Marketing,Marketing Intern
747,cRwroLAn,"VIgVknUQ St, SnIOdychnb, KOL 622661",149073.87,03-05-2014,05-11-1974,49,Other,1,4620.613,35182.88416,22110.8105,166766.5567,Both,Married,10,28,IT,Technical Lead
748,clOnwxFj,"GNmGlmLZ St, xeDTMnmEVD, CHN 578945",137014.85,16-04-1991,01-09-1968,55,Female,2,9247.515,32336.83808,20322.20257,158277.0005,None,Married,33,34,Sales,National Sales Manager
749,SXFEwtSz,"hPZpvQYd St, zFJmetuKrZ, MUB 272770",109429.43,22-05-2012,07-03-1982,42,Male,4,13997.057,25826.41049,16230.70086,133022.1966,None,Married,12,21,Marketing,Senior Marketing Executive
750,ArmlrStg,"AAHqDiUO St, sNtsrXytZd, CHN 679095",60970.49,19-03-2019,03-08-1998,25,Female,1,9515.951,14389.62903,9043.214283,75832.85574,Both,Married,5,4,Marketing,Marketing Representative
751,XQdcPssO,"AkHcruSj St, QRkbstXcSY, MUB 792881",60735.75,25-01-2022,01-06-1997,27,Other,1,11850.425,14334.2281,9008.397372,77912.00573,Medical,Married,2,6,Marketing,Marketing Associate
752,iyAIvxCa,"VinQDuMd St, ilDdcTXFxr, CHN 344634",142205.24,07-06-2003,10-09-1976,47,Male,1,9508.476,33561.82063,21092.04728,164183.4894,Medical,Widowed,21,26,Marketing,National Marketing Manager
753,uptNnQiD,"HQYahAiH St, VHtpuFrXXs, BLR 778426",148407.83,09-05-2004,02-12-1971,52,Male,2,4561.217,35025.69224,22012.02267,165982.7166,Life,Married,20,31,Finance,Account Director
754,TqoeTyfy,"xoRZhRoM St, YiWtWrVSKX, AMD 505843",61609.52,05-12-2016,04-10-1995,28,Female,3,11410.048,14540.44633,9137.995959,78422.01837,None,Married,7,7,IT,Software Engineer II
755,nAuRUFBH,"aUDBKpVZ St, hhstflbxRz, KOL 137218",85085.49,06-12-2021,07-09-1990,33,Male,1,6441.451,20081.00372,12619.97925,98987.96548,None,Married,2,12,Sales,Regional Sales Manager
756,QSqIMqOd,"GheFjMmt St, OXFykWfAik, BLR 345453",111748.4,18-04-2013,14-07-1969,55,Female,2,12599.16,26373.70998,16574.6532,134146.6168,None,Widowed,11,34,Finance,National Account Head
757,CUpMZuwu,"RIemXIKA St, HYuqSZSmYu, CHN 972621",76822.36,05-01-2005,23-08-1979,44,Male,2,9547.764,18130.82462,11394.38215,93106.56647,Both,Divorced,19,23,Marketing,Senior Marketing Executive
758,sFfdIhGS,"BQDzIDNJ St, Xiobrlduaq, DEL 364419",50474.42,08-10-2021,24-08-1996,27,Female,4,6122.558,11912.45436,7486.424923,61023.00743,None,Married,2,6,Marketing,Marketing Representative
759,OjWHWvmA,"iuxStTye St, wxbmswBJyt, KOL 712131",102094.68,27-09-2020,08-11-1990,33,Female,4,8876.532,24095.3381,15142.80217,119923.7479,Medical,Married,3,12,Marketing,Senior Marketing Executive
760,iqxHrmOI,"TScvTqKC St, qqFsgXbnod, BLR 292891",29798.76,26-07-2022,10-08-2001,22,Female,0,6637.124,7032.797372,4419.786885,39048.89449,Both,Single,1,1,Marketing,Marketing Development Representative
761,ymvgeBWU,"qyMbzbEo St, sCCmjzWWJQ, DEL 501918",117663.5,06-10-2009,14-08-1972,51,Other,4,12658.65,27769.73114,17451.98774,140639.8934,Life,Married,14,30,Finance,National Account Head
762,yBRfdjKG,"DywGxMXq St, neJjuJiueh, KOL 193184",78994.8,23-05-2010,05-10-1987,36,Male,2,6638.52,18643.54161,11716.60099,92560.26061,Medical,Married,14,15,IT,QA Lead
763,sWqHtCCJ,"gbnJZmTd St, grrkaOrtMF, PUN 563626",148979.18,09-01-2021,03-08-1975,48,Other,1,3444.082,35160.5364,22096.76597,165487.0324,None,Married,3,27,Sales,Sales Director
764,xewGJOlD,"AkiKFShb St, abYzZvVtav, HYD 936227",20248.73,24-10-2023,24-09-2002,21,Female,0,7500.127,4778.897348,3003.315282,29524.43907,Both,Single,0,0,IT,Software Engineer I
765,idyViujF,"QOcXRnKQ St, wgmbTePjUj, AMD 113702",69538.04,20-10-2018,24-12-1993,30,Other,2,10238.196,16411.65421,10313.96331,85873.9269,Life,Married,5,9,Marketing,Marketing Representative
766,zrDOWJqz,"XlrqUYxN St, OFQQmIoykw, PUN 935682",139235.39,23-04-2011,23-10-1976,47,Male,2,8022.461,32860.90713,20651.55566,159467.2025,None,Married,13,26,Finance,Account Director
767,gJlNzJfj,"pITlkRvx St, UHkxeVdmfw, HYD 851638",90054.71,07-10-2019,13-01-1992,32,Other,2,7699.529,21253.788,13357.01976,105651.0072,None,Married,4,11,Sales,Regional Sales Manager
768,dAHkuQVS,"ZZRJqoNf St, fNcOASCJGS, AMD 389920",113757.59,17-05-2019,24-05-1975,49,Other,4,7594.241,26847.89837,16872.6586,131327.0708,None,Married,5,28,Finance,Account Director
769,VUGbCVTc,"BCmrgEXx St, ucpGpdVvkk, CHN 787821",127318.7,24-12-1996,18-08-1968,55,Female,2,11295.13,30048.45231,18884.05828,149778.224,Medical,Divorced,27,34,Human Resources,HR Director
770,LpsulXqE,"XVNoOImC St, uEUWzDtHvR, AMD 815714",79026.17,27-12-2018,19-05-1985,39,Female,4,7119.383,18650.94523,11721.25383,93075.2444,None,Married,5,18,Marketing,Senior Marketing Executive
771,nWIXSTSD,"KqtAmMPk St, jeoTtTRKJI, CHN 892586",112894.19,05-12-2004,19-11-1968,55,Female,4,10079.581,26644.12757,16744.59811,132873.3005,None,Married,19,34,Sales,Sales Director
772,HnkmcOLs,"nLgcUkgw St, ZhCkJbDobP, BLR 400908",81920.55,09-11-2006,07-06-1980,44,Other,4,4911.945,19334.04708,12150.55165,94015.99043,Medical,Married,17,23,Sales,Regional Sales Manager
773,pgCaAfGy,"fcaZzDHw St, oqLEFMbNgB, KOL 971160",95399.85,02-03-2022,12-07-1985,39,Male,1,3595.015,22515.29307,14149.81717,107360.3409,Both,Divorced,2,18,Sales,Senior Executive
774,npZqRyDN,"cLLOfpTz St, DfSdXfqSHi, DEL 646305",108145.39,19-04-2003,21-06-1981,43,Other,1,12273.461,25523.36455,16040.25055,129901.965,Medical,Married,21,22,Marketing,Regional Marketing Manager
775,CgRGPAIa,"yOtDQQec St, zdqPBeGcvL, PUN 926218",111465.77,09-07-2005,09-06-1974,50,Female,3,7825.423,26307.00655,16532.73319,129065.4664,Medical,Divorced,19,29,IT,Technical Lead
776,oTNuJwYS,"STqfxTdJ St, OzCuQWcKHq, AMD 658899",128868.62,14-07-2004,28-03-1966,58,Male,3,11871.138,30414.24852,19113.94422,152040.0623,Both,Married,20,37,Sales,National Sales Manager
777,mzFevksM,"IExuSQtj St, lAAnRxKsRB, AMD 668129",130430.95,15-10-2023,24-03-1973,51,Other,2,5259.905,30782.9736,19345.67083,147128.1578,Both,Widowed,0,30,Marketing,National Marketing Manager
778,wpuZobYu,"HqoCFgHx St, TthepsPvth, CHN 466067",96222.68,08-08-2016,07-01-1992,32,Male,2,3409.732,22709.48895,14271.86027,108070.0407,Both,Married,7,11,Marketing,Regional Marketing Manager
779,zTOmVyeB,"QjFPjsaC St, mwYieFUgdI, PUN 319869",89943.92,12-08-2007,05-01-1981,43,Other,3,4967.608,21227.64049,13340.58726,102798.5812,Medical,Married,16,22,Finance,Senior Account Executive
780,OowNBtDG,"viEpMfbA St, kcUfaNryWB, HYD 362890",114810.34,15-01-2004,17-06-1972,52,Female,1,8987.966,27096.35762,17028.80371,133865.8599,Both,Married,20,31,Sales,Sales Director
781,QoIjDnsq,"YgzRffVO St, LsnXrdtTpM, AMD 579678",101538.92,03-07-2021,14-02-1980,44,Female,2,9878.108,23964.17333,15060.3712,120320.8301,Medical,Married,3,23,IT,QA Lead
782,aLaSMtWp,"kDSkroNa St, IYpDGDVKir, BLR 573002",101606.98,23-05-2009,01-12-1986,37,Male,3,9531.302,23980.23616,15070.46594,120048.0522,Both,Divorced,15,16,Human Resources,ERP Head
783,PkgEIIDN,"EExSirMI St, xJgLThnKBV, DEL 670733",119923.8,15-10-2001,12-10-1975,48,Other,2,8135.62,28303.18394,17787.23807,138575.3659,Both,Divorced,22,27,Human Resources,Recruitment Manager
784,KMEITyAG,"maFdEtzf St, QVHBMVBCbH, AMD 700246",131936.63,19-10-2012,11-12-1975,48,Other,2,7375.337,31138.32873,19568.99505,150881.3007,Medical,Divorced,11,27,Sales,Sales Director
785,anHfzySe,"qpfuRtiw St, XNWwmiBevl, HYD 328552",15958.58,27-07-2022,26-11-2001,22,Male,0,7621.142,3766.380195,2366.995223,24979.10697,Medical,Single,1,1,Human Resources,HR Representative
786,EvKMxRwb,"nkvkcLod St, epdsWCgzsH, AMD 439524",102316.6,20-04-2010,01-05-1980,44,Other,1,12045.34,24147.71338,15175.71761,123333.9358,Medical,Married,14,23,Marketing,Regional Marketing Manager
787,GnMPuyfT,"rzGCsRsZ St, ANQEGcqXEg, MUB 362749",140528.37,03-12-2016,11-03-1975,49,Male,1,9141.163,33166.06299,20843.33196,161992.264,Medical,Widowed,7,28,Sales,Sales Director
788,inHbTGFM,"JRWUVpqC St, ejNMmXYWVn, PUN 326120",136065.29,25-05-2011,08-04-1971,53,Female,2,9128.471,32112.73268,20181.36272,157125.131,None,Married,13,32,Finance,National Account Head
789,LxTzOvFr,"MNrILmLO St, KwIjTbALdA, HYD 836743",43518.99,21-06-2021,13-10-2000,23,Other,0,8219.101,10270.90518,6454.787422,55554.20876,None,Single,3,2,Finance,Account Representative
790,HWUNuQlx,"VKHzhFJn St, rExzJvqPeI, HYD 220377",99019.79,11-05-2023,08-04-1978,46,Other,1,4102.021,23369.63414,14686.7309,111804.7142,Both,Widowed,1,25,Human Resources,Senior HR
791,YHmHdUVH,"FGqjJAzc St, uCUFNKrJMX, DEL 940819",149935.22,18-03-2006,03-03-1966,58,Male,1,7888.478,35386.17114,22238.56694,170971.3022,None,Divorced,18,37,Human Resources,Recruitment Manager
792,hfEaYABE,"DmhFMumf St, zqzbzxaKYK, PUN 969025",91307.62,23-03-2015,12-07-1987,37,Female,1,5076.238,21549.48696,13542.85284,104390.4921,None,Married,9,16,Human Resources,Senior HR
793,SbXnMUOr,"eaiQBVqs St, kGlaIicSkl, DEL 793421",21883.36,19-09-2022,23-02-2000,24,Other,3,4913.664,5164.685937,3245.765512,28715.94442,Life,Married,1,3,Human Resources,HR Representative
794,WOoUeeVc,"OizeAKnv St, ZhfllomcZo, CHN 693319",126989.12,03-03-2004,12-01-1975,49,Male,1,10882.088,29970.66822,18835.17459,149006.7016,None,Divorced,20,28,Sales,National Sales Manager
795,cbHIjHzH,"cWPwUMPo St, NStofvzSiz, PUN 998523",30980.55,22-10-2024,20-02-2001,23,Male,0,9825.945,7311.711314,4595.071358,43523.13496,None,Single,-1,2,Human Resources,HR Intern
796,CcJCsTJt,"PiEUbeyE St, tVZHQkrjSQ, DEL 879606",118625.82,16-09-1998,17-02-1968,56,Male,1,12138.418,27996.84803,17594.72016,141166.3659,Life,Married,25,35,Sales,Sales Director
797,LTpgxpjG,"wTFfhLTs St, cnAcPHbVWk, CHN 604090",97860.55,11-10-2012,22-10-1983,40,Male,1,5363.945,23096.04221,14514.79107,111805.7461,Both,Married,11,19,Human Resources,ERP Head
798,CtlkVEVi,"eDzIlxkV St, cNafOKeXpQ, PUN 257871",91364.53,09-08-2021,17-03-1978,46,Male,3,5229.547,21562.91827,13551.29379,104605.7015,Life,Divorced,2,25,IT,Software Engineer III
799,SHgOxtuk,"vUyiRDJW St, GqCdhcRmLA, KOL 481989",98665.99,12-06-2022,11-09-1991,32,Other,4,7200.401,23286.13389,14634.25487,114518.27,Life,Married,2,11,Finance,Regional Account Head
800,oxZjXslI,"HAhDZFRG St, ghwBFzOZBU, KOL 746748",77088.17,17-07-2024,10-02-1989,35,Male,1,6851.183,18193.55837,11433.8074,90699.10397,None,Married,0,14,Finance,Senior Account Executive
801,dykZwUvx,"lCGpkLNs St, zmtfrezUHt, BLR 826413",88230.39,12-07-2003,16-02-1980,44,Male,2,4211.961,20823.23073,13086.43449,100179.1472,None,Divorced,21,23,Marketing,Senior Marketing Executive
802,ctcolCGO,"GTDPsPKo St, TWumApgwGn, KOL 791766",24998.28,03-12-2021,19-08-1999,24,Female,3,6810.172,5899.837372,3707.774085,34000.51529,Life,Married,2,3,IT,QA Engineer I
803,qOzRiuBK,"ymNPFENO St, dugQUvZqpy, CHN 967724",87029.88,09-03-2018,24-11-1984,39,Male,4,6583.012,20539.89869,12908.37344,101244.4172,Both,Married,6,18,Finance,Regional Account Head
804,TuAkGPcF,"LsINGPgY St, VVLEEhexMJ, AMD 250965",133405.78,03-04-2002,13-10-1966,57,Female,1,8266.422,31485.06243,19786.90109,153370.3633,Medical,Married,22,36,Human Resources,HR Director
805,pJngPCoo,"NbemFPEF St, MJkxKlEISi, CHN 760777",95241.85,11-03-2018,22-07-1984,39,Other,1,5123.815,22478.00353,14126.38242,108717.2861,None,Divorced,6,18,Finance,Regional Account Head
806,uZTrwoSL,"DIEVuPfn St, pRrJGoNnnZ, AMD 789937",43009.73,06-11-2022,10-05-2001,23,Other,0,6141.027,10150.71487,6379.253384,52922.21848,Both,Single,1,2,IT,Software Engineer I
807,XIEysspS,"KwtLxDrO St, xXhdVgMDKy, CHN 668703",107219.22,04-03-2011,05-09-1984,39,Male,2,10282.078,25304.77942,15902.87993,126903.1975,Medical,Married,13,18,IT,QA Lead
808,fuWUYyfd,"ENfTpYbU St, vrigocinbK, DEL 553122",77486.08,20-05-2000,10-02-1978,46,Other,1,9945.392,18287.469,11492.82588,94226.11512,Life,Divorced,24,25,Sales,Regional Sales Manager
809,KBMXnhSG,"dZvBUIAv St, tPBKTZRbyH, HYD 427583",132597.76,09-04-2016,21-10-1970,53,Other,2,8866.224,31294.36185,19667.05462,153091.2912,Life,Married,8,32,IT,IT Manager
810,NMSzCjKq,"DovuspUf St, kceSpgoDfe, MUB 490240",149991.34,10-12-2003,24-04-1974,50,Female,4,9906.866,35399.41601,22246.89072,173050.7313,Medical,Married,20,29,Human Resources,HR Director
811,ofVPUNQw,"DvFOYVaV St, meSSDpWGCi, BLR 196684",89261.51,08-01-2016,13-12-1978,45,Other,,7123.849,21066.58509,13239.37141,104212.5727,Medical,,8,24,IT,QA Lead
812,GyqxNyvT,"mWhFsKaZ St, qNOsVVWkDP, MUB 577462",58717.89,07-02-2021,04-03-1996,28,Male,2,4835.211,13857.9935,8709.10602,68701.98848,Life,Married,3,7,Finance,Account Associate
813,VBktjsNO,"zFyaQwVd St, lpKpdhLBKa, BLR 503336",115033.9,01-09-2021,10-09-1970,53,Female,3,9153.61,27149.11995,17061.96239,134274.6676,Life,Married,2,32,Finance,Account Director
814,xBayRWKE,"GEHGpavF St, oPUnqLOJCK, KOL 692928",103765.71,16-03-2011,17-02-1982,42,Other,2,8364.429,24489.71745,15390.65129,121229.2052,Medical,Married,13,21,Human Resources,Senior HR
815,BsXgtCRR,"vqsrqSFu St, hMvOtuzKOU, DEL 683512",21245.09,13-09-2021,28-11-1999,24,Female,2,5472.491,5014.048005,3151.096561,28580.53244,None,Married,2,3,IT,Software Engineer I
816,RRGZkNeh,"tlhMrsML St, nXNPaMbMOB, MUB 406283",58527.97,04-03-2022,26-07-1997,26,Other,0,5680.203,13813.17054,8680.936864,69340.40667,Medical,Single,2,5,Human Resources,HR Associate
817,lZZOInAs,"DcgySwTi St, udZKWpCVRY, DEL 847822",137989.59,14-06-2011,04-06-1972,52,Other,2,9278.041,32566.8862,20466.77714,159367.7401,Both,Married,13,31,IT,Technical Lead
818,ZhWKdOHv,"AyIDloMf St, EweuWkBpfM, BLR 368934",120686.53,19-08-1993,20-10-1970,53,Other,1,12102.347,28483.19564,17900.36708,143371.7056,Both,Divorced,30,32,Human Resources,HR Director
819,EApfgpoe,"aACBeUMG St, orUVHOKlLN, BLR 888242",123257.41,25-10-2010,07-01-1967,57,Female,3,11435.259,29089.94835,18281.683,145500.9343,Life,Married,13,36,Marketing,Marketing Director
820,FWmnMquz,"oDWNmvrp St, JssSogwLDY, HYD 809079",106050.18,25-11-2012,10-06-1987,37,Male,2,12818.982,25028.8746,15729.48655,128168.55,Medical,Divorced,11,16,IT,QA Lead
821,FrmVWMIs,"nwCgwbjU St, uJlRJxDWVW, KOL 575291",55000.8,02-02-2020,07-01-1995,29,Male,0,5832.92,12980.72409,8157.782891,65656.6612,None,Single,4,8,Marketing,Marketing Representative
822,YuljZWlL,"gtmIdiJZ St, KisRCyjzgw, PUN 225850",97800,18-07-2004,25-07-1980,43,Male,3,5661,23081.75182,14505.81022,112036.9416,Both,Married,20,22,Finance,Regional Account Head
823,bcjkarny,"kEGrMAtf St, IgRskfPXOp, MUB 113738",48012.02,21-05-2024,16-03-1996,28,Female,2,5218.798,11331.30399,7121.198879,57440.92311,Life,Married,0,7,Sales,Sales Executive
824,FrQuZXmh,"fVJYTArL St, vqEJpYtTHj, PUN 733275",96909.63,28-09-2009,09-01-1979,45,Female,,7364.037,22871.61584,14373.7495,112771.5333,Life,,14,24,Human Resources,Senior HR
825,SRlJpJFq,"VIBFbhWR St, mwddtUWYtr, HYD 998260",92885.13,20-03-2020,07-05-1987,37,Other,3,7007.487,21921.79467,13776.83096,108037.5807,Both,Married,4,16,Marketing,Regional Marketing Manager
826,DNCFrMXg,"KHOAyOWY St, fqyHWDqtvd, DEL 518042",17418.21,24-07-2023,05-10-2000,23,Female,0,6281.179,4110.86708,2583.48925,25226.76683,None,Single,0,2,IT,Software Engineer I
827,jmAfwopE,"rhCfbXri St, JNZRGRDgXP, PUN 128606",44157.94,12-02-2024,09-03-2001,23,Male,0,6532.206,10421.7036,6549.557232,54562.29237,Medical,Single,0,2,Human Resources,HR Representative
828,iiLYUdNe,"XFNmGULM St, rwJnqEKRxY, AMD 708789",20979.72,20-09-2022,18-09-2001,22,Other,0,6843.028,4951.418102,3111.736572,29662.42953,Life,Single,1,1,Human Resources,HR Representative
829,bVNwsVOx,"yQylMgoj St, BbfgqLCcRu, PUN 828556",62202.51,04-08-2019,10-03-1998,26,Female,4,7647.749,14680.39774,9225.948928,75304.70781,Life,Married,4,5,IT,QA Engineer II
830,UmDfqCZQ,"WcDjjJTm St, lSaOSoSEJP, KOL 784394",121487.82,07-11-1999,09-01-1976,48,Male,2,12611.218,28672.30788,18019.21535,144752.1305,Both,Divorced,24,27,Human Resources,Recruitment Manager
831,MKogWoIz,"VrHyCPhk St, FgGbdTbond, BLR 908821",58093.89,14-09-2024,18-01-1996,28,Female,2,6024.611,13710.72343,8616.553612,69212.67082,Medical,Married,-1,7,Finance,Account Associate
832,COjQFoDQ,"RsvfTCPZ St, MELPwKKBAc, KOL 483545",146312.7,05-04-2005,07-04-1971,53,Male,1,9189.73,34531.22117,21701.27054,168332.3806,None,Divorced,19,32,Finance,Account Director
833,KXCcLDDi,"opaTvyse St, CNaLYwuwaF, CHN 752539",130479.23,06-04-1998,15-04-1974,50,Other,3,7683.077,30794.36815,19352.83178,149603.8434,None,Divorced,26,29,Human Resources,HR Director
834,QBqywSmi,"UivGXrfK St, BLQyFDACCm, MUB 514386",136432.19,23-06-2006,25-03-1974,50,Male,1,5819.781,32199.32465,20235.78176,154215.5139,Medical,Widowed,18,29,Finance,National Account Head
835,DIzxwfvA,"lZnIBjzm St, MDrZvDgZQR, HYD 310878",105783.85,03-08-2012,23-08-1977,46,Other,1,11264.615,24966.01813,15689.98418,126324.499,Life,Married,11,25,Marketing,Senior Marketing Executive
836,WXUPvjXI,"oajClSqL St, vzMQyvHMYY, MUB 718641",47547.63,21-03-2016,28-09-1995,28,Other,0,5704.237,11221.70343,7052.320012,57421.25042,Both,Single,8,7,Human Resources,HR Associate
837,XYxAxgCI,"EREUKUhk St, NgXPoRsCHN, MUB 429346",77882.58,15-07-2013,13-03-1979,45,Male,,9158.742,18381.04686,11551.63522,93870.73364,Life,,11,24,Finance,Senior Account Executive
838,JTHHUpTx,"MGXKbvvm St, MIujEMhSTR, PUN 260979",46841.03,17-12-2024,27-04-1995,29,Other,3,6994.897,11054.93895,6947.516274,57943.34968,Life,Married,-1,8,Human Resources,HR Executive
839,DiOOXbLy,"yZmzMouN St, ZmuocObKDi, DEL 505594",119260.88,24-09-1999,21-01-1972,52,Female,3,7185.912,28146.72837,17688.913,136904.6074,Both,Divorced,24,31,Sales,Sales Director
840,UYDegHDl,"NSeOMebe St, GmegMKYOgI, CHN 639012",65040.29,10-03-2023,10-10-1996,27,Male,4,11219.971,15350.14144,9646.851772,81963.55066,Medical,Married,1,6,Human Resources,HR Associate
841,ItjwGjAw,"sZpEejHc St, idQfHmgjou, PUN 542140",131453.2,13-09-2021,28-08-1976,47,Male,3,9700.68,31024.23455,19497.29215,152680.8224,None,Divorced,2,26,Finance,Account Director
842,gEBIGKHR,"CNfyujYx St, RErSBdXHHb, DEL 796211",111278.64,15-11-2019,10-12-1976,47,Female,4,11433.136,26262.84204,16504.97785,132469.6402,Both,Married,4,26,Human Resources,Recruitment Manager
843,krDXZxHL,"UUwocbal St, kWnCsckder, KOL 372036",19703.32,02-04-2022,12-05-2000,24,Female,0,7334.668,4650.17528,2922.419434,28765.74385,Both,Single,2,3,Human Resources,HR Intern
844,VvzgrVhE,"BxvhjpOe St, kgxlQdzGGS, BLR 227887",141954.16,12-05-1993,12-08-1964,59,Male,3,8991.584,33502.56331,21054.8068,163393.5005,None,Married,31,38,Marketing,National Marketing Manager
845,vKkFMKSk,"UIpVsTwg St, BoGyMYbLPp, AMD 554584",71697.43,06-09-2015,22-02-1993,31,Other,3,9150.257,16921.29127,10634.24655,87134.73171,None,Divorced,8,10,Finance,Account Associate
846,UTaEZfkg,"sgawlKVz St, gZUZUAhgjA, HYD 768967",144440.99,20-10-2023,05-01-1975,49,Female,2,4613.901,34089.47939,21423.65633,161720.7141,Both,Married,0,28,Human Resources,HR Director
847,AoAckymG,"PGEDnbxs St, YQJlitYylc, CHN 966739",31596.59,02-12-2023,26-12-2000,23,Male,0,9713.341,7457.102749,4686.44313,44080.59062,Medical,Single,0,2,Human Resources,HR Representative
848,LfYADwKy,"ksAqrerS St, KlHmpQhJnf, PUN 525513",20563.52,26-03-2023,09-11-2001,22,Male,0,5784.648,4853.190852,3050.005302,28151.35355,Life,Single,1,1,Sales,Sales Development Representative
849,ErPnSLhI,"VtlTxBex St, MzILXztxXw, PUN 412125",148102.29,26-04-2001,26-08-1976,47,Other,2,9216.771,34953.58182,21966.70462,170305.9382,Medical,Married,23,26,Marketing,Marketing Director
850,thRcTged,"eWyzUnDQ St, GktXRbHjOh, HYD 220043",100565.17,28-03-2011,15-06-1988,36,Other,3,13668.483,23734.35886,14915.94346,123052.0684,Life,Married,13,15,IT,QA Lead
851,RXCDsbcq,"pLyBViAk St, HlkIOSImPp, AMD 329451",126016.18,20-05-2001,19-01-1967,57,Other,4,6788.382,29741.04491,18690.86699,143854.7399,None,Married,23,36,Marketing,Marketing Director
852,bYwCmryI,"tLOpoWFc St, AnNzeQabes, MUB 503157",147319.7,17-10-1997,02-04-1971,53,Other,3,7419.03,34768.88297,21850.62996,167656.983,Both,Married,26,32,Sales,National Sales Manager
853,AIjxAUKU,"VAuYkEUx St, VClvVGxEcx, BLR 653913",113287.43,04-01-2023,14-05-1976,48,Other,2,11934.257,26736.93603,16802.92392,135155.6991,Both,Married,1,27,Marketing,National Marketing Manager
854,MQeInktj,"yHtxAKOn St, cNKJWbJnrv, PUN 995912",133257.1,15-06-1997,20-12-1973,50,Other,2,9649.29,31449.97251,19764.8487,154591.5138,Both,Divorced,27,29,IT,IT Manager
855,FgCFPWYt,"rztGELPO St, ionpIIsGqZ, PUN 734576",118693.5,21-07-2006,01-04-1971,53,Female,2,10702.65,28012.82117,17604.75854,139804.2126,None,Divorced,17,32,Marketing,National Marketing Manager
856,sSpnSGhW,"tNjWxXAW St, NRmsWQrEqZ, BLR 615095",79118.82,21-03-2020,02-05-1987,37,Other,4,5457.118,18672.81153,11734.99578,91513.75375,Medical,Married,4,16,Marketing,Senior Marketing Executive
857,uYDftRNT,"hiGvpdhx St, cqXMLZIXHq, MUB 211097",102527.95,09-11-2021,23-10-1989,34,Male,3,10200.205,24197.59404,15207.06528,121718.6838,Life,Married,2,13,Marketing,Regional Marketing Manager
858,zvzoOnxt,"SgXRhDXi St, hdXhWSNgrM, BLR 539660",95384.7,18-05-2018,16-10-1978,45,Male,,7832.53,22511.71752,14147.5701,111581.3774,Medical,,6,24,Human Resources,Senior HR
859,DKmeKygg,"hWkNckDP St, nhgqACqInm, BLR 282307",136320.31,21-12-2010,21-03-1974,50,Other,2,11155.969,32172.91988,20219.18759,159430.0113,Life,Divorced,13,29,Finance,National Account Head
860,WYGEdkoT,"CJZBoupF St, JuCvIvlVsR, HYD 741633",122789.1,21-07-2003,17-08-1972,51,Female,2,9924.09,28979.42263,18212.22272,143480.3899,Medical,Widowed,20,30,Marketing,Marketing Director
861,UfjAIZNN,"DQcpDaxG St, dSKhrZVQSn, MUB 607310",88747.14,04-05-2012,20-07-1980,43,Male,3,5190.286,20945.18876,13163.07945,101719.5353,Life,Married,12,22,Human Resources,ERP Head
862,LWRCDvPu,"cQecAhEy St, zktbnJSfyh, DEL 537422",76585.84,07-06-2023,01-10-1991,32,Male,4,5932.416,18075.0036,11359.30123,89233.95837,Medical,Married,1,11,Human Resources,ERP Head
863,TtPMsAVD,"olltsRms St, iINgDutcjk, KOL 934051",44364.24,17-05-2023,11-06-2002,22,Other,0,6297.576,10470.39241,6580.155889,54552.05252,Life,Single,1,1,Marketing,Marketing Intern
864,GLsPWQEH,"frdngzuC St, zQxAkuzdSx, HYD 512309",147935.05,19-10-2014,14-03-1977,47,Male,3,6711.495,34914.11156,21941.89939,167618.7572,Both,Married,9,26,IT,Technical Lead
865,ygrjUtFN,"fgUDsNbE St, bwJXDxswAH, KOL 874732",139151.9,11-09-2014,21-08-1966,57,Other,1,7402.81,32841.20268,20639.17232,158756.7404,Medical,Married,9,36,Human Resources,Recruitment Manager
866,oHMbrhdX,"ngutGcfy St, TVfpJjQrRx, KOL 798944",90098.77,24-05-2012,02-11-1991,32,Male,1,4769.123,21264.18659,13363.55479,102768.5248,Life,Divorced,12,11,Sales,Regional Sales Manager
867,pKwJDHga,"cOzaVFvL St, MKdmsJmLPr, HYD 558747",77568.39,02-06-2023,06-06-1989,35,Other,1,8797.161,18306.89496,11505.0342,93167.41177,None,Married,1,14,Sales,Regional Sales Manager
868,ihNnNaTk,"wvAAfxMt St, QkCteUZugz, HYD 326729",21392.33,02-03-2023,18-12-2001,22,Other,0,7691.767,5048.798078,3172.935369,30959.95971,Both,Single,1,1,Sales,Sales Development Representative
869,mzIFIZtX,"pgTASrUe St, CFgeQIMllK, CHN 501751",94829.18,24-10-2023,27-02-1986,38,Other,1,5350.082,22380.60939,14065.17473,108494.6967,Life,Divorced,0,17,Human Resources,ERP Head
870,lsHzuZmI,"rNVhKAMk St, XyMjpGZdfn, CHN 200844",126067.77,26-04-1999,26-08-1968,55,Male,1,11628.223,29753.22066,18698.51888,148750.6948,Both,Divorced,25,34,Finance,Account Director
871,acxFfynC,"AYopQlto St, JgTcwZyhGP, PUN 502420",37810.84,09-04-2022,26-09-2001,22,Female,0,8902.916,8923.726229,5608.147947,50029.33428,None,Single,2,1,IT,QA Engineer I
872,UrLajJet,"LPTYzKxH St, uMEVsKgITC, PUN 566982",90908.77,25-06-2014,01-12-1979,44,Female,3,6540.123,21455.35448,13483.69494,105420.5525,Both,Married,10,23,Human Resources,ERP Head
873,nEheZOOv,"CXhRKcLD St, BXeMUjtJGd, DEL 698684",126159.17,02-01-2011,21-03-1974,50,Male,4,8443.083,29774.79195,18712.07543,145664.9695,Both,Married,13,29,Human Resources,Recruitment Manager
874,EdPMGAAJ,"KBaDCtVz St, DgQaDAgmkZ, BLR 276604",56679.62,19-09-2016,19-02-1995,29,Female,0,6194.038,13376.94195,8406.787434,67843.81251,Medical,Single,7,8,Human Resources,HR Executive
875,WJcMcgSA,"clbtaguF St, PYQmiAUXNQ, DEL 460532",99548,20-02-2023,12-02-1979,45,Female,,4051.2,23494.29684,14765.07562,112328.4212,None,,1,24,Human Resources,ERP Head
876,ZnUXWFCp,"XQSxUjLK St, koVmGEiVBq, HYD 916119",111598.45,08-08-2004,13-02-1966,58,Female,2,7697.155,26338.32032,16552.41244,129081.5129,None,Married,19,37,Marketing,Marketing Director
877,OcMFKmak,"GCKAodlK St, vuZdWNpoyg, DEL 796247",95544.53,02-09-2008,08-10-1977,46,Female,1,4381.547,22549.43895,14171.27627,108304.2397,None,Married,15,25,Finance,Regional Account Head
878,dQOhYtND,"cpPItvSW St, jjHcotCdaC, BLR 403036",110063.73,08-09-1996,17-02-1967,57,Female,2,9171.627,25976.11146,16324.78098,128886.6875,Life,Divorced,27,36,Human Resources,Recruitment Manager
879,MMDhhdOQ,"dIgvjrUz St, UNfrreZQwu, HYD 691380",110269.52,03-06-1995,23-01-1970,54,Other,1,10859.048,26024.6799,16355.30399,130797.9439,None,Divorced,29,33,Human Resources,HR Director
880,ZZQfwXJS,"CkyZTlTx St, gGTrFDxJZR, HYD 959134",54761.89,05-04-2019,23-07-1993,30,Other,1,6551.811,12924.339,8122.34748,66115.69252,Both,Married,5,9,IT,QA Engineer II
881,nDEpASIC,"yIYEqXtw St, nKcLADQJmj, KOL 853483",83537.67,24-08-2022,10-07-1989,35,Male,4,5779.233,19715.70314,12390.40478,96642.20136,Life,Married,1,14,Sales,Regional Sales Manager
882,JztOAMrA,"SKihMfSX St, ZnOchSfYsL, CHN 147904",104196.11,02-11-2015,22-08-1987,36,Male,3,12966.389,24591.29603,15454.48872,126299.3063,Life,Married,8,15,Finance,Senior Account Executive
883,PXfLFxlL,"EyMqkqkl St, eOTndHOYbf, CHN 884648",147400.64,06-06-2021,27-03-1968,56,Other,2,4541.936,34787.9856,21862.63507,164867.9265,None,Divorced,3,35,Sales,Sales Director
884,PvTEukIQ,"QpNbOTEo St, sPvoaUesVU, KOL 992683",122716.55,21-03-2008,20-06-1971,53,Female,3,12587.345,28962.30012,18201.46201,146064.7331,Life,Married,16,32,Sales,Sales Director
885,MoBgRFwM,"SatpOxcg St, GVKPKstJuQ, DEL 699215",91410.38,18-03-2020,11-06-1983,41,Female,1,8630.962,21573.73932,13558.09432,108056.987,None,Married,4,20,Human Resources,Senior HR
886,nUhZtNtE,"VBbeZbBU St, ICInwcSSgL, HYD 873227",66207.64,21-09-2015,13-10-1993,30,Other,4,7054.236,15625.6474,9819.994488,79067.52891,Medical,Married,8,9,Human Resources,HR Associate
887,tWqZdlyw,"LWhLgJyK St, HJgySAMCwZ, KOL 862876",96950.08,08-01-2020,08-11-1988,35,Other,2,3459.992,22881.16243,14379.74909,108911.4853,Life,Married,4,14,Sales,Regional Sales Manager
888,cqtLsnpW,"ImVEkPpG St, OTAoeAGpWi, AMD 914671",79921.8,26-05-2012,27-12-1989,34,Other,3,9380.82,18862.32263,11854.09472,96310.84791,Both,Married,12,13,Finance,Senior Account Executive
889,eIykBEnS,"KFRLqodB St, UFkTtxFRfM, DEL 229227",103599.36,27-11-2017,21-10-1982,41,Female,3,14345.064,24450.45723,15365.97807,127028.9032,Life,Married,6,20,IT,Software Engineer III
890,VTBGfWOP,"FmkbPlOk St, kSBWzsRDOe, HYD 513747",33162.1,21-05-2023,05-11-2001,22,Female,0,8640.79,7826.578345,4918.641401,44710.82694,Both,Single,1,1,Human Resources,HR Representative
891,vrAyzjLy,"cHIhQkYf St, sraDmuMwou, KOL 997605",146012.31,13-08-2008,24-02-1974,50,Other,2,10037.769,34460.3262,21656.71634,168853.6889,None,Married,15,29,Finance,National Account Head
892,ipGinJqP,"ogjkzDQE St, PxKUtKVYWO, BLR 209286",56606.14,06-10-2022,02-03-1998,26,Other,3,5343.386,13359.59995,8395.888794,66913.23716,Both,Married,1,5,Human Resources,HR Associate
893,raaSSkgI,"tSziyWhl St, zVQBtuytgx, KOL 930832",127701.84,22-04-1991,16-10-1968,55,Female,2,8666.816,30138.87708,18940.88605,147566.647,Life,Widowed,33,34,Finance,National Account Head
894,CFuSTbnx,"IvYDwSmg St, GUmyFtGsZe, PUN 558448",74366.33,13-07-2023,11-08-1994,29,Other,3,7427.367,17551.17764,11030.10092,88314.77372,Life,Married,1,8,Human Resources,HR Associate
895,sCLdNMPR,"qMjVZafY St, EXrLBPpYda, MUB 702608",85241,01-04-2019,14-01-1990,34,Male,3,7964.9,20117.7056,12643.04467,100680.5609,Medical,Divorced,5,13,Human Resources,ERP Head
896,JligVSrl,"XpcXpyIv St, FQTgEJWEQr, BLR 879457",57250.02,23-07-2023,18-01-1995,29,Other,1,6656.998,13511.5619,8491.389828,68927.19007,Both,Married,0,8,Human Resources,HR Associate
897,FfEDnBtV,"KsIWJYuj St, tnfXDNePVE, DEL 281580",96726.28,21-09-2023,11-01-1992,32,Male,1,5391.372,22828.34345,14346.55481,110599.4406,Medical,Married,0,11,Sales,Senior Executive
898,tutyrwtC,"wOCPkbtk St, PlbtklAkJL, DEL 390535",91316.68,21-03-2016,28-03-1979,45,Other,,7457.332,21551.62521,13544.19662,106781.4406,Both,,8,24,IT,QA Lead
899,WwZqbLcO,"ygizOsVA St, moTyCbAFzu, PUN 255952",37295.85,10-01-2023,28-04-2002,22,Male,0,6338.415,8802.183577,5531.764029,46904.68455,Life,Single,1,1,Human Resources,HR Intern
900,gkSFJdDc,"gIonPQEu St, RZluRdDpIM, MUB 787564",69989.66,13-07-2023,02-07-1996,28,Other,4,6353.034,16518.24092,10380.94811,82479.98681,Both,Married,1,7,Finance,Account Executive
901,hAIuimCn,"sIQmIizr St, gcZDMhgnsN, CHN 812619",121258.94,12-03-1992,17-09-1970,53,Female,2,12305.106,28618.28998,17985.2676,144197.0684,None,Married,32,32,Finance,National Account Head
902,TSUnrXqs,"pvRhWRfz St, zlYYSNvTfG, BLR 939874",96112.66,04-02-2010,11-05-1989,35,Other,2,7148.734,22683.52316,14255.54198,111689.3752,None,Married,14,14,Finance,Senior Account Executive
903,sjrluZVI,"hrFThpWD St, OzMsCbKJGl, HYD 325410",83582.23,08-11-2011,25-04-1988,36,Female,1,5430.777,19726.21973,12397.01397,96342.21276,Medical,Married,12,15,Sales,Regional Sales Manager
904,FviOBahL,"cBrYjeGT St, omlQAbvbXo, AMD 834671",140616.68,28-10-2003,08-04-1968,56,Other,3,8289.332,33186.90501,20856.4302,161236.4868,Medical,Married,20,35,Sales,Sales Director
905,ciyOTeeC,"FSJOKKmQ St, JluWaahkZZ, DEL 618269",149249.25,15-01-1997,10-02-1972,52,Other,4,3159.075,35224.27555,22136.82307,165495.7775,None,Married,27,31,Finance,Account Director
906,SioJKasp,"LJYtafNe St, LFzeNJwRwR, MUB 297378",33371.55,17-07-2023,13-08-2000,23,Other,0,8577.845,7876.010584,4949.70727,44875.69831,Both,Single,1,2,Marketing,Marketing Intern
907,QKXaLHPD,"xyahRmSm St, dXXqqHHxuN, KOL 381565",64593.11,25-11-2022,13-09-1994,29,Female,0,6738.689,15244.6026,9580.525512,76995.87609,Both,Single,1,8,Finance,Account Associate
908,ThyEMEJD,"VUogotEb St, ioNlfgeEjI, PUN 436459",65796.71,03-09-2016,06-12-1993,30,Other,0,7923.329,15528.66392,9759.04487,79489.65805,Life,Single,7,9,Finance,Account Executive
909,kLjHFnxO,"UaCrvQgr St, CMWYWvOPhw, CHN 467687",24755.18,03-04-2022,28-08-2000,23,Other,0,6778.482,5842.463406,3671.717209,33704.4082,Both,Single,2,2,Sales,Business Development Representative
910,saMCpIho,"btVWHUaT St, EaCKJPiptZ, KOL 415541",70325,10-11-2018,25-11-1996,27,Other,4,8558.5,16597.38443,10430.68613,85050.1983,Both,Married,5,6,Marketing,Marketing Representative
911,QQEvHMwb,"NsACyaZy St, OVpoNvRpGm, MUB 204448",124117.33,17-08-2005,28-01-1964,60,Other,1,6449.267,29292.89783,18409.22734,141450.2675,None,Divorced,18,39,IT,Technical Lead
912,ItpeEXRb,"sqdFXXgP St, boQkzIEgsV, CHN 152400",15099.73,25-08-2024,02-06-2002,22,Other,0,8288.027,3563.683236,2239.609588,24711.83065,None,Single,-1,1,Finance,Accounts Intern
913,WdaHQgOb,"UvQeidSB St, WvtDXbzYuj, BLR 113885",105020.8,06-05-2019,16-10-1981,42,Male,2,8860.92,24785.9309,15576.80771,123090.8432,Medical,Married,5,21,Finance,Senior Account Executive
914,QVvkPTyx,"dLWbVfXz St, fkEfTWkbaN, KOL 715370",113195.33,15-04-2009,25-02-1973,51,Female,2,9334.467,26715.19954,16789.26354,132455.733,Life,Married,15,30,Finance,Account Director
915,LQogRygq,"ylNfKMxi St, NlultZEBMx, AMD 585225",87569.98,17-05-2020,02-07-1982,42,Other,2,6016.002,20667.36754,12988.48171,101264.8678,Both,Married,4,21,IT,QA Lead
916,yShroxJy,"XreGFEam St, JAKBBVsCgA, DEL 579221",86120.58,21-04-2022,04-10-1982,41,Male,2,5176.942,20325.29504,12773.505,98849.31203,Medical,Married,2,20,IT,QA Lead
917,uGLsRJNL,"GbaiZtHs St, xdtRvxArZt, BLR 191774",132886.34,07-12-2010,02-12-1973,50,Other,3,6079.366,31362.46954,19709.85714,150618.3184,Life,Married,13,29,Finance,Account Director
918,HLlylsRn,"UgdzmdUI St, kFXocBqpFX, KOL 327861",93840.15,18-11-2012,26-07-1980,43,Other,4,4709.985,22147.18869,13918.48064,106778.843,Life,Married,11,22,Finance,Senior Account Executive
919,FbDMidwX,"vDXMmJzg St, WlZyeRJcWf, PUN 438661",118224.56,03-01-1998,27-03-1969,55,Male,2,10596.544,27902.14676,17535.20481,139188.046,Both,Divorced,26,34,Finance,Account Director
920,cspETyeN,"IgqSmCIO St, lmHbyfrLMW, AMD 876702",53088.49,25-02-2024,07-02-1995,29,Other,0,6367.151,12529.40032,7874.146838,64110.89448,Medical,Single,0,8,Finance,Account Executive
921,JWzmYnXZ,"FRzkRsOJ St, JUlujfpBEM, MUB 465213",51759.84,07-03-2019,11-04-1998,26,Male,0,7201.016,12215.82599,7677.079918,63499.60207,Medical,Single,5,5,Marketing,Marketing Associate
922,KfDzawFq,"bvfmTfEc St, mmuBtcqfnR, MUB 639382",55488.29,10-09-2022,03-02-1998,26,Female,4,7229.171,13095.77647,8230.087977,67583.1495,None,Married,1,5,Human Resources,HR Executive
923,RCirMNBb,"CuhFxcip St, BaSqQrKPSA, DEL 405675",85041.37,02-09-2002,21-10-1978,45,Male,,7410.863,20070.59097,12613.43532,99909.38866,Life,,21,24,Sales,Senior Executive
924,IWVZhOUN,"wxqtqGFB St, AlfJnxMxEi, PUN 338362",34734.85,03-02-2022,03-12-2001,22,Other,0,7657.515,8197.762652,5151.913518,45438.21413,Medical,Single,2,1,Finance,Accounts Intern
925,bYKVApbO,"LbNrxGVr St, QgjLhwhsIX, PUN 624973",42619.86,01-09-2021,04-03-2000,24,Female,1,8566.014,10058.70175,6321.42741,54923.14834,Both,Married,2,3,Marketing,Marketing Intern
926,hhhNtyrP,"ujRoAVno St, TrBNgEcqHm, BLR 410075",25950.76,22-08-2021,14-04-2000,24,Other,0,6211.924,6124.631922,3849.047031,34438.26889,Life,Single,2,3,Sales,Sales Development Representative
927,hRmmPiDp,"tCyuzzoF St, pYUytCWoyN, KOL 356971",138865.3,08-11-2014,10-06-1964,60,Other,2,7956.47,32773.56229,20596.66347,158998.6688,None,Divorced,9,39,Finance,Account Director
928,kdJXgqsq,"VReZMKEN St, BJtFISsMIi, CHN 466605",133112.08,20-02-2013,08-04-1975,49,Male,4,8339.792,31415.74637,19743.33916,153124.2792,Life,Married,11,28,IT,Technical Lead
929,OSaivLcw,"ZWbfChir St, GYVNxaPOFJ, HYD 544286",104050.8,04-08-2014,13-08-1977,46,Female,3,12751.92,24557.00146,15432.93618,125926.7853,None,Divorced,9,25,Marketing,Senior Marketing Executive
930,JXXmsgxp,"cBUZirUw St, hcGNGNQGDH, PUN 937772",134776.22,02-09-1998,12-01-1973,51,Male,1,8144.378,31808.49961,19990.16635,154738.9313,None,Widowed,25,30,Marketing,Marketing Director
931,lOrwNntV,"idmbdggf St, YrLjEIPUen, AMD 810423",107147.54,10-02-2018,15-06-1990,34,Female,2,12394.246,25287.86224,15892.24827,128937.4,Life,Married,6,13,Human Resources,Senior HR
932,zNksQEKv,"FnGsoZSK St, rXboJWsQya, AMD 266055",69740.55,04-06-2017,26-12-1996,27,Female,4,8679.945,16459.44854,10343.99982,84535.94372,Medical,Married,7,6,Sales,Sales Executive
933,lgBoiLrB,"ICHSRifW St, qplMVhTelr, KOL 529539",133863.29,09-09-2015,27-09-1970,53,Other,1,7923.671,31593.03925,19854.75951,153525.2407,None,Married,8,32,Finance,Account Director
934,uGUZHHfV,"DpbGkxDz St, ExPmCYIaHU, CHN 936450",76468.04,02-12-2022,19-02-1990,34,Other,4,7302.196,18047.20165,11341.829,90475.60866,Both,Married,1,13,Finance,Regional Account Head
935,oMvCwfAT,"VYsWdqNN St, OyMWvESjZI, DEL 656280",52745.15,14-12-2019,12-10-1998,25,Other,1,5013.485,12448.36873,7823.222248,62383.78149,Medical,Married,4,4,Sales,Sales Representative
936,NKHJxnPK,"eLIUbtLb St, WometIQJCm, HYD 785565",80788.2,14-08-2015,02-05-1989,35,Male,3,5052.18,19066.80146,11982.60018,92924.58128,Both,Divorced,8,14,IT,Software Engineer III
937,uOwqauWe,"CDyiZbeQ St, ZLDmrBmtdC, CHN 913756",60145.38,01-04-2021,27-07-1997,26,Male,0,8188.462,14194.89504,8920.833004,73607.90403,None,Single,3,5,Sales,Sales Representative
938,PaGGxEcb,"nTTTVuKn St, thcgtMOteL, PUN 882041",71541.58,12-08-2023,26-06-1994,30,Other,4,6378.842,16884.50915,10611.1307,84193.80045,Medical,Married,0,9,Sales,Sales Representative
939,ULCDKIhy,"STqcDyio St, HfLaeVvTsk, PUN 787160",40368.08,24-06-2023,20-10-1999,24,Male,2,8208.192,9527.259757,5987.440771,52116.09099,Medical,Married,1,3,Marketing,Marketing Intern
940,hZOqNlVh,"ijiFHIHd St, nYHtuDXtfJ, BLR 743765",50001.46,19-01-2024,17-04-1999,25,Other,0,6797.854,11800.83119,7416.274943,61183.87025,Medical,Single,0,4,Human Resources,HR Executive
941,zjEYowbh,"zKIiGlzf St, WphWTeHHrH, BLR 651109",148256.24,28-06-2019,06-06-1965,59,Male,2,6418.376,34989.91552,21989.53866,167674.9929,Both,Married,5,38,Human Resources,HR Director
942,mZdXXmPA,"CqWCKmAg St, rpafVzyPkM, MUB 491309",95967.46,22-10-2002,13-09-1978,45,Female,,7020.254,22649.25455,14234.00575,111402.9628,None,,21,24,Sales,Regional Sales Manager
943,siLXDuOr,"pdEYjuck St, ylYwSJZPCL, PUN 929247",95126.06,01-09-2022,21-02-1991,33,Male,3,6819.394,22450.67596,14109.20832,110286.9216,None,Married,1,12,Sales,Regional Sales Manager
944,YshgZuNE,"NvmuNqmC St, wscbOmciuW, BLR 128675",76975.56,28-10-2014,15-12-1978,45,Female,,9523.444,18166.98131,11417.10496,93248.88036,Life,,9,24,Finance,Senior Account Executive
945,KEkTuCwY,"bxeLmhwS St, UnORbJyvMA, AMD 446841",100642.51,26-02-1999,11-11-1977,46,Female,4,8426.749,23752.61185,14927.41462,117894.4562,Life,Married,25,25,Human Resources,Senior HR
946,ATFTGqSj,"iLtPSvCA St, CCVPOnIJyt, AMD 560531",102011.71,11-11-2015,01-04-1992,32,Other,2,9204.829,24075.75637,15130.49596,120161.7994,Both,Married,8,11,Marketing,Senior Marketing Executive
947,TCgeFOjw,"cHnoiaIC St, aaeQyLfBAM, BLR 341612",143229.31,22-11-2002,10-03-1975,49,Female,2,4249.069,33803.51112,21243.93853,160037.9516,Medical,Divorced,21,28,Finance,National Account Head
948,etksOtQK,"nPbQNiyq St, GKtIvSUmbf, PUN 278736",70552.48,05-01-2021,26-06-1993,31,Male,2,8882.752,16651.07192,10464.42623,85621.87769,Medical,Married,3,10,Marketing,Marketing Representative
949,DsKKEODx,"lbhufkeS St, izqYZFhMvE, HYD 232977",84328.29,06-11-2023,21-10-1978,45,Female,,6120.171,19902.29715,12507.67046,97843.08769,Life,,0,24,Human Resources,Senior HR
950,xDmjjBGL,"aUYVjckc St, fKvOuHHanv, HYD 774064",114239.02,26-03-2012,26-07-1971,52,Female,1,12701.098,26961.52054,16944.06486,136957.5737,Both,Married,12,31,IT,IT Manager
951,OrUpUnjr,"OZOhFNCa St, eVuuCmTeXP, CHN 420045",132386.69,16-01-2017,17-02-1969,55,Female,2,6446.331,31244.54727,19635.74847,150441.8198,Medical,Married,7,34,Marketing,Marketing Director
952,CHGVNheb,"jflhzYEk St, CJyuHBZGmy, KOL 953170",60201.93,10-09-2023,22-02-1996,28,Male,0,9596.807,14208.24139,8929.220566,75077.75782,None,Single,0,7,Human Resources,HR Executive
953,TeXKtwKQ,"gndEyOBj St, lCWEEtQvQt, PUN 349564",95183.11,04-12-2010,19-08-1984,39,Male,4,4825.689,22464.14032,14117.67004,108355.2693,None,Married,13,18,Human Resources,Senior HR
954,PPvFhlri,"XGVuFgYO St, UxnlAFhvBe, CHN 459159",111141.4,03-10-2008,16-09-1965,58,Other,1,10341.86,26230.45207,16484.62225,131229.0898,Both,Widowed,15,37,Sales,National Sales Manager
955,sRGivKVJ,"kykMSWzS St, ErlLyJvjIG, MUB 739198",129768.67,25-10-2021,24-05-1968,56,Other,2,9676.133,30626.66908,19247.44069,150824.0314,None,Married,2,35,Finance,Account Director
956,HYhYbAHp,"TAHKitBe St, wcbdwirlVx, DEL 264157",128035.16,15-12-1997,12-12-1965,58,Other,1,8940.484,30217.54384,18990.32446,148202.8634,Life,Married,26,37,Sales,Sales Director
957,oYEPiMdf,"ioMbbghU St, VBKsGlHKjC, CHN 333043",131822.19,21-03-2012,20-06-1977,47,Other,3,5104.781,31111.31978,19552.02117,148486.2696,Both,Married,12,26,Sales,National Sales Manager
958,hkOlewrb,"NkzTaPOb St, sIwwbLvnpg, MUB 645665",30018.83,26-08-2023,16-09-2002,21,Male,0,8448.117,7084.736034,4452.427924,41099.25511,Life,Single,0,0,Finance,Account Representative
959,cUkyoArm,"hKxPUAGz St, obVWmAjzBY, AMD 812719",131892.07,15-05-2000,08-12-1965,58,Female,2,5050.793,31127.81214,19562.38586,148508.2893,None,Married,24,37,Human Resources,Recruitment Manager
960,UzTXblBs,"DWEVkQqw St, wlrrrbYaoO, HYD 289229",95068.19,06-04-2008,22-03-1984,40,Other,1,7543.181,22437.01808,14100.62497,110947.7641,Life,Married,16,19,Human Resources,ERP Head
961,HOKAxwfv,"mqNJstPn St, cFKxXGpfJU, BLR 862163",129381.22,19-10-2003,18-03-1968,56,Other,2,7251.878,30535.2271,19189.97365,147978.3515,Both,Married,20,35,Finance,Account Director
962,mpRdIjiy,"IFhMXOEU St, YtcCBElScy, KOL 927499",129747.75,15-05-2018,24-02-1976,48,Female,4,11712.225,30621.73175,19244.33781,152837.3689,None,Married,6,27,Marketing,Marketing Director
963,KTwGrlwV,"DipIFwrl St, fjSytdRHpC, PUN 573068",91959.47,17-10-2017,25-06-1980,44,Male,1,5791.053,21703.3299,13639.53599,105814.3169,Life,Married,6,23,Sales,Senior Executive
964,gDaVzFlO,"uoHUicde St, RhjcltEJFo, MUB 319531",49057.19,18-12-2023,26-06-1999,25,Male,3,5568.281,11577.97428,7276.219714,58927.22557,Medical,Married,0,4,Sales,Sales Executive
965,ShQYhTYM,"jLCxyPKK St, bmLKQHqRXf, DEL 911215",81072.17,15-09-2018,27-05-1988,36,Female,3,5959.783,19133.82114,12024.71894,94141.05521,Both,Married,5,15,IT,QA Lead
966,RHVfVevb,"fhetzeAk St, OhCbUiXSZi, AMD 615219",79150.38,23-11-2017,27-06-1982,42,Female,2,6373.962,18680.26,11739.6768,92464.9252,Both,Married,6,21,IT,Software Engineer III
967,SViJFZhg,"ImtfERNi St, xeTamEvXTX, HYD 248767",104867.17,27-01-2020,23-11-1985,38,Male,2,10062.283,24749.67273,15554.02113,124125.1046,Medical,Married,4,17,IT,Software Engineer III
968,xEWtbmyQ,"yFvyeQuu St, DeBsSxymep, MUB 161741",82401.81,07-10-2012,23-11-1988,35,Other,2,6804.819,19447.62912,12221.93269,96432.32543,Medical,Married,11,14,IT,Software Engineer III
969,ynSHbLfd,"ytpBSeoT St, jzFNkpkxwI, AMD 584334",145484.45,26-01-2017,27-04-1969,55,Male,2,6283.555,34335.74611,21578.42353,164525.3276,None,Married,7,34,Sales,Sales Director
970,jjcAvAdc,"ldVPECXo St, FhETAXALIb, HYD 958505",77111.2,11-01-2019,07-06-1979,45,Other,,7493.88,18198.99367,11437.22324,91366.85043,None,,5,24,Sales,Regional Sales Manager
971,UrKlooWS,"qGTWGnmq St, MXmXiHBAny, AMD 792868",93743.17,07-08-2013,10-04-1989,35,Male,4,8298.683,22124.30046,13904.09646,110262.057,None,Married,10,14,IT,Software Engineer III
972,RjPdKORu,"wmnSYvFl St, HMDRJwpUDP, CHN 397505",136689.29,10-09-1994,27-02-1969,55,Female,2,8417.071,32260.00275,20273.91513,157092.4486,Both,Married,29,34,Marketing,National Marketing Manager
973,QbagiepP,"QWlzyKyv St, pxhTQPHOxv, DEL 556238",19337.8,25-09-2021,19-12-1999,24,Other,0,5507.22,4563.909002,2868.20508,26540.72392,Both,Single,2,3,Human Resources,HR Intern
974,xvgFBKJL,"lsotNdGO St, XGDYQDgXkb, DEL 617815",122168.31,04-03-2006,13-05-1971,53,Female,2,9340.169,28832.91015,18120.14642,142221.2427,Medical,Married,18,32,IT,IT Manager
975,OFnqRNnR,"cIgOMIHf St, vtNzccBosH, MUB 490220",102966.68,21-01-2020,25-12-1987,36,Male,1,14508.332,24301.13859,15272.13823,126504.0124,Both,Divorced,4,15,Marketing,Regional Marketing Manager
976,dBOpAFcA,"steSfTNi St, cCOWKOCqlj, MUB 795772",146897.11,06-04-2003,18-05-1966,58,Male,2,5491.289,34669.14762,21787.95091,165269.5957,Medical,Married,21,37,Sales,National Sales Manager
977,oyApuUqv,"EtKVovQX St, mYaUdZRVak, PUN 261951",98958.98,04-05-2010,19-09-1978,45,Female,,5397.102,23355.28238,14677.71149,113033.6529,Medical,,14,24,Sales,Senior Executive
978,NLrNYOmD,"FUATHedF St, SUYFTHrSDd, MUB 445260",140297.79,18-12-2013,07-08-1975,48,Male,2,5896.221,33111.64387,20809.13206,158496.5228,Both,Married,10,27,Marketing,Marketing Director
979,wdrvYFJn,"iNSpNOBK St, UQFCbakcDc, HYD 564990",103530.39,09-02-2006,24-01-1983,41,Male,1,11344.961,24434.17964,15355.74836,123953.7823,Both,Divorced,18,20,Marketing,Regional Marketing Manager
980,HdCjAmRG,"bXcTEtry St, TovFrMEKAv, AMD 752690",51570.74,04-02-2022,06-01-1998,26,Other,1,7095.926,12171.19655,7649.032385,63188.83016,None,Married,2,5,Finance,Account Associate
981,HfAMqihz,"hPKWwAZP St, KwtdaHLuJg, MUB 669468",17944.99,12-09-2024,27-02-2000,24,Female,3,6109.501,4235.192287,2661.621874,25628.06141,Both,Married,-1,3,Finance,Account Representative
982,OltflhIG,"QIHKqIku St, aKhZnsSrph, HYD 424790",104796.74,26-01-2022,09-02-1982,42,Female,2,8970.326,24733.05056,15543.57487,122956.5417,Medical,Married,2,21,Marketing,Regional Marketing Manager
983,HTiorVnO,"CtBOzqPN St, PyMQCMuIGZ, HYD 754060",119808.21,13-03-2003,24-02-1977,47,Male,2,7238.179,28275.90358,17770.09363,137552.1989,None,Widowed,21,26,Marketing,National Marketing Manager
984,CmfhMNMS,"VgtTkSkc St, hBlGAvWHil, KOL 659160",95706.63,19-06-2022,26-08-1981,42,Other,1,4563.337,22587.69613,14195.31914,108662.344,Life,Married,2,21,Marketing,Senior Marketing Executive
985,eLXJNhQK,"ROcyYJYJ St, yfjYTkfnZo, PUN 340734",129029.87,23-02-2007,16-02-1968,56,Male,2,10292.013,30452.30509,19137.86101,150636.3271,Life,Married,17,35,Sales,National Sales Manager
986,ZOoFRLIq,"GZSZgvTT St, sQHtHGIgCQ, DEL 362801",72622.84,27-01-2020,17-09-1994,29,Male,0,10065.716,17139.69703,10771.50444,89056.74859,Life,Single,4,8,Sales,Sales Executive
987,azvekRcs,"fNaWtMyE St, gqMGIENxAX, BLR 445250",69555.71,10-07-2017,27-08-1993,30,Other,0,7983.429,16415.8245,10316.58414,83638.37936,Medical,Single,7,9,Sales,Sales Representative
988,XvNNoVuP,"bUDeOOjW St, KSjbNDFBVK, BLR 297440",76219.53,12-01-2015,15-06-1986,38,Female,2,9809.047,17988.55088,11304.96971,92712.15817,None,Married,9,17,IT,Software Engineer III
989,VBWvfdsg,"ekrVDnxp St, ABqtzbwgfR, KOL 864064",93180.14,28-05-2019,13-01-1992,32,Other,3,5640.986,21991.4199,13820.58719,106991.9587,None,Married,5,11,Human Resources,ERP Head
990,qucFmMNl,"hFnUxUiD St, zSXfwTBtxV, DEL 885045",82605.26,23-07-2014,17-04-1991,33,Female,1,5258.474,19495.6453,12252.10864,95107.27067,Medical,Divorced,9,12,Marketing,Senior Marketing Executive
991,JlNhafVN,"sjgFFLJR St, pZHeHDIZqh, DEL 920924",111640.69,21-12-2011,15-05-1976,48,Female,1,8535.931,26348.28937,16558.67752,129966.2328,Life,Widowed,12,27,IT,IT Manager
992,AdZbCJti,"vjZPFFxF St, bGCwIqIatE, PUN 115478",84785.6,11-12-2023,27-11-1988,35,Male,3,8332.44,20010.22676,12575.49921,100552.7676,Both,Divorced,0,14,Human Resources,Senior HR
993,qjYJytfx,"fUIBYsNt St, JEvNdkGuWH, BLR 524535",129419.68,14-07-2010,26-08-1974,49,Female,1,8628.032,30544.30404,19195.67808,149396.338,Both,Widowed,14,28,IT,IT Manager
994,bhZdgsoH,"CiacLzrj St, QxGcGkxxxI, MUB 634473",88100.65,01-09-2023,26-12-1991,32,Other,1,5107.935,20792.61083,13067.1913,100934.0045,Both,Married,0,11,Human Resources,ERP Head
995,EmoPGfIG,"UzFCfbWO St, FIIXTTTBnw, MUB 948873",139148.5,18-07-2014,22-02-1977,47,Male,2,9445.15,32840.40024,20638.66803,160795.3822,Medical,Married,10,26,Finance,Account Director
996,QiAFitke,"DMFmGaYK St, doYAWBotDX, CHN 414438",116346.63,08-05-1993,20-02-1971,53,Other,2,10819.337,27458.93701,17256.66804,137368.236,None,Widowed,31,32,Finance,National Account Head
997,vbXakAXP,"FWBmqpWS St, EcelVWPpFB, BLR 495008",116034.96,26-01-2015,07-01-1975,49,Female,2,9823.504,27385.37985,17210.44078,136033.4031,None,Married,9,28,Sales,National Sales Manager
998,ADIIXLti,"oxWTfBFZ St, AYobzfRTiA, MUB 777455",82008.24,05-01-2009,21-07-1977,46,Other,3,5323.176,19354.74277,12163.55793,94522.60084,Life,Divorced,15,25,IT,QA Lead
999,PcoBfvbW,"ZwyetpBq St, pUNHTPApAr, CHN 460083",114946.23,08-07-2010,20-06-1973,51,Female,2,8460.377,27128.42898,17048.95908,133486.0769,Both,Married,14,30,Finance,Account Director
1000,cuAqQIPs,"sXILgjNM St, otCANRniww, KOL 729704",79226.72,28-01-2022,18-05-1992,32,Female,3,7692.328,18698.27698,11750.99964,93866.32535,Life,Married,2,11,Human Resources,ERP Head
1001,KKWMQlri,"jplpQPPP St, CPpDhKJBLE, KOL 549712",127932.58,17-10-1994,16-05-1965,59,Other,3,5832.742,30193.33397,18975.10968,144983.5463,Life,Divorced,29,38,Sales,Sales Director
1002,KoGGyLUe,"uQiTbFmQ St, FQDbnNMhcf, DEL 670432",98384.35,06-09-2018,03-03-1979,45,Other,,6207.565,23219.66411,14592.48169,113219.0974,Life,,5,24,IT,Software Engineer III
1003,ZOFgTnTu,"GsJwIHvk St, nwmZEwVmtc, HYD 571729",55784.88,16-03-2019,09-02-1996,28,Male,1,4680.512,13165.7746,8274.078552,65357.08805,Both,Married,5,7,IT,QA Engineer II
1004,waRiXdJa,"qudgqPBQ St, icnggNRdSH, MUB 550125",83505.9,06-01-2016,27-09-1982,41,Female,4,7645.41,19708.20511,12385.69261,98473.8225,Medical,Married,8,20,Finance,Senior Account Executive
1005,ILWUuXEg,"nCGBoqkF St, LfLdtkmiKy, BLR 733785",145693.89,24-02-2008,09-09-1974,49,Female,1,8449.611,34385.17599,21609.48792,166919.1891,None,Married,16,28,Human Resources,Recruitment Manager
1006,XplxGBrH,"zgnBlCaT St, LukETQfaGq, MUB 667245",123146.1,19-01-2006,22-09-1971,52,Female,3,9337.39,29063.6781,18265.17337,143281.9947,Life,Married,18,31,IT,Technical Lead
1007,fKBdctrq,"seRGFYLK St, FoZEMgVINq, CHN 965891",109121.58,02-04-2013,20-09-1991,32,Female,2,10756.842,25753.75489,16185.04019,129447.1367,Medical,Divorced,11,11,IT,Software Engineer III
1008,KBDrViNl,"vNTKzoHW St, GFWzgvrcIZ, KOL 268635",60954.35,20-04-2022,26-01-1996,28,Female,3,11027.565,14385.81983,9040.82038,77326.91445,Medical,Married,2,7,Sales,Sales Executive
1009,IuhKKlgY,"oRzLnlLn St, tjtBgXIqqg, HYD 136466",87450.08,24-05-2014,21-05-1980,44,Female,3,6530.992,20639.06998,12970.698,101649.444,Life,Divorced,10,23,IT,QA Lead
1010,JSijgWFc,"oYLenGVm St, mogLjyOtLv, MUB 365601",141131.46,19-04-2017,06-09-1970,53,Male,1,8136.854,33308.3981,20932.78297,161643.9291,Life,Married,7,32,Sales,Sales Director
1011,UkWmvyla,"eplPvwuN St, GQkLDRHojN, HYD 181690",133016.98,18-02-2006,16-12-1972,51,Female,3,9948.302,31393.30185,19729.23382,154629.35,Medical,Married,18,30,IT,IT Manager
1012,QGmjYIoC,"RbYeyEzH St, FHhXqZDETB, KOL 869780",131483.44,26-06-2001,12-11-1971,52,Female,2,10054.656,31031.37148,19501.77738,153067.6901,Both,Married,23,31,Sales,Sales Director
1013,KfoVtOkz,"qzXVPQTn St, YWkkMLaHvZ, BLR 959788",146597.27,17-07-2002,12-07-1971,53,Male,4,9468.273,34598.38246,21743.47829,168920.4472,Medical,Married,22,32,Marketing,Marketing Director
1014,rJJkYikK,"LRZqfLqs St, iaBYwLYbQg, MUB 478479",97674.09,09-04-2000,24-11-1979,44,Female,4,5222.591,23052.03584,14487.1351,111461.5817,Both,Married,24,23,Finance,Senior Account Executive
1015,CgxWPqoL,"TKxBqvvW St, dKOJgyRYtq, BLR 810669",89515.57,24-05-2017,26-08-1984,39,Male,4,8415.443,21126.54572,13277.05389,105780.5048,Life,Married,7,18,Human Resources,ERP Head
1016,lMuWiuUV,"BASGPmSP St, kQOyuhRuVD, PUN 565655",43619.96,24-08-2022,17-09-2001,22,Male,0,8169.004,10294.73509,6469.76341,55613.93567,Both,Single,1,1,IT,Software Engineer I
1017,DxNsboiw,"mekpbulF St, hFgsoIAlns, PUN 942041",102000.09,11-09-2022,11-05-1989,35,Female,4,12719.991,24073.01394,15128.77247,123664.3225,Life,Married,1,14,IT,Software Engineer III
1018,yjBoBNWI,"NPEsoBRd St, oYZoINeOuS, CHN 418804",129804.23,07-07-2012,16-03-1971,53,Male,1,11484.577,30635.06158,19252.71499,152671.1536,Life,Married,12,32,Sales,Sales Director
1019,tOgOsOzV,"nRWBOqgl St, AmhuxoRqNT, HYD 279788",82107.38,11-02-2017,11-02-1983,41,Male,2,9195.262,19378.14078,12178.26249,98502.52029,Medical,Married,7,20,Marketing,Regional Marketing Manager
1020,WZzzRxzZ,"CvPvrJRc St, ZTNuRVcvOZ, BLR 473333",124279.51,16-06-2000,13-04-1968,56,Other,3,11104.049,29331.17389,18433.28207,146281.4508,Life,Married,24,35,Sales,Sales Director
1021,vUrmdqpa,"BQCymMwi St, YMngeilDyl, DEL 627573",149272.9,11-08-2007,10-05-1966,58,Female,3,8074.71,35229.85718,22140.33086,170437.1363,Both,Married,16,37,IT,Technical Lead
1022,FlUxkYYI,"VPCsuwxB St, FxRTCpYgwf, AMD 730191",87620.45,18-11-2021,03-12-1984,39,Other,3,8966.955,20679.27895,12995.96747,104270.7165,Medical,Divorced,2,18,Marketing,Regional Marketing Manager
1023,eJSpCWkk,"FvGEmaYu St, vONesPVnKw, BLR 605520",89317.33,21-11-2019,25-02-1983,41,Other,3,5538.267,21079.75915,13247.6507,102687.7055,Both,Divorced,4,20,Human Resources,ERP Head
1024,oCdHdUQZ,"mQcyhwBz St, jpAMePihuc, CHN 132823",140902.48,18-02-1996,02-06-1969,55,Male,2,8544.752,33254.35659,20898.82039,161802.7682,None,Widowed,28,34,IT,Technical Lead
1025,KtdGFyns,"fmPAdndO St, ofufsdKxrW, KOL 132737",29529.23,06-07-2020,02-10-1999,24,Male,4,5582.077,6969.185669,4379.80988,37700.68279,Medical,Married,4,3,IT,QA Engineer I
1026,DMJqJoOR,"BNTeKKhU St, yUslJxlQhY, KOL 988245",25268.48,22-08-2022,28-01-2000,24,Other,1,5557.152,5963.607202,3747.850464,33041.38874,Medical,Married,1,3,Sales,Business Development Representative
1027,HsquENVD,"hmUaqNAm St, nDSjmbPTVp, MUB 783980",58942.05,13-11-2019,15-05-1998,26,Male,0,6900.795,13910.89745,8742.353693,71011.38875,None,Single,4,5,Sales,Sales Representative
1028,UkrkabTr,"tTGSKvcV St, wvfjOVpQkR, BLR 932020",131316.77,20-09-2004,22-07-1973,50,Other,2,7987.323,30992.03574,19477.05669,150819.0721,Both,Widowed,19,29,IT,Technical Lead
1029,gMjUAOlN,"KDfMsnQh St, HuscMCXSLL, CHN 783699",89820.3,26-05-2017,12-05-1983,41,Female,3,8907.97,21198.46496,13322.2518,106604.4832,Life,Divorced,7,20,IT,Software Engineer III
1030,GjpMWOaA,"lCZsphau St, kspKmKijiJ, CHN 920395",57672.33,20-02-2022,09-05-1993,31,Male,1,6627.767,13611.23117,8554.02734,69357.30083,None,Divorced,2,10,Marketing,Marketing Associate
1031,QhCcJpzt,"pNPAVVmV St, gcmSmlkZCM, CHN 136423",111875.48,11-07-2009,11-05-1968,56,Male,2,7515.452,26403.70209,16593.50185,129201.1322,None,Married,15,35,Human Resources,HR Director
1032,TkGEUSSA,"oEQQPIss St, upfdqrAAIH, CHN 886686",76439.76,28-03-2015,04-11-1979,44,Female,2,6328.024,18040.5273,11337.63448,89470.67682,None,Married,9,23,Sales,Regional Sales Manager
1033,sSjQxYyz,"NeXsoMgT St, lScNDtetMm, DEL 921975",102945.12,03-07-2023,14-06-1981,43,Male,1,12633.488,24296.05022,15268.94043,124605.7178,Life,Divorced,1,22,Sales,Regional Sales Manager
1034,OVVGosUv,"WjWUFsMT St, zwHyjiNWDx, BLR 273921",110682.2,12-02-1996,15-06-1969,55,Male,2,13686.78,26122.0764,16416.51317,134074.5432,Life,Divorced,28,34,Sales,Sales Director
1035,yCezYiFJ,"aCMTpSNA St, teZXsrSdKz, CHN 760954",111420.62,13-02-2012,18-10-1968,55,Female,1,7822.938,26296.35071,16526.03648,129013.8722,Life,Divorced,12,34,Sales,National Sales Manager
1036,fSTKbpBC,"XMwhMwSa St, jgJAIAwKuH, CHN 355602",107270.44,01-06-2000,06-08-1978,45,Other,,9860.956,25316.86783,15910.47694,126537.7869,Both,,24,24,Sales,Regional Sales Manager
1037,VpXNSxrh,"oSXMBhwt St, xMHmUmfEuJ, KOL 462902",30950.23,01-06-2023,17-12-2002,21,Other,0,9832.977,7304.555499,4590.57426,43497.18824,Both,Single,1,0,Marketing,Marketing Intern
1038,YzUKDTID,"nEywFDYu St, LZQIWmwMuX, CHN 865264",133866.81,05-05-2004,12-09-1964,59,Female,1,5541.319,31593.87,19855.2816,151146.7174,Both,Widowed,20,38,Sales,National Sales Manager
1039,gbOeqWRm,"ylOnmVTL St, RTKQgNyjGN, BLR 464363",83592.77,12-11-2020,13-01-1987,37,Female,3,8962.723,19728.70727,12398.57727,99885.623,Both,Married,3,16,Human Resources,Senior HR
1040,PqAaXPXk,"HNHvSqVm St, QpdojaPVUO, HYD 513126",103111.48,02-04-2020,13-07-1981,43,Male,2,11449.852,24335.3128,15293.61514,123603.0297,Both,Married,4,22,Sales,Senior Executive
1041,pxeBHKnh,"cYlCtMhu St, nYuRABSlaa, MUB 689857",136580.13,28-04-2011,14-11-1971,52,Male,2,7331.987,32234.23993,20257.72439,155888.6325,Life,Widowed,13,31,Sales,National Sales Manager
1042,vNkTTBmv,"tXItZUZT St, DNOAaCywhc, PUN 544680",105646.42,18-04-2005,08-08-1983,40,Other,3,11971.358,24933.58331,15669.6004,126881.7609,Life,Married,19,19,Finance,Senior Account Executive
1043,zcIXldQO,"NmkoZGTu St, MBhOXIZhic, CHN 562552",115003.48,21-07-2004,23-10-1969,54,Other,2,10533.652,27141.94054,17057.45046,135621.6221,Medical,Married,19,33,IT,Technical Lead
1044,RdBKmcdy,"NRllmRug St, tzNnbvdhOW, CHN 299073",65633.74,27-01-2023,26-03-1997,27,Male,2,8826.626,15490.20141,9734.872969,80215.69444,None,Married,1,6,Sales,Sales Representative
1045,tvaCdplH,"NcUAHTNz St, jXaWcPdMWE, BLR 900992",73019.01,25-01-2020,13-03-1998,26,Male,0,7194.099,17233.19701,10830.26484,86616.04117,Both,Single,4,5,Finance,Account Executive
1046,gSbQJFrr,"ocJyblXL St, rBCMipvuop, PUN 949687",102256.3,08-07-2021,15-07-1978,46,Male,1,12245.37,24133.482,15166.77384,123468.3782,Life,Divorced,3,25,Sales,Regional Sales Manager
1047,mzlbLSwV,"MVabdbBm St, DHSpWmzbOM, HYD 330408",115435.87,17-01-1994,06-02-1971,53,Other,2,8468.413,27243.98878,17121.58305,134026.6887,None,Widowed,30,32,Finance,National Account Head
1048,mlwAGpVw,"yqGgwdyK St, GxrmZAXePu, PUN 555355",102417.89,19-02-2017,14-02-1978,46,Male,3,11867.211,24171.61881,15190.74106,123265.9788,Life,Married,7,25,Finance,Regional Account Head
1049,ZqDLOinT,"dVkDXYiF St, HtHYXKoQtS, HYD 300276",68143.92,24-06-2019,07-12-1996,27,Female,0,6684.608,16082.62832,10107.1858,80803.97052,Both,Single,5,6,Finance,Account Executive
1050,sMHJpIqK,"xViqENMV St, rLKujCZGxm, PUN 991372",107175.77,05-08-2005,09-01-1978,46,Female,1,10176.423,25294.52479,15896.43538,126750.2824,Life,Married,18,25,Marketing,Regional Marketing Manager
1051,LvCGeCUN,"GoFYPQiV St, kLeTxGAJnA, PUN 684260",81726.01,08-07-2010,22-06-1978,46,Other,3,7822.399,19288.13375,12121.69725,96714.8455,Medical,Divorced,14,25,Marketing,Senior Marketing Executive
1052,jrxeELYf,"lMsgXgfG St, JwjFdakzyx, BLR 998389",130625.93,11-12-2024,04-02-1973,51,Female,1,6431.407,30828.99078,19374.59049,148511.7373,Both,Married,-1,30,IT,Technical Lead
1053,UlaJyKuF,"pWstzmXT St, fhnmTbOuVb, CHN 992230",81894.94,11-03-2005,15-05-1982,42,Female,1,9086.506,19328.00287,12146.75314,98162.69573,Life,Married,19,21,Human Resources,ERP Head
1054,IvHzawto,"XdiKVvsb St, ZsPKwLuRpE, KOL 542804",134377.88,08-11-2014,12-01-1964,60,Female,1,4600.212,31714.48749,19931.0841,150761.4954,Both,Married,9,39,Finance,Account Director
1055,FyoQIoUb,"htfWMzQb St, wQlnlDIsSd, MUB 832905",99172.39,08-06-2018,15-06-1983,41,Male,3,6850.761,23405.64922,14709.36471,114719.4355,None,Married,6,20,IT,QA Lead
1056,QyrgABiq,"LcbnBmjs St, xAPlSqOQAa, AMD 806549",129002.86,06-03-2006,09-04-1972,52,Female,3,6943.714,30445.93046,19133.85486,147258.6496,Life,Married,18,31,Human Resources,Recruitment Manager
1057,BBLIcDsr,"GpxkxJdK St, jIKplMWkRG, MUB 891509",122555.65,05-06-1997,24-07-1967,56,Male,1,7397.435,28924.32616,18177.59714,140699.814,Life,Married,27,35,Sales,Sales Director
1058,ynOlZrel,"krGYQfpK St, TDlXKtuJeb, HYD 569584",112105.18,14-12-2022,15-05-1970,54,Female,4,9847.482,26457.91353,16627.57122,131783.0043,Both,Married,1,33,Finance,Account Director
1059,GykdOsVD,"wLJNrpQq St, kuXGrEgsEV, DEL 802076",120716.23,11-05-1994,12-01-1966,58,Male,2,11995.377,28490.20513,17904.77222,143297.0399,Medical,Married,30,37,Finance,National Account Head
1060,hIbDbCfE,"WtqNwUvQ St, XMGBNYHwSc, HYD 758937",53255.25,16-05-2020,10-10-1993,30,Female,0,6001.475,12568.7573,7898.880876,63926.60142,Medical,Single,4,9,IT,Software Engineer II
1061,HcaAxVBm,"JejHCixE St, SHvsByQruZ, BLR 605496",145146.75,22-02-2010,15-07-1977,47,Male,1,7123.325,34256.04562,21528.33547,164997.7851,Life,Married,14,26,Sales,Sales Director
1062,fRaLjfto,"IcMZADcw St, HErIZVXVae, PUN 461275",102124.37,15-08-2012,15-07-1983,41,Other,2,11482.563,24102.34523,15147.20583,122562.0724,Medical,Married,11,20,Human Resources,Senior HR
1063,wJMwRnmO,"fqzNXzim St, DhrdibsMFS, CHN 716858",88741.88,05-06-2008,18-04-1983,41,Female,3,9062.812,20943.94735,13162.29928,105586.3401,None,Divorced,16,20,Sales,Senior Executive
1064,Bsemnfdn,"XsCrceBU St, dAdcgkkaCa, PUN 147542",38243.64,27-06-2022,22-06-2001,23,Male,0,8916.636,9025.871241,5672.341349,50513.80589,Both,Single,2,2,Human Resources,HR Representative
1065,wRggAkhk,"jNRDptvI St, IgxIvLwyHf, PUN 397447",114358.03,15-10-2014,26-10-1970,53,Female,3,8878.197,26989.60805,16961.71657,133264.1185,Life,Divorced,9,32,Finance,National Account Head
1066,BfKjgpze,"CHfwRRZQ St, aMMepcotRi, CHN 712346",145059.41,01-02-1997,26-01-1975,49,Other,1,9222.059,34235.43253,21515.3811,167001.5204,None,Divorced,27,28,Marketing,Marketing Director
1067,fNIRPGYK,"aCrmdSaK St, rYmWJwarzj, CHN 226397",25654.17,18-09-2023,09-12-2002,21,Other,0,5787.583,6054.633796,3805.056455,33691.33034,None,Single,0,0,Human Resources,HR Representative
1068,aMDkSmmT,"xMPDCsYJ St, PRwUHCSzkF, AMD 191367",103518.1,25-11-2024,27-04-1986,38,Other,1,8202.19,24431.27908,15353.92549,120797.6436,Medical,Divorced,-1,17,Marketing,Senior Marketing Executive
1069,zQHKTuRx,"KkkDdpem St, QmmpFuXuhh, MUB 151300",117485.55,10-08-2015,28-04-1972,52,Female,3,9803.445,27727.73321,17425.59399,137591.1342,Medical,Married,8,31,Sales,National Sales Manager
1070,eqJfYBPt,"oUPuzWKw St, mQlmuvVWPM, KOL 316909",123232.23,23-05-1997,03-10-1969,54,Female,1,8645.777,29084.00562,18277.94827,142684.0643,Both,Married,27,33,IT,Technical Lead
1071,idmzbmRX,"NQmVNbZN St, bwBzErXfpn, CHN 431744",84807.32,09-01-2011,08-01-1990,34,Female,1,7798.268,20015.3529,12578.72075,100042.2201,None,Divorced,13,13,IT,QA Lead
1072,zjONhwYr,"UpnDWuhW St, wgHEFXpSjm, BLR 643346",139375.62,27-02-1997,17-07-1966,58,Female,3,4210.438,32894.00277,20672.35473,155807.706,None,Divorced,27,37,Marketing,National Marketing Manager
1073,bzeHewHE,"lKsprPxA St, NoRJeAONXx, AMD 748783",140696.46,06-12-2003,09-08-1974,49,Male,1,7630.354,33205.73387,20868.26326,160664.2846,Medical,Divorced,20,28,Marketing,National Marketing Manager
1074,zWjVDZpQ,"DlYquUJG St, OZEChtKYJh, KOL 154256",87035.31,06-06-2011,25-07-1978,45,Other,,6004.469,20541.18022,12909.17883,100671.7804,Both,,13,24,Marketing,Regional Marketing Manager
1075,YxuKVTeB,"wboKSfiY St, cpdfXbzFhN, PUN 922527",136765.78,17-05-1991,24-11-1966,57,Female,3,10328.422,32278.05513,20285.26022,159086.9969,Life,Divorced,33,36,Marketing,Marketing Director
1076,DPaUVLoX,"WSfxIuNN St, ysGXDXrjIg, BLR 988033",109693.57,11-12-2020,05-07-1983,41,Male,2,10505.643,25888.7501,16269.87841,129818.0847,None,Married,3,20,Sales,Senior Executive
1077,VZCIuWpu,"juinxBHA St, XXfANVPpFJ, KOL 642443",37059.14,09-05-2023,10-07-2001,23,Female,0,8666.086,8746.317713,5496.654926,48974.88879,Life,Single,1,2,Finance,Account Representative
1078,iAzdKXWK,"YiklDUFp St, PxNJIkyMnL, DEL 892223",72308.5,17-10-2023,20-08-1998,25,Other,3,8289.15,17065.50973,10724.88117,86938.27856,Both,Married,0,4,Human Resources,HR Associate
1079,bFNmoZwp,"MaCOFjPF St, yjAgoJgyvw, HYD 617329",58224.75,24-07-2023,08-12-1993,30,Female,0,4352.525,13741.60766,8635.96292,67682.91974,Medical,Single,0,9,Human Resources,HR Associate
1080,chUflMxs,"UknzSqVh St, qSkOJZIpHz, BLR 336687",66074.45,22-09-2022,14-03-1995,29,Male,0,9885.555,15594.21326,9800.239591,81753.97867,Life,Single,1,8,Human Resources,HR Executive
1081,qqDxQUeB,"dWqFPqaK St, BZVkyfqVge, MUB 466549",108239.51,08-04-2021,25-02-1991,33,Other,3,8161.049,25545.57779,16054.21053,125891.9263,Life,Married,3,12,Sales,Senior Executive
1082,dpFMPAaS,"aZPGORoE St, GhmTzwyHEp, KOL 950593",57793.62,19-07-2019,16-01-1998,26,Other,2,7048.638,13639.85679,8572.017215,69910.09757,Both,Married,4,5,Human Resources,HR Associate
1083,iHTmsUhr,"aACFkPTl St, EUQqeeWfNs, HYD 491538",70201.92,24-07-2019,12-10-1993,30,Male,0,9966.808,16568.33635,10412.43076,86324.63359,Both,Single,4,9,Sales,Sales Executive
1084,rOcoxVvD,"VFLMNlut St, ZzaEQbMJKW, KOL 213562",120659.43,26-10-2007,08-07-1972,52,Other,1,11207.057,28476.79978,17896.34757,142446.9392,None,Married,16,31,Sales,National Sales Manager
1085,SXUufnVJ,"NEtmVJSl St, DPugIibyTU, BLR 419564",53029.16,15-11-2021,20-08-1998,25,Other,4,6336.084,12515.39786,7865.346943,64015.29492,Both,Married,2,4,IT,Software Engineer II
1086,tNOYflrb,"CTBKzHOm St, qIKjFRXoBy, DEL 250857",99813.35,28-10-2011,08-11-1979,44,Other,2,4887.665,23556.92202,14804.43264,113453.5044,Both,Married,12,23,Sales,Senior Executive
1087,yEwmhIqQ,"VktmYtzJ St, dvlXQowUZs, AMD 707518",112224.49,11-11-2019,15-11-1975,48,Other,1,9888.551,26486.07185,16645.26742,131953.8454,None,Divorced,4,27,Finance,Account Director
1088,MtYsbOlX,"oqlrqtEI St, noWQtmofTx, PUN 361460",45387.46,04-04-2020,12-07-1997,27,Other,3,6927.254,10711.88229,6731.921074,56294.67521,None,Married,4,6,Finance,Account Executive
1089,mwBlWWtq,"uqVAXGJC St, ocblJsTMkC, BLR 196018",79226.93,25-12-2007,16-09-1984,39,Female,2,8605.307,18698.32655,11751.03079,94779.53276,Medical,Divorced,16,18,Human Resources,ERP Head
1090,KDtKkIqf,"hFXytKJr St, aMXjgUhwUG, CHN 491149",75376.23,21-10-2019,06-06-1983,41,Female,3,6709.377,17789.52387,11179.89046,88695.2404,Life,Divorced,4,20,Finance,Regional Account Head
1091,PTreJIXT,"cSZJPlAt St, VPLgzlZQWa, HYD 630344",146874.95,01-09-2011,18-12-1972,51,Male,2,3557.505,34663.91764,21784.66412,163311.7085,Life,Married,12,30,Sales,National Sales Manager
1092,WVxqwnet,"juqASfoC St, pWjVkhAPeX, CHN 927598",145880.96,23-10-2022,26-02-1967,57,Other,1,6271.904,34429.32633,21637.23436,164944.956,Medical,Married,1,36,Human Resources,Recruitment Manager
1093,pVuTNImh,"FgWEWOij St, UdOnxIwJwH, MUB 443609",54950.89,04-09-2023,07-03-1993,31,Female,4,5426.911,12968.94484,8150.380181,65196.36566,Medical,Married,0,10,Finance,Account Associate
1094,YsIJeoYj,"hbDCjNTZ St, uQArjdeWVv, DEL 914990",114599.08,23-01-2006,17-05-1977,47,Female,2,7096.092,27046.4982,16997.46938,131744.2008,None,Widowed,18,26,Marketing,Marketing Director
1095,ZFaMrbxE,"HLCbGiIj St, wevQlixlXg, HYD 159687",144883.75,27-02-2022,24-04-1969,55,Female,1,3633.625,34193.97506,21489.32701,161222.0231,Life,Widowed,2,34,Marketing,National Marketing Manager
1096,bRxunBBU,"kRewnkdB St, rZiFZuNtck, MUB 838048",85576.33,01-12-2003,23-09-1980,43,Male,1,4483.367,20196.84674,12692.78121,97563.76253,Medical,Married,20,22,IT,QA Lead
1097,dYyfTucT,"cpsqrYRe St, AVpPdBvtwd, BLR 738245",144394.67,10-07-2017,24-12-1969,54,Female,2,4739.533,34078.54742,21416.78609,161795.9643,Medical,Widowed,7,33,Sales,Sales Director
1098,fusmmeoA,"eYoiRsPV St, ZZNcCdBfEx, BLR 476585",27114.34,28-03-2021,04-06-2000,24,Female,0,6423.566,6399.248127,4021.630575,35915.52355,Both,Single,3,3,Finance,Accounts Intern
1099,KAlkqQwS,"bOneYZuU St, mIaiJiQfkf, AMD 739261",109179.91,26-04-2023,22-12-1990,33,Male,4,8659.009,25767.52134,16193.69176,127412.7486,Medical,Married,1,12,Sales,Regional Sales Manager
1100,qlyJpMPF,"QvvKRzWZ St, guGOJsGTXO, KOL 844410",83713.03,15-02-2014,28-05-1989,35,Female,1,6772.697,19757.08981,12416.41438,97826.40243,None,Married,10,14,IT,Software Engineer III
1101,gvSMYHPS,"bYlntmIv St, evIsETCXDg, AMD 159752",142843.57,05-04-2020,07-07-1973,51,Female,2,7679.643,33712.47273,21186.72513,163048.9606,Life,Married,4,30,Human Resources,Recruitment Manager
1102,cNlEAdyO,"HgEztLPU St, uBozzwzcGx, BLR 752858",35732.74,02-02-2023,11-11-2002,21,Male,0,9264.726,8433.274404,5299.921728,48130.81868,Life,Single,1,0,Marketing,Marketing Development Representative
1103,BMvuwgzq,"sXXURjos St, bzgiSMwvzt, MUB 197111",100044.12,26-11-2012,03-01-1981,43,Other,4,12313.588,23611.38599,14838.66072,121130.4333,Both,Married,11,22,Sales,Regional Sales Manager
1104,FGABhLMW,"eNFzdbXw St, YXkKCFgMWP, AMD 798927",111489.17,12-08-2004,25-01-1976,48,Other,2,10871.083,26312.52917,16536.2039,132136.5783,Medical,Married,19,27,Human Resources,HR Director
1105,NIQYRMyr,"kzIRrBAe St, IuLgfllZnz, AMD 271485",58861.85,18-11-2016,15-08-1992,31,Other,3,4547.815,13891.96946,8730.458336,68571.17613,Medical,Divorced,7,10,Finance,Account Associate
1106,cBacxgFx,"rWqAyyhy St, bjazsOkaOm, AMD 403715",126430.27,16-08-2018,04-10-1970,53,Other,4,10383.973,29838.77418,18752.2853,147900.7319,None,Married,5,32,Human Resources,Recruitment Manager
1107,FovieCzU,"RNpxPZQZ St, ZurmCoDHPb, PUN 716139",144233.56,01-04-2014,16-06-1974,50,Other,1,5525.644,34040.52389,21392.89007,162406.8378,None,Married,10,29,Sales,Sales Director
1108,XsLNsTvq,"OSheHJxs St, thdISxPPDn, MUB 840534",49433.71,05-07-2015,08-09-1993,30,Female,0,7268.629,11666.83667,7332.0656,61037.11007,Life,Single,9,9,Human Resources,HR Executive
1109,zgWalwBH,"XMBaDPwp St, wauOBKPyhQ, HYD 736673",29692.52,14-12-2023,26-09-2001,22,Female,0,4884.748,7007.723698,4404.029244,37180.96245,Life,Single,0,1,Finance,Account Representative
1110,MeCxYezI,"NHxVxDno St, YYAFxArpMO, PUN 658742",96685.93,28-05-2008,17-05-1980,44,Other,4,6793.407,22818.82046,14340.57006,111957.5874,None,Married,16,23,Human Resources,ERP Head
1111,jkucVgxK,"wvChUUfR St, kCrVPQWJAw, AMD 945337",126932.4,16-01-2016,12-11-1973,50,Male,2,11531.76,29957.28175,18826.76181,149594.6799,Life,Married,8,29,Finance,Account Director
1112,nzrpIFfa,"xuIsTqpz St, hNBjdfPDSP, DEL 288684",69248.35,16-10-2018,18-01-1993,31,Male,2,10033.165,16343.28455,10270.99615,85353.8034,Life,Married,5,10,Human Resources,HR Associate
1113,ctDzlcvf,"VVtqEjEW St, vaxQumKYMM, MUB 742685",133800.9,16-08-2007,27-09-1976,47,Male,1,11177.91,31578.3146,19845.50575,156711.6188,Medical,Married,16,26,Human Resources,HR Director
1114,GSgQWchH,"YgwUYGXu St, CBQDQJZngh, PUN 204300",114154.33,08-11-2000,09-02-1971,53,Female,1,10231.567,26941.53287,16931.50354,134395.9263,Life,Widowed,23,32,Sales,Sales Director
1115,bEdKMMGg,"tRUfeZEe St, vlMNHBJtWM, CHN 984788",121800.31,18-10-2003,22-02-1965,59,Male,2,8493.969,28746.05856,18065.56423,140974.7733,Medical,Married,20,38,Human Resources,HR Director
1116,PHQARoYU,"DWxXVrBG St, RBFHXtcdzZ, HYD 929516",94498.63,11-02-2007,01-03-1985,39,Other,2,5508.137,22302.59637,14016.14716,108293.2162,None,Married,17,18,Marketing,Senior Marketing Executive
1117,FxElTrQU,"uDVwSqAR St, creJBmReFO, PUN 552586",84691.84,25-02-2012,04-10-1979,44,Other,2,5662.816,19988.09849,12561.59262,97781.16187,Medical,Divorced,12,23,IT,QA Lead
1118,vVsOdJol,"LChPiGGP St, HtzVqHkcCj, BLR 398100",92453.51,02-11-2014,06-06-1983,41,Other,1,7414.649,21819.92815,13712.81258,107975.2746,None,Married,9,20,IT,QA Lead
1119,sdjoGPPt,"zekDAfiv St, PXzqPBwrqp, BLR 463430",144237.49,21-05-2004,22-11-1969,54,Male,1,8146.251,34041.45141,21393.47297,165031.7194,None,Married,20,33,IT,Technical Lead
1120,LgnfvsjS,"uBAHpETC St, VWcncxmseW, BLR 596333",147302.71,03-01-2001,10-05-1967,57,Female,1,3426.729,34764.87316,21848.10998,163646.2022,Medical,Widowed,23,36,Finance,National Account Head
1121,OjssavEZ,"ErxxzvGm St, oygkjPxhEo, HYD 255288",30648.01,05-12-2024,06-03-2002,22,Male,0,9682.199,7233.228637,4545.748636,43017.689,Both,Single,-1,1,IT,Software Engineer I
1122,KWiquJDL,"bznnKMJP St, jtQpFFQski, PUN 779745",74155.11,04-05-2018,20-02-1995,29,Female,0,9479.489,17501.32766,10998.77252,90137.15414,Life,Single,6,8,Finance,Account Executive
1123,rePsAzAC,"OMDqSMfM St, XEBLeSOLlt, DEL 402879",48403.3,18-04-2018,27-11-1996,27,Male,0,6986.67,11423.64988,7179.233985,59634.38589,Both,Single,6,6,Human Resources,HR Executive
1124,rcZmZNAg,"jfJMHOII St, dOjbivvPEP, CHN 256409",97688.19,23-06-2005,13-07-1982,42,Other,3,5335.181,23055.36358,14489.22643,111589.5081,Life,Divorced,19,21,IT,QA Lead
1125,qpoxNaMg,"ECdJduDU St, acqmEjjnGn, BLR 752691",97364.73,17-01-2020,14-12-1989,34,Male,1,6178.527,22979.02387,14441.25046,112081.0304,None,Married,4,13,Finance,Senior Account Executive
1126,UlheXScK,"TxuFFpbc St, XtvoFkyzob, AMD 211820",130838.92,09-10-2019,07-08-1974,49,Male,1,11259.108,30879.25849,19406.18142,153571.1051,Both,Widowed,4,28,Sales,Sales Director
1127,WOSLHwsi,"ikXIMaaV St, imLQsSpnvy, MUB 218862",103232.18,12-01-2024,05-06-1984,40,Other,4,12584.782,24363.79917,15311.5175,124869.2437,Medical,Married,0,19,IT,QA Lead
1128,jRdrMgvb,"pZeGRPpz St, bpgMnvMIRU, BLR 177601",91846.83,25-01-2021,28-10-1985,38,Other,4,5998.317,21676.74577,13622.82909,105899.0637,Life,Married,3,17,Marketing,Regional Marketing Manager
1129,AiCXpwhJ,"NknbSrgR St, MDypGCWAUo, CHN 550221",128408.2,18-09-1997,05-04-1969,55,Male,3,10722.18,30305.58491,19045.65419,150390.3107,None,Married,26,34,Human Resources,HR Director
1130,TQrkBuAL,"AKbYIShc St, nMCxMwRbkW, BLR 782315",45273.02,13-12-2019,12-09-1996,27,Other,0,7798.698,10684.87333,6714.9472,57041.64413,None,Single,4,6,Finance,Account Associate
1131,SmyTRAPi,"ypIoOcPx St, BGicAKCElE, HYD 285771",141593.79,13-12-2002,23-03-1976,48,Other,4,4686.621,33417.51248,21001.3563,158696.5672,Both,Married,21,27,Human Resources,HR Director
1132,VQeDccaW,"FjfzkuWD St, ieXMYsyfXM, HYD 697659",81706.01,26-01-2020,02-03-1988,36,Other,2,9525.399,19283.41355,12118.73083,98396.09173,Both,Divorced,4,15,Sales,Regional Sales Manager
1133,XoAGUnac,"hLPvrhQG St, xCuQTHlJaO, MUB 292953",107269.79,02-09-2014,27-03-1978,46,Female,1,11096.021,25316.71443,15910.38053,127772.1449,Both,Divorced,9,25,Finance,Senior Account Executive
1134,ArvwaBso,"kYgQKxtH St, WeRewjAhJA, HYD 993560",136600,19-03-1998,08-05-1973,51,Female,3,5109,32238.92944,20260.67153,153687.2579,Medical,Divorced,26,30,Finance,National Account Head
1135,rZErVkvr,"PXSXBeUh St, FZGdJioQfb, AMD 316191",122796.15,23-05-2018,06-07-1970,54,Female,1,9720.385,28981.0865,18213.26838,143284.3531,Medical,Divorced,6,33,IT,Technical Lead
1136,bjndRCPF,"wsgomCEg St, KduuLReovQ, AMD 771049",128064.42,09-02-2007,27-05-1967,57,Female,4,8546.558,30224.44949,18994.66434,147840.7632,Life,Married,17,36,IT,IT Manager
1137,YNPGyZCc,"BJwahdcT St, JtJxJRRtzK, HYD 844318",20893.91,15-03-2023,11-03-2000,24,Male,4,5306.609,4931.166107,3099.009133,28032.67597,Both,Married,1,3,Finance,Account Representative
1138,QhdstQbT,"ceCmjSBf St, vEELPfVSDI, MUB 183576",112717.33,22-11-1999,28-11-1967,56,Male,3,12734.267,26602.38689,16718.36603,135335.6179,Life,Married,24,35,Sales,Sales Director
1139,MMKgfhuS,"wuDEcbMo St, ewwyMTtMwz, DEL 224070",109289.15,26-01-2007,14-12-1977,46,Female,2,8014.085,25793.30304,16209.89436,126886.6437,Both,Widowed,17,25,IT,Software Engineer III
1140,GmeyzPNA,"QhycOKlD St, WGpDTkUVgc, AMD 898912",26647.09,15-04-2024,20-06-2002,22,Male,0,6406.291,6288.972579,3952.327509,35390.02607,None,Single,0,1,Marketing,Marketing Development Representative
1141,mOvVUPfw,"NhUsYGYm St, HNvmJeUMvH, BLR 672241",111352.37,13-07-1987,04-05-1966,58,Other,3,11975.763,26280.24304,16515.91356,133092.4625,None,Married,37,37,IT,IT Manager
1142,swZnYajO,"pcCIchak St, ANQXFymkGg, AMD 332365",47475.99,24-06-2017,21-02-1994,30,Male,0,5588.401,11204.79569,7041.694283,57227.49241,Life,Single,7,9,Marketing,Marketing Associate
1143,GfYSqaIN,"FUdawrzs St, ZABZFQJUuy, HYD 329850",45960.52,27-08-2024,22-04-1996,28,Male,2,7651.948,10847.13002,6816.918003,57642.68002,Life,Married,-1,7,Marketing,Marketing Associate
1144,kWFjCILx,"cDPollOZ St, JUNwXTNPHC, KOL 627801",115939.03,25-08-2018,08-04-1972,52,Male,1,7025.097,27362.73944,17196.21233,133130.6541,Both,Widowed,5,31,Sales,Sales Director
1145,QzkzTKJi,"XrqfgBHv St, OmzwPRVIip, DEL 350601",112718.61,03-11-1992,07-04-1965,59,Other,1,8762.139,26602.68898,16718.55588,131364.8821,Life,Married,31,38,Marketing,Marketing Director
1146,ObGcoPUp,"ARlclKGm St, TbmxdnrtmJ, DEL 112265",88104.03,09-05-2012,07-11-1989,34,Male,3,7608.597,20793.40854,13067.69262,103438.3429,Medical,Married,12,13,Sales,Regional Sales Manager
1147,pudSWOvf,"zNyxMWcq St, jHEnOKpPgo, CHN 746962",121637.94,12-07-2008,20-08-1969,54,Other,2,8725.206,28707.73766,18041.48132,141029.4023,Life,Divorced,16,33,Sales,Sales Director
1148,CkKjPGaH,"LGwEWYcw St, NwQQpcsXtg, KOL 923893",77388.42,23-05-2012,20-12-1990,33,Female,3,8764.158,18264.42029,11478.34084,92938.65746,Medical,Married,12,12,Human Resources,Senior HR
1149,JQSpZOEm,"exsPcwWp St, dUHyWJhOHP, HYD 499649",120153.32,10-10-2008,14-06-1968,56,Other,1,8847.668,28357.3529,17821.28075,139537.0601,Medical,Divorced,15,35,Human Resources,HR Director
1150,ilQgRjJd,"ceXdJOfs St, RdePBFIvDC, AMD 447919",108225.54,24-07-2019,02-01-1992,32,Male,1,12835.446,25542.28073,16052.13849,130551.1282,None,Divorced,4,11,IT,Software Engineer III
1151,akxtPYyE,"IlpLYazy St, GpHbufoofo, KOL 987799",57624.08,12-12-2020,17-11-1997,26,Other,0,5580.592,13599.8437,8546.870844,68257.64485,Life,Single,3,5,Human Resources,HR Associate
1152,wOaUXwSY,"mSoTTwDV St, oAoVrbqLvF, KOL 611813",111281.58,06-06-2011,26-02-1965,59,Female,2,7836.842,26263.53591,16505.41391,128876.544,None,Widowed,13,38,Sales,National Sales Manager
1153,MGCvztSX,"oJNqwPzc St, dtowoPuxmd, MUB 441280",134131.35,13-06-2019,26-04-1967,57,Male,2,5970.865,31656.30401,19894.51848,151864.0005,Both,Married,5,36,Marketing,National Marketing Manager
1154,NWOzswwb,"FhOesrdh St, fYGTAJomWo, DEL 397319",118504.28,03-06-2012,25-09-1971,52,Female,2,12770.572,27968.16341,17576.69321,141666.3222,Medical,Divorced,12,31,Sales,National Sales Manager
1155,uHeDwfGX,"whtofpgK St, dIOoibmjvv, BLR 557474",106685.61,20-01-2015,15-05-1986,38,Other,2,11245.439,25178.84226,15823.73427,127286.157,None,Married,9,17,IT,QA Lead
1156,iVaxdNct,"todGwSzM St, vKenwnVYyo, KOL 749481",109143.5,26-12-2016,24-11-1986,37,Female,3,10242.65,25758.92822,16188.29139,128956.7868,Medical,Married,7,16,Sales,Senior Executive
1157,OKaJpgOQ,"ITdIKYEM St, MOFvphwDVc, DEL 430348",141376.83,11-05-2003,10-11-1976,47,Female,1,9167.317,33366.30781,20969.17654,162941.2783,Both,Married,21,26,Human Resources,HR Director
1158,TmqZrKBE,"mCGqMFzS St, yCXDNVjbLy, CHN 113873",127570.28,07-10-2023,19-05-1966,58,Other,1,10804.972,30107.82764,18921.37292,149561.7067,Both,Widowed,0,37,Finance,National Account Head
1159,zIfcvtbm,"KAqVqQCr St, rnZFHaEnJF, CHN 210136",147186.55,27-12-1994,02-02-1964,60,Female,4,4704.345,34737.45827,21830.88099,164797.4723,None,Married,29,39,IT,Technical Lead
1160,sVoowsgM,"nsfDQnBQ St, nkiOCNcEvE, AMD 524524",110243.11,16-05-2016,23-02-1976,48,Other,1,12096.689,26018.44689,16351.38683,132006.8591,Life,Married,8,27,Finance,Account Director
1161,iVkGArJw,"LAeSTeYm St, ErlGyRKmxJ, HYD 117693",108007.68,04-04-2015,01-05-1992,32,Other,1,13245.232,25490.86365,16019.82524,130723.9504,Both,Divorced,9,11,Sales,Senior Executive
1162,zfiKNmDs,"bqbHHAla St, OqpqiZnPad, HYD 722867",75879.29,22-09-2015,06-11-1987,36,Female,2,8039.071,17908.25092,11254.50491,90572.10701,None,Divorced,8,15,IT,QA Lead
1163,pEIZBLdj,"cnvsbnPS St, YZSyapLBGd, HYD 779290",117929.13,15-03-2009,04-07-1968,56,Female,1,11064.087,27832.42241,17491.38629,139334.2531,Life,Married,15,35,Sales,Sales Director
1164,oNOVmayg,"KnfeXaVn St, OvBznDTHsw, CHN 970038",16393.25,05-03-2024,05-04-2000,24,Male,1,7325.675,3868.966545,2431.465985,25156.42556,None,Married,0,3,Finance,Account Representative
1165,sccqTRCO,"KkNhikwd St, utqaslrNws, KOL 869338",30193.28,04-11-2024,04-04-2002,22,Female,0,9737.672,7125.907932,4478.302552,42578.55738,Life,Single,-1,1,IT,Software Engineer I
1166,GaUTuEUZ,"eNyvfQfJ St, raBsHQgYUg, DEL 672856",107931.23,07-07-2012,27-12-1991,32,Female,3,14079.877,25472.82071,16008.48608,131475.4416,Life,Divorced,12,11,Marketing,Regional Marketing Manager
1167,rNoPyjkJ,"PkroZHvw St, IMltRPabyZ, CHN 763522",99277.43,23-02-2021,10-02-1986,38,Male,3,5845.257,23430.43968,14724.94436,113828.1823,Medical,Divorced,3,17,IT,Software Engineer III
1168,sAqHtcXG,"hsxSPcmD St, AKbojBDdfp, BLR 347197",121386.84,22-06-1997,25-10-1968,55,Female,4,6940.316,28648.47562,18004.23787,138971.3937,Both,Married,27,34,Sales,National Sales Manager
1169,kJqWsQqo,"ZHHgEjEY St, qDiCYIADTV, CHN 736526",100602.08,24-04-2016,03-03-1988,36,Female,2,11856.792,23743.06998,14921.418,121280.524,Both,Married,8,15,Marketing,Senior Marketing Executive
1170,RDIcTpkw,"oNuMczJF St, CNIIjcAjhx, BLR 460948",105809.26,07-05-2018,12-08-1983,40,Other,1,12290.074,24972.01513,15693.75302,127377.5961,Both,Married,6,19,Human Resources,ERP Head
1171,OZCPzEqT,"gmRqYmYw St, KZftjSYzwC, BLR 147608",148313.1,18-04-2003,10-10-1970,53,Male,4,5821.69,35003.33504,21997.9722,167140.1528,None,Married,21,32,Sales,Sales Director
1172,DTmZXRPl,"VleGvMKz St, xApdgWzntY, CHN 694241",83502.14,03-06-2008,27-01-1979,45,Female,,8414.786,19707.31771,12385.13493,99239.10879,Life,,16,24,Marketing,Senior Marketing Executive
1173,KDIXWocN,"sBKzabAu St, XjBaNbRQvl, DEL 125526",86656.54,21-10-2009,20-08-1981,42,Other,1,8378.346,20451.78681,12852.99922,102633.6736,Both,Married,14,21,IT,QA Lead
1174,lqCRLpqj,"xBmMOoLy St, IIesWjTvQQ, PUN 111833",99181.7,20-01-2012,18-05-1978,46,Female,2,5854.83,23407.84647,14710.74558,113733.6309,Both,Divorced,12,25,Sales,Regional Sales Manager
1175,OCIIMgzV,"szcboAgE St, xgBFQaAqBW, CHN 288055",68573.45,15-09-2016,03-08-1994,29,Female,0,6784.655,16184.00158,10170.89419,81371.21239,Medical,Single,7,8,Human Resources,HR Executive
1176,PJzbVXuh,"ShnZVpNE St, MKAzHquoyJ, BLR 362597",78310.49,13-06-2007,18-01-1980,44,Male,4,6906.951,18482.03779,11615.10333,92084.37545,Both,Married,17,23,IT,QA Lead
1177,HgjoLpnu,"brSRqszW St, XbUinUmscY, KOL 598214",82044.6,11-08-2011,18-08-1978,45,Female,,5263.54,19363.32409,12168.95089,94502.5132,Life,,12,24,IT,Software Engineer III
1178,NxgHoxsb,"IMyIxvRJ St, lQSlYFqLrL, HYD 650452",132960.82,13-07-2016,01-01-1967,57,Female,1,9369.918,31380.04754,19720.90411,153989.8814,Life,Divorced,8,36,Sales,Sales Director
1179,UnwSJNMn,"YyuFBVNW St, DQINGXHxvg, CHN 765151",141475.14,14-08-2009,14-09-1973,50,Female,2,4722.486,33389.50993,20983.75799,158603.3779,Medical,Married,14,29,Human Resources,Recruitment Manager
1180,VRUbfIST,"tcuVhqSK St, HiPPerldzP, HYD 594409",102089.17,22-12-2012,02-06-1988,36,Male,1,10842.083,24094.03769,15141.98492,121883.3058,Life,Married,11,15,Marketing,Senior Marketing Executive
1181,OmQZUNPh,"ULPBdSsG St, jIHOgbfTvE, AMD 786542",39350.18,09-01-2023,06-02-2002,22,Male,0,6643.982,9287.02545,5836.464654,49444.7228,None,Single,1,1,Finance,Account Representative
1182,YAPfPUQw,"PchiYLOT St, NqSeAcpZKB, MUB 613138",64490.89,01-07-2019,20-10-1995,28,Male,4,8967.911,15220.47769,9565.364123,79113.91457,Both,Married,5,7,Sales,Sales Executive
1183,NxgYziuF,"TfbvzdUb St, hswPNoLxmM, MUB 263771",125943.79,28-04-2004,01-06-1967,57,Male,3,8012.621,29723.96017,18680.13002,145000.2411,Medical,Divorced,20,36,Sales,National Sales Manager
1184,ULslMQjy,"nkPbMoRl St, eTXHZQCrNY, PUN 394876",75972.91,17-10-2009,11-01-1987,37,Male,4,10382.709,17930.34616,11268.39074,93017.57442,None,Married,14,16,Finance,Regional Account Head
1185,nNPIdBMk,"VVRgDHtg St, iambEGbaaI, HYD 324072",84327.34,07-02-2023,15-01-1988,36,Other,4,5150.266,19902.07294,12507.52955,96872.14939,Both,Married,1,15,Finance,Regional Account Head
1186,wVHjiuOc,"maSdtXKj St, dMflZbjnzA, DEL 624340",45603.35,08-03-2020,27-04-1997,27,Other,0,6744.665,10762.83443,6763.942131,56346.9073,Medical,Single,4,6,Sales,Sales Executive
1187,aDWAvqHl,"IYxkWDpT St, UZcWqCTjUz, MUB 186285",32193.65,06-10-2022,06-01-2001,23,Female,0,8709.635,7598.01472,4774.999766,43726.29995,Life,Single,1,2,Finance,Accounts Intern
1188,bbCqkItM,"VElmSxYV St, EZvlaNhrlj, AMD 480386",84746.76,13-10-2012,02-04-1979,45,Female,,9340.324,20001.06015,12569.73842,101518.4057,Both,,11,24,Marketing,Senior Marketing Executive
1189,ZQAsVSjZ,"NLQgLYmo St, aobuisglpT, CHN 420406",134571.51,24-11-2005,02-12-1971,52,Male,2,5044.849,31760.18606,19959.80353,151416.7415,None,Married,18,31,Marketing,Marketing Director
1190,SvyiSIIN,"QgqsNBZr St, GPcOsTnVgj, BLR 312538",99046.67,19-10-2015,08-12-1984,39,Male,1,3284.333,23375.97808,14690.71777,111016.2633,Life,Divorced,8,18,Finance,Senior Account Executive
1191,vqTGnruk,"RdWsOxFO St, geAMnKujDi, PUN 807904",52180.95,13-05-2019,04-01-1994,30,Female,0,6397.905,12315.21204,7739.539445,63154.5276,None,Single,5,9,Human Resources,HR Executive
1192,MgxqmPpy,"ZFcThYDH St, euKuGudIEa, CHN 434102",126632.61,03-04-1995,25-01-1966,58,Male,2,10493.739,29886.52839,18782.29661,148230.5808,None,Widowed,29,37,IT,IT Manager
1193,ytrccLyf,"xcNyIkBd St, QpVBvHcIGc, DEL 674027",120284.46,02-03-2020,09-06-1975,49,Male,4,12949.554,28388.30321,17840.73159,143781.5856,Life,Married,4,28,Human Resources,HR Director
1194,eGVksKzU,"CqujYqkJ St, jwePHEsjSL, DEL 267003",130104.67,04-04-2007,03-12-1968,55,Male,3,10730.533,30705.96835,19297.2766,152243.8947,Medical,Married,17,34,Human Resources,Recruitment Manager
1195,QrciOedq,"ztKCGavK St, ogiVLufElr, CHN 950711",132195.34,16-02-1992,25-12-1965,58,Male,3,5137.466,31199.38681,19607.36722,148924.8256,Life,Divorced,32,37,Sales,Sales Director
1196,zSMCbEnm,"GJuzPGer St, ngIoCTKDsM, DEL 876257",47828.67,15-01-2022,06-10-1997,26,Other,2,6223.133,11288.03161,7094.004193,58245.83041,Both,Married,2,5,Marketing,Marketing Representative
1197,rkRzYtlp,"YDaNZcEt St, dsArHHDejG, HYD 117907",106560.11,23-01-2008,01-06-1986,38,Other,4,13324.989,25149.22304,15805.11996,129229.2021,Life,Married,16,17,Human Resources,Senior HR
1198,zKMLcHqi,"sYolySSD St, cgUYxnQKYZ, MUB 918171",132412.96,06-03-2002,20-04-1977,47,Male,3,8743.704,31250.74725,19639.64487,152767.7664,None,Married,22,26,Human Resources,Recruitment Manager
1199,tcsVpnNw,"vqmnoXsz St, GLxFCFgMAa, CHN 665929",45780.04,27-01-2024,17-06-1999,25,Other,4,6696.996,10804.53499,6790.148999,56491.42199,Life,Married,0,4,IT,Software Engineer II
1200,xrnViWIK,"rutgWuoB St, lUnXRRldyS, PUN 306890",50422.49,17-03-2014,08-11-1993,30,Other,0,7032.751,11900.19837,7478.722604,61876.71677,Life,Single,10,9,Finance,Account Executive
1201,tHWrIQJv,"MQIVzQmD St, RtAFsYMmmC, MUB 813961",120723.46,27-11-2021,06-05-1968,56,Male,3,10802.654,28491.91148,17905.84458,142112.1809,None,Married,2,35,Human Resources,Recruitment Manager
1202,UYIEeSrV,"pZLAWBlX St, ovVycYvCKN, MUB 510497",144390.71,23-03-2008,20-02-1970,54,Other,1,8479.929,34077.61282,21416.19874,165532.0531,Both,Married,16,33,IT,Technical Lead
1203,iCpICvye,"umPfpWoc St, xkGQFJJIfk, HYD 217312",82590.36,20-12-2017,01-03-1990,34,Female,2,5188.964,19492.12876,12249.89865,95021.55411,Both,Married,6,13,IT,Software Engineer III
1204,UktXpiur,"tUgBajLb St, nShuSLZSEM, DEL 597291",94931.51,25-12-2016,17-08-1979,44,Other,4,7356.849,22404.76027,14080.35243,110612.7668,Medical,Married,7,23,Sales,Senior Executive
1205,CyeDmRUU,"jktyrJOn St, KNDjLmYDWt, DEL 782925",144503.81,12-12-2019,22-06-1974,50,Male,3,9606.619,34104.30552,21432.97386,166781.7607,Medical,Married,4,29,Sales,Sales Director
1206,HuGNmlHp,"xjMOCgTr St, QxifYnpyMZ, BLR 115567",110801.29,15-01-1989,10-12-1967,56,Female,1,13785.871,26150.1828,16434.17674,134303.1671,Both,Married,35,35,Marketing,Marketing Director
1207,zIzAGKyd,"eTRebdQz St, XrgrciSSTO, AMD 268997",94438.35,14-11-2005,17-01-1983,41,Female,3,8449.165,22288.36971,14007.20636,111168.6783,None,Married,18,20,Human Resources,Senior HR
1208,TRQrVGZh,"hENNvSgW St, wiOLSVAHJg, DEL 242184",97864.38,17-02-2021,12-09-1988,35,Female,3,5892.562,23096.94613,14515.35914,112338.529,Both,Married,3,14,Finance,Regional Account Head
1209,KMESmNgZ,"CyiWVdFl St, sQDRQOfhQJ, DEL 984360",89713.32,06-09-2012,27-12-1989,34,Other,2,5630.668,21173.21664,13306.3844,103210.8202,Life,Married,11,13,Marketing,Regional Marketing Manager
1210,DOkYnJrq,"HKbxTsdo St, FFREtfivFF, KOL 226848",143720.51,03-02-2020,13-11-1968,55,Female,1,4258.949,33919.4391,21316.79389,160582.1042,Medical,Widowed,4,34,IT,IT Manager
1211,zOLEMYks,"KpiHIiYj St, QarIwefDfd, DEL 644694",81394.52,22-07-2001,18-11-1977,46,Male,4,9537.548,19209.89888,12072.53027,98069.43662,Medical,Married,22,25,Finance,Regional Account Head
1212,kEbfljFm,"FmXJQxBa St, jfyMhihhmy, CHN 346515",108633.84,11-01-2016,10-11-1987,36,Other,2,13365.616,25638.6435,16112.69802,131525.4015,Both,Married,8,15,Marketing,Regional Marketing Manager
1213,piyPPIVm,"CJTrTcta St, ZJoHalQpAs, AMD 757195",113421.88,19-01-2017,07-05-1972,52,Other,2,12978.812,26768.66754,16822.86571,136346.4938,Both,Married,7,31,IT,IT Manager
1214,oVuirXYG,"sZaUxxtY St, XcMAZAaZgC, HYD 920655",40523.38,17-08-2022,21-05-2001,23,Other,0,8148.662,9563.912068,6010.475048,52225.47902,Both,Single,1,2,Finance,Account Representative
1215,aJvaBjZO,"JQwmcFxm St, WZEAraiDMO, BLR 566829",77086.25,28-03-2009,12-04-1984,40,Other,3,8780.375,18193.10523,11433.52263,92626.2076,Life,Married,15,19,Finance,Regional Account Head
1216,hJKgttOV,"vdHBHrIQ St, pKQCIfBNgs, BLR 513291",145912.21,09-10-1994,05-04-1972,52,Other,3,10212.779,34436.70163,21641.8694,168919.8212,Medical,Married,29,31,Marketing,Marketing Director
1217,QmNigIwz,"IhrXEzAi St, ZimjZigrgo, PUN 269613",80259.37,02-06-2015,02-12-1991,32,Male,4,5381.063,18941.99243,11904.16349,92678.26194,Medical,Married,9,11,Marketing,Senior Marketing Executive
1218,bIUDORQP,"SiIJWBIy St, rnqBptDsxW, KOL 655167",132218.77,13-03-1995,04-06-1966,58,Other,1,6924.123,31204.91652,19610.84238,150736.9671,Both,Widowed,29,37,IT,Technical Lead
1219,wTPfEWoJ,"VbUiYVtJ St, cWLJPKlpdM, KOL 112563",100865.92,25-07-2016,03-03-1980,44,Male,1,12246.408,23805.33878,14960.55105,121957.1157,None,Married,7,23,Human Resources,Senior HR
1220,zdDCDwFL,"EaSXDsWO St, tzirxNAZyh, HYD 221507",79230.78,20-07-2016,19-08-1990,33,Other,2,8766.922,18699.23518,11751.60182,94945.33536,Life,Married,7,12,Sales,Senior Executive
1221,aGNhmMep,"PpzAhLVc St, ZKxcwRTWVi, AMD 619690",40487.5,13-05-2021,01-05-2000,24,Male,3,6732.25,9555.444039,6005.153285,50770.04075,Both,Married,3,3,Marketing,Marketing Development Representative
1222,qnMaLgaA,"FmDlDRCh St, qmsXsaLGcx, AMD 748282",101599.95,03-06-2013,16-04-1980,44,Female,3,13791.005,23978.57701,15069.42324,124300.1088,None,Married,11,23,Marketing,Regional Marketing Manager
1223,phNNNqnY,"AWEwDIAg St, EUxFszgRaW, PUN 377085",98739.32,24-12-2014,07-02-1985,39,Other,3,5295.068,23303.44049,14645.13126,112692.6972,Both,Married,9,18,Human Resources,Senior HR
1224,MwQKrPOy,"SzVxODbo St, SogDLRabAm, CHN 806860",113769.29,05-01-2009,18-02-1973,51,Female,1,8179.071,26850.65968,16874.39396,131924.6267,Medical,Married,15,30,Finance,National Account Head
1225,jHgcyowP,"nWWPfubM St, huQDNNxpnD, DEL 145183",141208.04,01-08-2021,22-04-1965,59,Male,2,4098.196,33326.47173,20944.14141,157688.5663,Both,Widowed,2,38,IT,Technical Lead
1226,KKyLBDZm,"VFPmupYs St, ReYeumsWWL, KOL 802617",139271.92,22-07-2012,02-12-1974,49,Other,3,6761.808,32869.52856,20656.97383,158246.2827,Medical,Married,11,28,IT,Technical Lead
1227,VdWkUqfN,"whwrHjyF St, lnasLUSrce, KOL 955310",55058.89,14-03-2021,18-03-1999,25,Male,0,5920.111,12994.43389,8166.398867,65807.03603,Medical,Single,3,4,IT,QA Engineer II
1228,UkEPATIc,"ZdVYtKMz St, uhueGEjMal, KOL 248464",62325.67,07-09-2022,21-05-1996,28,Male,1,10149.433,14709.4647,9244.216164,77940.35153,None,Married,1,7,Human Resources,HR Executive
1229,pqmWLKlO,"ApIyPrfQ St, CORqsQvLFB, CHN 606160",82327.08,11-10-2020,26-07-1987,36,Other,3,8388.292,19429.99212,12210.84865,97934.51546,Life,Married,3,15,Finance,Regional Account Head
1230,KmoDcdmV,"jpTrJmoz St, kmiTfpyniJ, MUB 185333",74281.13,26-02-2020,23-10-1997,26,Female,4,7913.887,17531.06961,11017.46395,88708.62266,None,Married,4,5,Finance,Account Associate
1231,AAntvzRv,"BRlyZQOk St, QsaIACNCLm, PUN 342170",88767.36,15-08-2015,25-05-1986,38,Male,1,8436.264,20949.96088,13166.07851,104987.5064,Both,Married,8,17,IT,Software Engineer III
1232,JqSYGrcj,"ztMcMiSi St, ylqnCbAAYs, CHN 649251",104910.1,06-03-2018,03-08-1985,38,Other,4,11139.99,24759.80462,15560.38855,125249.5061,Life,Married,6,17,Human Resources,Senior HR
1233,CsAcient,"qkKBGJLL St, KefczyYrcp, PUN 819629",115086.12,26-11-2009,15-06-1971,53,Male,2,10946.388,27161.44438,17069.70773,136124.2447,Medical,Married,14,32,Human Resources,HR Director
1234,sHZljuhI,"qIeigYed St, WtmJzoFttY, PUN 744539",90103.39,03-12-2015,04-10-1988,35,Other,1,4476.661,21265.27696,13364.24004,102481.0879,None,Divorced,8,14,Sales,Regional Sales Manager
1235,lBYpLKcB,"JvHuWNBW St, scckXkMIkv, MUB 691582",141056.78,11-09-2004,08-09-1964,59,Male,4,4844.322,33290.7729,20921.70635,158270.1685,Life,Married,19,38,Sales,National Sales Manager
1236,wOVkXAUB,"guThzuIL St, QdXCEcgGzC, CHN 242945",58632.65,21-09-2015,21-12-1992,31,Female,3,5801.735,13837.87603,8696.463124,69575.79791,Life,Divorced,8,10,Sales,Sales Executive
1237,WuWssubc,"unALYMYy St, BWHqXypFFm, HYD 426202",60309.07,11-07-2019,11-11-1998,25,Male,0,10321.093,14233.52747,8945.111696,75918.57877,None,Single,5,4,Marketing,Marketing Associate
1238,CJfZmelL,"GQVrbDvc St, hwjlkajqIC, DEL 130188",60880.07,24-11-2021,04-04-1997,27,Female,2,7610.993,14368.28903,9029.803083,73829.54894,Life,Married,2,6,IT,QA Engineer II
1239,rjfISHbh,"vfnehgHq St, qeyxSjBpJB, BLR 223802",85978.08,06-10-2001,05-10-1979,44,Other,4,9079.192,20291.66365,12752.36924,102596.5664,None,Married,22,23,Human Resources,ERP Head
1240,gDzxXPkR,"FOhTSPMp St, SQgLkAuEqN, DEL 338080",53449.01,19-01-2022,05-02-1995,29,Female,0,4922.099,12614.48655,7927.619585,63057.97596,Life,Single,2,8,Marketing,Marketing Associate
1241,YXjrnoKi,"GzqoUFIn St, OqDMYJECmi, AMD 349959",80987.61,12-08-2008,21-10-1982,41,Male,3,5510.239,19113.86416,12012.1769,93599.53626,Both,Married,15,20,Sales,Regional Sales Manager
1242,gQbRNxpt,"SEoHndOI St, ykgnQVfiom, KOL 886548",114662.1,21-12-2021,21-06-1977,47,Male,3,10174.79,27061.37153,17006.81658,134891.4449,None,Divorced,2,26,IT,Technical Lead
1243,sIMeJqQC,"kwdeEXSd St, OLQLvIGiuY, BLR 522084",75572.4,28-11-2004,15-08-1978,45,Female,,6220.76,17835.8219,11208.98663,88419.99527,None,,19,24,Sales,Regional Sales Manager
1244,ZXpPawvY,"WcNucjyo St, ttqIMSfIzI, PUN 895557",53333.34,21-08-2020,17-09-1992,31,Female,1,6801.666,12587.1873,7910.463276,64811.73002,Both,Married,3,10,Marketing,Marketing Associate
1245,xfzOvMyD,"hjHBiEnX St, ehjxrJbXrR, KOL 417856",132707.46,23-06-2002,11-02-1971,53,Female,3,11397.254,31320.25212,19683.32545,155741.6407,Life,Married,22,32,Human Resources,Recruitment Manager
1246,YeHqqVFk,"NDKwwsPu St, nnPPBlVwrx, PUN 241074",86854.94,23-07-2012,15-04-1984,40,Other,1,6618.506,20498.61114,12882.42614,101089.631,None,Married,11,19,Finance,Senior Account Executive
1247,mHmPWpvq,"JbFVCAjm St, kEkNXxOduz, PUN 812088",48988.92,15-12-2016,04-08-1992,31,Other,2,6275.108,11561.8619,7266.093828,59559.79607,Both,Married,7,10,IT,Software Engineer II
1248,FyKHrrAa,"BZwQbsSY St, ICEAHxVUbb, AMD 325272",143418.81,27-08-2009,14-06-1975,49,Other,2,9186.119,33848.23496,21272.0454,165181.1186,Both,Married,14,28,Sales,Sales Director
1249,oVBIeqhJ,"EZAmouRK St, UdtIzgqMHb, AMD 478789",56701.3,04-11-2020,20-12-1996,27,Male,3,7320.87,13382.05864,8410.003036,68994.2256,None,Married,3,6,IT,Software Engineer II
1250,ILQOgPHV,"EVVGgdTQ St, ZfrvWVUEDC, HYD 684900",106547.38,20-08-2017,05-07-1988,36,Female,2,8283.262,25146.21864,15803.23184,124173.6288,Life,Married,6,15,Finance,Senior Account Executive
1251,gLzCYsQt,"zqNOstbS St, NpTmXIPBCc, PUN 720582",68254.11,03-10-2020,16-06-1999,25,Other,4,6647.589,16108.63423,10123.52931,80886.80393,None,Married,3,4,Finance,Account Associate
1252,EfhVmqyG,"GsRaaYaH St, BJlyWVczAX, BLR 257389",139078.45,14-02-2015,24-01-1969,55,Male,2,10568.155,32823.86776,20628.27813,161842.1946,None,Married,9,34,IT,Technical Lead
1253,uIcJZdHM,"FkFKdZfT St, EPiypHqvoW, KOL 747370",35000.7,05-08-2023,26-12-2002,21,Other,0,8981.93,8260.505839,5191.344701,47051.79114,None,Single,0,0,Finance,Accounts Intern
1254,rHefwaho,"PbGrjqAd St, wxFWNTUiYS, HYD 536384",105435.84,26-12-2009,01-07-1984,40,Other,3,11687.416,24883.88438,15638.36693,126368.7735,Medical,Divorced,14,19,Finance,Senior Account Executive
1255,czvENCXP,"kmhKdRya St, DPnULQlmcM, PUN 468429",89761.89,06-04-2016,15-07-1984,40,Male,1,8276.811,21184.67964,13313.58836,105909.7923,Life,Married,8,19,IT,QA Lead
1256,AMyYxDaC,"eqFHOTdK St, QXrKtiCdSG, BLR 284273",143363.49,13-05-1995,26-04-1972,52,Female,1,6690.651,33835.17891,21263.84027,162625.4796,Life,Widowed,29,31,Human Resources,Recruitment Manager
1257,hvgdpkJG,"vMpAwcIG St, OjKCPOsFrf, DEL 479327",133308.77,28-06-2002,03-01-1965,59,Male,1,6124.123,31462.16713,19772.51246,151122.5477,Both,Widowed,22,38,IT,IT Manager
1258,UXMjhCoJ,"pDEDGiWn St, CMnKnWsfVn, AMD 883097",107458.64,11-12-2013,16-06-1990,34,Male,2,12906.136,25361.28487,15938.39098,129787.6699,Medical,Married,10,13,Human Resources,Senior HR
1259,WhALDtQM,"zfFjLgYr St, sZZihJLXSu, BLR 745671",102013.97,21-05-2022,25-05-1978,46,Other,3,10081.603,24076.28976,15130.83117,121041.0316,Both,Married,2,25,Human Resources,ERP Head
1260,zSaupUky,"TBPQezuB St, AnpLRnvrAF, MUB 790803",131458.34,18-07-1997,12-12-1973,50,Male,1,6657.166,31025.44764,19498.05452,149642.8991,Life,Divorced,27,29,IT,Technical Lead
1261,LefZjFRM,"OtsvnxkZ St, gDFNkZYlOZ, DEL 165728",139230.9,26-03-2021,13-02-1964,60,Male,1,9905.91,32859.84745,20650.88969,161345.7678,Both,Widowed,3,39,Human Resources,Recruitment Manager
1262,donJEZqD,"srrTaVnX St, LsaWgPjOSL, AMD 704476",54198.38,06-03-2018,07-05-1994,30,Other,3,6653.162,12791.34516,8038.767019,65604.12014,Life,Married,6,9,Finance,Account Associate
1263,oSLwrVvl,"gqCBfxpz St, eMgFWiFMjU, PUN 473947",53779.21,21-07-2021,19-11-1998,25,Male,0,7367.079,12692.41696,7976.595235,65862.11072,Medical,Single,2,4,IT,Software Engineer II
1264,qRchHXfo,"KfNxYPiD St, PLqfVvfLNb, CHN 341815",112049.24,05-02-2019,20-11-1975,48,Male,3,13503.076,26444.71114,16619.27414,135377.753,Medical,Divorced,5,27,Marketing,Marketing Director
1265,kqsanucW,"gbPPtwzN St, nAtmqeDkku, AMD 361598",121331.36,24-03-2005,06-10-1975,48,Other,4,8462.864,28635.3818,17996.00902,140433.5968,Life,Married,19,27,Marketing,National Marketing Manager
1266,jMJbAdwW,"iRQwPpaq St, JkWoOgpRjr, HYD 899024",92680.12,20-04-2023,28-11-1985,38,Female,3,7193.988,21873.41032,13746.42364,108001.0947,None,Married,1,17,Marketing,Regional Marketing Manager
1267,PjjOzYpV,"qvIKglnO St, GFGsKubZml, AMD 515972",105801.34,27-04-2002,24-04-1979,45,Male,,12419.866,24970.14594,15692.57831,127498.7736,Medical,,22,24,Sales,Regional Sales Manager
1268,bOzzorOc,"YzcAFNdu St, IOXEJsAOYi, AMD 836266",70655.8,28-03-2021,01-08-1994,29,Other,2,8144.42,16675.45645,10479.75077,84995.92567,Life,Married,3,8,Marketing,Marketing Associate
1269,ynBYIwjC,"ggeMZSFK St, zmQfQYsocw, DEL 622531",99497.76,25-10-2010,05-12-1989,34,Female,3,3881.224,23482.43971,14757.62396,112103.7997,Both,Married,13,13,Finance,Senior Account Executive
1270,tjggzrru,"FgSdZKds St, DAyKQwufwz, KOL 896724",115988.74,27-06-1999,04-08-1969,54,Female,3,9561.126,27374.47148,17203.58538,135720.7521,None,Married,25,33,Sales,Sales Director
1271,FMTxCmKY,"cctKnZnR St, sYwXwGJkBn, AMD 638948",119496.15,13-04-2004,10-02-1964,60,Other,4,7510.385,28202.25438,17723.80853,137484.9809,None,Married,20,39,IT,IT Manager
1272,uBaSyUHA,"eLuzqldT St, yySkizrQst, KOL 700270",56552.1,04-12-2016,05-09-1992,31,Male,2,5200.79,13346.84599,8387.873518,66711.86247,Medical,Divorced,7,10,Sales,Sales Representative
1273,FmYVdXrY,"TujzmLpM St, hhpYWKGgzP, MUB 995415",144199.65,21-05-2003,02-09-1974,49,Male,2,6128.035,34032.5208,21387.8605,162972.3453,None,Widowed,21,28,Finance,National Account Head
1274,lKkObLGa,"RunFoxKW St, dffSavOGsq, HYD 369614",96138.8,24-05-2007,07-07-1986,38,Male,2,4973.12,22689.69246,14259.41909,109542.1934,Life,Divorced,17,17,Human Resources,ERP Head
1275,LFAMhGtm,"ChIjwSlc St, IXlHzFBEEl, PUN 866806",52392.84,20-10-2021,27-12-1996,27,Female,0,7101.716,12365.22015,7770.967218,64088.80893,Both,Single,2,6,Sales,Sales Executive
1276,hkWiNsTw,"gQpZPtMh St, PDkmvRzXHc, MUB 722749",18701.42,20-01-2021,05-04-2000,24,Other,3,6207.858,4413.717129,2773.816455,26549.17867,None,Married,3,3,Finance,Accounts Intern
1277,UuXiXJLQ,"NjQgtLJy St, ZsKnXcqcYj, PUN 641200",59561.13,02-05-2019,14-08-1995,28,Female,3,5302.887,14057.00635,8834.176362,70086.84699,Medical,Married,5,7,Finance,Account Executive
1278,PTcKOGDa,"SvlROans St, GFuKeTdtSy, DEL 679230",76538.21,11-11-2020,28-05-1988,36,Male,3,10150.179,18063.76246,11352.23669,93399.91476,Life,Married,3,15,Marketing,Regional Marketing Manager
1279,JTYHxGGF,"mPnKajNb St, tsMBMFfgyi, AMD 287187",103691.55,26-12-2007,07-04-1978,46,Female,2,10407.845,24472.21496,15379.6518,123191.9582,Life,Married,16,25,IT,Software Engineer III
1280,NWJdDXgs,"IexqeDEX St, DKHcuXSDOT, BLR 226342",128734.41,25-03-1999,03-11-1973,50,Other,2,6904.559,30382.57365,19094.03804,146927.5046,Both,Widowed,25,29,IT,IT Manager
1281,BFstMJOT,"FmTdLXpP St, LgecrHSfWd, MUB 422005",105155.11,25-10-2024,12-07-1988,36,Female,2,13936.489,24817.62937,15596.72872,128312.4996,Medical,Married,-1,15,Sales,Regional Sales Manager
1282,IOYuBOGu,"VEnqpCyV St, lzsEJcebdT, MUB 882962",80408.47,15-10-2017,08-02-1991,33,Male,3,5188.153,18977.18148,11926.27818,92647.52631,Both,Divorced,6,12,Sales,Regional Sales Manager
1283,wFRXodQY,"mVWjKGcD St, htAgqFegfK, KOL 916097",95036.82,27-03-2015,02-07-1990,34,Female,4,3683.318,22429.61445,14095.97213,107053.7803,Medical,Married,9,13,Sales,Senior Executive
1284,zXAzqKIx,"FIkhIAsB St, uZVZgDJizH, PUN 986502",100884.11,26-05-2023,16-04-1990,34,Male,3,10388.589,23809.6318,14963.24902,120119.0818,Life,Married,1,13,Human Resources,ERP Head
1285,FsseNwhL,"UVnIpebB St, wSQkCjhnxU, HYD 478738",84970.16,02-01-2004,24-10-1983,40,Female,1,5771.984,20053.78472,12602.87337,98193.05535,Life,Divorced,20,19,Sales,Regional Sales Manager
1286,OSTzCBqv,"OEGdZWPF St, LWqnUIRchq, CHN 235139",52713.21,09-06-2023,09-06-1997,27,Other,4,4787.679,12440.83058,7818.48487,62123.23471,Life,Married,1,6,Finance,Account Associate
1287,kHsYPckC,"amUWhDRk St, gJYJCjUmnS, PUN 728780",99982.27,19-10-2019,21-11-1979,44,Other,3,6954.773,23596.78878,14829.48705,115704.3447,Life,Married,4,23,Finance,Regional Account Head
1288,plAkcjUH,"xoSFcLVW St, TMskEzHCGt, AMD 518821",82393.93,08-02-2019,18-09-1989,34,Female,2,7626.607,19445.76937,12220.76392,97245.54244,None,Divorced,5,13,IT,Software Engineer III
1289,AzJDpsYE,"FkEayAxS St, modDimbPrp, HYD 122274",96273.42,11-02-2018,06-08-1979,44,Other,1,7664.658,22721.46409,14279.38609,112380.156,Life,Married,6,23,IT,QA Lead
1290,aPHqWPJC,"bmSexBoj St, pbtSbCEVjz, PUN 635271",110466.45,06-01-2001,26-01-1969,55,Other,2,9456.355,26071.1573,16384.51288,129609.4494,Medical,Widowed,23,34,Sales,Sales Director
1291,nCBjMxgX,"pTXQWEYl St, RotaUOsWDn, MUB 687374",83886.11,16-12-2010,07-08-1978,45,Other,,8809.389,19797.93837,12442.0858,100051.3516,None,,13,24,IT,QA Lead
1292,faDcyXST,"OtIGNceG St, HrVcJoBzze, AMD 592925",45692.11,01-03-2021,04-04-1997,27,Other,0,7271.789,10783.78265,6777.107118,56970.57453,None,Single,3,6,Sales,Sales Representative
1293,TYHaUXqZ,"MbGsVZAR St, UKTNIuGbTr, KOL 136264",112322.77,12-02-2002,01-02-1965,59,Male,2,11625.723,26509.26689,16659.84443,133797.9155,Life,Married,22,38,Human Resources,HR Director
1294,jPfRIHTM,"YFuHaxGM St, cOvvxsHSxM, MUB 264508",134425.11,13-05-2023,13-10-1975,48,Male,1,7674.489,31725.63423,19938.08931,153887.1439,Both,Divorced,1,27,Human Resources,Recruitment Manager
1295,iCGfJmwy,"HWZTyrMV St, HZzDujAeml, HYD 873906",85935.78,01-11-2014,21-03-1982,42,Female,2,6554.422,20281.68044,12746.09525,100025.7872,Both,Divorced,9,21,Human Resources,ERP Head
1296,bUaWNBKX,"AeGXPhON St, WubBQiDzgD, AMD 649904",74215.33,16-09-2017,13-04-1996,28,Female,3,10140.467,17515.54017,11007.70442,90863.63275,None,Married,6,7,Sales,Sales Executive
1297,cTKTBQVD,"VXwaNCfC St, biYpsjqZSV, PUN 573886",84302.14,22-10-2018,15-05-1990,34,Other,1,6130.786,19896.1255,12503.79186,97825.25964,None,Married,5,13,Marketing,Senior Marketing Executive
1298,cdkxUtoT,"MXzItpsz St, jQHQWvYKgx, DEL 774015",46148.52,05-08-2024,18-06-1996,28,Female,3,7493.148,10891.49985,6844.802382,57688.36547,Medical,Married,-1,7,IT,Software Engineer II
1299,asxWBHCT,"cIkxdQcc St, HGhjcMoVaJ, HYD 336301",65891.69,09-04-2022,10-09-1992,31,Female,1,8281.831,15551.08012,9773.132415,79951.46871,Life,Married,2,10,Sales,Sales Representative
1300,FhvppEfo,"SDYKtywQ St, sGEMifdogz, MUB 955634",76344.19,11-01-2015,11-06-1979,45,Other,,8617.581,18017.97185,11323.45942,91656.28343,Both,,9,24,Finance,Regional Account Head
1301,xxXmHhZx,"tLbtpIuv St, GUlvdqTuJV, DEL 447754",113710.38,26-08-1997,23-07-1976,47,Other,1,10977.962,26836.75635,16865.65636,134659.442,Both,Widowed,26,26,Sales,Sales Director
1302,VRGcZhbw,"SeayUexm St, LSMPIZmWDR, MUB 433491",47874.23,11-07-2018,24-07-1997,26,Other,4,5795.577,11298.78421,7100.761705,57867.8295,Both,Married,6,5,Sales,Sales Representative
1303,ybHmFFmi,"OSjHyjau St, jnEbEEqxJI, MUB 458586",76587.03,12-09-2017,11-07-1988,36,Male,1,8421.297,18075.28445,11359.47773,91724.13372,None,Married,6,15,Finance,Regional Account Head
1304,pPbnRRTy,"LquHUyOY St, xrdXUBvxPE, BLR 539479",108035.55,26-10-2014,12-05-1988,36,Other,4,10077.445,25497.44124,16023.95895,127586.4773,Life,Married,9,15,Finance,Regional Account Head
1305,nbdALnmj,"gxRRWhwG St, CGxJKJUhWs, CHN 812724",59982.56,10-01-2014,10-09-1993,30,Other,0,5928.744,14156.46793,8896.683352,71171.08858,Life,Single,10,9,Finance,Account Associate
1306,ADifpkMa,"JsIDynwF St, obOvKRwaXu, CHN 526484",57776.85,03-01-2018,07-12-1995,28,Female,2,7064.315,13635.89891,8569.529869,69907.53404,Both,Married,6,7,Sales,Sales Executive
1307,lDpZSPbs,"EvXJaGDH St, NKSwrzQZjX, PUN 197932",133045.96,08-03-2003,06-07-1971,53,Other,2,11494.404,31400.14141,19733.53217,156206.9732,Both,Widowed,21,32,Marketing,National Marketing Manager
1308,RGlNOLhd,"QnevPorB St, EjXfFwMXmG, BLR 754700",78182.39,25-01-2013,28-07-1983,40,Other,1,9685.761,18451.80494,11596.10339,94723.85255,None,Divorced,11,19,Finance,Regional Account Head
1309,YAGFsWBN,"IBPcmOHU St, UIuuInNfnb, DEL 582204",34791.23,14-05-2022,03-08-2001,22,Male,0,8750.877,8211.068881,5160.275866,46592.90002,None,Single,2,1,Finance,Account Representative
1310,pBuInYwi,"fFRhUaaw St, urhHRqCRFp, KOL 374013",117576.29,11-05-2009,26-06-1977,47,Other,1,6366.371,27749.14873,17439.05265,134252.7571,None,Divorced,15,26,Sales,Sales Director
1311,UuOmYUyg,"QDDOglOM St, rWabJEoXcW, CHN 812056",92687.47,21-03-2023,23-10-1986,37,Other,1,5513.253,21875.14499,13747.5138,106328.3542,Medical,Divorced,1,16,IT,Software Engineer III
1312,xOipoMbb,"spCwjePy St, jTFwADAXBh, HYD 182530",120130.2,27-02-2000,05-07-1967,57,Female,3,10280.98,28351.89635,17817.85156,140945.2248,None,Married,24,36,Sales,Sales Director
1313,PAQmLOQJ,"PYrtfdky St, ucsCOKJkBl, AMD 140002",21840.85,19-09-2023,25-12-2002,21,Other,0,5216.915,5154.653163,3239.46038,28972.95778,Medical,Single,0,0,Human Resources,HR Intern
1314,qkDqMmva,"bIefToXS St, FDLJlROnAO, PUN 904966",50272.39,24-07-2019,17-07-1996,28,Male,4,7830.761,11864.77331,7456.459597,62511.46471,None,Married,4,7,IT,QA Engineer II
1315,NovjXhoD,"UWgnDBAI St, TJpsXuAOPS, HYD 340710",115560.62,13-04-2001,03-09-1970,53,Male,3,6976.938,27273.431,17140.08612,132670.9029,Medical,Married,23,32,IT,IT Manager
1316,TJRuYsaO,"CRUfxLrV St, IPGCCIrbKW, MUB 534621",45456.17,05-12-2023,18-11-1997,26,Other,2,6092.383,10728.09852,6742.112222,55534.53929,Medical,Married,0,5,Finance,Account Executive
1317,qOjmtCPu,"neYzRxrz St, ROHilUPxDH, MUB 468515",77632.84,21-05-2020,13-11-1991,32,Female,2,9314.716,18322.10579,11514.59349,93755.0683,Both,Married,4,11,Sales,Senior Executive
1318,JuBLsWWl,"ymflLzlE St, YnfHUvjITi, HYD 966507",20466.15,06-12-2022,21-11-2001,22,Male,0,7742.385,4830.210584,3035.56327,30003.18231,Medical,Single,1,1,Marketing,Marketing Intern
1319,tsDiTOmi,"WSCZeIjO St, NLdtaebTgq, PUN 273207",137725.85,06-09-2003,19-04-1975,49,Female,3,9863.415,32504.641,20427.65892,159666.2471,Medical,Married,20,28,Sales,National Sales Manager
1320,nhDuTwib,"XBTNCzwu St, wikschfBAE, KOL 944572",126219.63,24-11-2000,16-05-1970,54,Male,4,10697.037,29789.06109,18721.04293,147984.6852,Medical,Married,23,33,Finance,National Account Head
1321,UmaeaTIl,"ktMhQHwF St, TSpNHjWnmV, BLR 652659",82061.54,10-08-2010,02-03-1985,39,Female,2,5402.846,19367.32209,12171.46345,94660.24464,Life,Married,13,18,Sales,Senior Executive
1322,UYefvNHf,"Fovzrfur St, AoLPImDbQk, PUN 900520",29187.73,12-01-2024,01-05-2002,22,Other,0,5463.227,6888.588345,4329.158201,37210.38714,None,Single,0,1,Finance,Account Representative
1323,ipcXLWnI,"yUPYllUn St, BzSGsXPMcW, MUB 234992",64877.17,25-11-2021,23-10-1998,25,Female,0,9895.283,15311.64353,9622.657623,80461.4389,Both,Single,2,4,Human Resources,HR Associate
1324,oVKlxTwL,"gDoUfhlU St, bLqwxCunMd, PUN 713514",46632.94,09-06-2021,05-04-1998,26,Other,1,6829.706,11005.82769,6916.652123,57551.82157,Both,Married,3,5,Finance,Account Executive
1325,prHzwryJ,"VIpLBqjy St, GvidueLkUu, MUB 873971",147420.97,03-10-2011,09-03-1973,51,Male,1,6870.903,34792.78367,21865.65044,167219.0062,Life,Widowed,12,30,Marketing,Marketing Director
1326,MWaCVmLu,"TuXCjzcQ St, ToFczqALfN, HYD 735058",83489.39,10-07-2011,01-07-1984,40,Other,4,5923.061,19704.30859,12383.24383,96733.51576,Both,Married,13,19,Human Resources,ERP Head
1327,sqYfOsPi,"QwFRdOhO St, OlORljNNoI, HYD 294223",85536.21,18-11-2015,28-10-1989,34,Female,4,6232.379,20187.37803,12686.83056,99269.13647,Both,Married,8,13,Finance,Senior Account Executive
1328,HpmYaPAj,"kxQhPoCC St, ZHZLZxiMdk, HYD 274581",100040.94,17-11-2022,18-03-1983,41,Male,4,8572.906,23610.63547,14838.18906,117386.2924,Medical,Married,1,20,Marketing,Regional Marketing Manager
1329,trCLWMZt,"oeqVkqQi St, VNmKPiSqUe, HYD 420191",90977.19,10-02-2020,28-01-1986,38,Female,2,8465.281,21471.50226,13493.84307,107420.1302,Medical,Married,4,17,IT,Software Engineer III
1330,kOHacsnk,"eqUYQXNj St, ceIFkIGgov, BLR 952858",101439.49,04-08-2012,25-01-1987,37,Female,3,13748.051,23940.70689,15045.62363,124082.6243,Life,Married,11,16,Marketing,Senior Marketing Executive
1331,lkmsTkSA,"uUqTlndG St, GcpQMugpgl, BLR 566922",62687.28,21-10-2022,07-05-1997,27,Other,0,7563.272,14794.80818,9297.850581,75747.50959,Life,Single,1,6,Human Resources,HR Executive
1332,WBYXUkou,"BHuOjAQI St, bkFHByTbVt, CHN 482167",37458.26,13-06-2022,09-01-2000,24,Male,3,8425.174,8840.513917,5555.85287,49168.09505,Both,Married,2,3,Human Resources,HR Intern
1333,zKMxXaFc,"pGnHoKkZ St, XKGaOdjANe, MUB 932154",98155.33,12-01-2021,28-11-1987,36,Male,3,7558.467,23165.61316,14558.51318,114320.897,Medical,Married,3,15,IT,Software Engineer III
1334,IJpeoqCR,"fWyyeVgr St, NflaJeqCbJ, MUB 625396",25860.04,18-05-2024,04-02-2000,24,Female,4,5973.996,6103.221119,3835.591334,34101.66578,None,Married,0,3,Finance,Account Representative
1335,GWrEHXlc,"PdWNKWEp St, dRpUiysijk, DEL 976087",46529.52,24-04-2019,07-10-1994,29,Female,0,8209.048,10981.41956,6901.312747,58818.67481,None,Single,5,8,Marketing,Marketing Associate
1336,taCJLmsv,"uABukkPw St, ZStIULoeHh, MUB 326260",90173.78,12-11-2008,03-10-1977,46,Other,1,7719.622,21281.88968,13374.68036,105800.6113,None,Widowed,15,25,Marketing,Regional Marketing Manager
1337,taEjuiMT,"VAmtgHjU St, rqCeBizbvi, HYD 295308",107698.17,25-05-2003,21-12-1979,44,Other,3,7681.183,25417.81628,15973.91835,124823.2509,Both,Divorced,21,23,IT,Software Engineer III
1338,bHRUnlPO,"ZtgJIbmZ St, WYGHtAqJlw, PUN 319311",94580.98,02-12-2009,22-02-1978,46,Male,2,6587.902,22322.03178,14028.36141,109462.5524,Both,Married,14,25,Sales,Senior Executive
1339,AOfKfJpA,"cxdYanNV St, MmlgqBaHXR, DEL 685708",144006.29,12-02-1991,04-09-1966,57,Other,2,5085.371,33986.88596,21359.18112,161719.3658,Life,Married,33,36,Finance,National Account Head
1340,xXXjqvAX,"VVSoxpZj St, ahJuVpiaUG, HYD 450439",116619.61,11-08-2005,14-08-1975,48,Other,4,7716.039,27523.36294,17297.15675,134561.8552,None,Married,18,27,Marketing,Marketing Director
1341,MMkrpIgI,"myBZMuEY St, lkuOuLZQMz, KOL 840616",103733.47,02-07-2023,06-03-1987,37,Other,4,8917.653,24482.10849,15385.86942,121747.3621,Both,Married,1,16,IT,QA Lead
1342,VqRLPjki,"PpVVHkKf St, gqVDswjVLd, CHN 334620",69265.89,03-10-2023,16-01-1999,25,Female,1,9973.411,16347.42416,10273.5977,85313.12746,Both,Married,0,4,Finance,Account Executive
1343,bBtWKmsU,"uENDfDJO St, kYNmLLvACl, BLR 953702",98220.44,05-10-2022,13-01-1992,32,Other,1,6411.956,23180.97976,14568.17037,113245.2054,None,Married,1,11,Finance,Regional Account Head
1344,PyYPqfnJ,"cVVIlqNH St, yauOOyXNzB, PUN 375581",136253.89,12-03-1997,01-06-1967,57,Other,1,9403.611,32157.24411,20209.33609,157605.409,None,Widowed,27,36,Human Resources,HR Director
1345,IdOeqOru,"ntbcqJZT St, NeYagfNcbd, MUB 614280",132364.59,15-05-2019,25-07-1973,50,Female,2,10994.541,31239.33146,19632.47058,154965.9919,None,Married,5,29,Sales,National Sales Manager
1346,MryGzhie,"MZvqzgas St, KWOcBqQcUo, BLR 924920",78099.11,24-10-2007,26-04-1981,43,Other,1,6589.089,18432.15005,11583.75121,91536.59784,Medical,Divorced,16,22,Marketing,Regional Marketing Manager
1347,fIDcoJTv,"ljCvFUBi St, TMyfVFMymB, MUB 766729",103389.13,08-04-2020,27-02-1989,35,Other,1,10649.087,24400.8409,15334.79651,123104.2614,None,Divorced,4,14,Marketing,Regional Marketing Manager
1348,HetsiNTa,"EluZVWiD St, HlLWDxEEZR, CHN 165878",138024.71,21-09-2019,18-11-1973,50,Male,4,9122.529,32575.17487,20471.98618,159250.4277,Both,Married,4,29,Marketing,National Marketing Manager
1349,YFtcPYfZ,"KjvcjbNI St, DZCBwoPCpE, BLR 493057",141381.27,15-11-1997,25-05-1974,50,Other,2,6496.873,33367.35569,20969.83508,160275.6636,Life,Widowed,26,29,Marketing,National Marketing Manager
1350,hzCFuEVJ,"YRrMSVXC St, mVeTjtIJHI, BLR 942425",71067.11,11-10-2016,11-12-1995,28,Male,0,8135.289,16772.52961,10540.75675,85434.17186,Medical,Single,7,7,IT,Software Engineer II
1351,bzuGxTXv,"JRwCZhFm St, fXKyZyxDFd, PUN 358693",59181.14,23-06-2022,19-11-1998,25,Male,0,6063.886,13967.32501,8777.815801,70434.53521,Both,Single,2,4,Human Resources,HR Associate
1352,McXwHOLT,"OzZQBulX St, bSsshswSgZ, AMD 261571",47099.88,01-08-2022,02-12-1992,31,Other,4,6968.012,11116.03007,6985.909209,58198.01286,Both,Married,1,10,Finance,Account Associate
1353,NNHhGipl,"tHGjkuUf St, TALuTSqwfm, MUB 926412",96152.48,27-10-2021,10-02-1990,34,Female,3,7932.752,22692.92107,14261.44813,112516.7049,None,Married,2,13,Human Resources,Senior HR
1354,zXSIkGnY,"GoLHuMQv St, upSfqwUDXd, AMD 399714",100129.88,08-01-2007,15-10-1981,42,Female,3,12624.012,23631.62618,14851.38074,121534.1374,Medical,Divorced,17,21,IT,Software Engineer III
1355,ARCqFQmO,"XxVlivIJ St, ATTPLEHVRa, BLR 252261",99843.5,21-05-2019,19-05-1991,33,Male,4,5103.65,23564.03771,14808.90453,113702.2832,Life,Married,5,12,Human Resources,Senior HR
1356,hKbpdjZN,"mNqlSnqc St, YQklyigAmF, HYD 218518",83752.55,26-03-2004,03-04-1981,43,Other,2,6343.745,19766.41691,12422.27603,97440.43588,None,Married,20,22,Marketing,Regional Marketing Manager
1357,YrFjkmae,"BdSeCRao St, iJhmfSSdyE, AMD 593751",146362.32,18-12-1999,13-03-1971,53,Female,3,8994.768,34542.93197,21708.63024,168191.3897,Medical,Married,24,32,Human Resources,Recruitment Manager
1358,OJzemozn,"zagmpxWZ St, vDBAFdMfuF, HYD 571591",24188.49,07-08-2022,02-05-2001,23,Female,0,6542.151,5708.719051,3587.665086,32851.69496,Both,Single,1,2,Finance,Account Representative
1359,qrjofYEB,"WYNdYDfO St, BWYbannsqD, CHN 958110",131018.53,04-09-2017,28-03-1970,54,Other,1,9925.147,30921.6482,19432.82138,152432.5038,Life,Married,6,33,IT,IT Manager
1360,ykdunsqp,"JVZwjLTe St, rRtcjUottt, DEL 923536",107318.03,25-12-2017,10-09-1990,33,Female,3,12625.197,25328.09954,15917.53554,129353.791,Medical,Married,6,12,Finance,Senior Account Executive
1361,XYcEqBts,"FdLCVjOr St, EUtZVKWZMj, AMD 263356",78442.42,05-03-2011,04-12-1980,43,Female,2,9609.758,18513.17455,11634.67135,94930.6812,None,Divorced,13,22,Marketing,Regional Marketing Manager
1362,YXkSrxYe,"EyBkBgpb St, GzqJpEFBPg, MUB 952832",111138.44,19-02-2007,27-02-1969,55,Male,2,11505.156,26229.75348,16484.18322,132389.1663,Life,Married,17,34,Finance,National Account Head
1363,grMayVTG,"LTFjYkAP St, vUbjcuNPOJ, PUN 147970",93096.27,12-02-2014,15-06-1985,39,Female,1,8628.373,21971.62577,13808.14749,109888.1213,None,Divorced,10,18,IT,QA Lead
1364,DHagzUnh,"LHEjrmoz St, PKRvocFKcd, DEL 488921",83450.23,23-10-2022,23-01-1978,46,Other,3,5218.977,19695.06645,12377.43557,95986.83787,Medical,Divorced,1,25,Human Resources,Senior HR
1365,dAhTKMaa,"nlVVVHYG St, cIgqKDlOzB, AMD 602866",45286.63,14-08-2019,03-09-1993,30,Other,0,8056.337,10688.08543,6716.965851,57314.08657,Medical,Single,4,9,IT,Software Engineer II
1366,cURKOAtG,"cWfmNHEs St, qqPBkBbpsD, HYD 123833",80175.58,14-03-2002,05-02-1979,45,Other,,9032.442,18922.21718,11891.73566,96238.50352,Medical,,22,24,Sales,Senior Executive
1367,HJruGiHf,"ZkgDKWqn St, PHitKcSIAY, KOL 214923",16058.89,27-06-2023,14-11-2002,21,Male,0,5411.111,3790.054331,2381.87332,22878.18201,Life,Single,1,0,Marketing,Marketing Development Representative
1368,ZppPgxHl,"wddJnXfn St, QECEKulMaK, HYD 415496",144021.6,03-08-2016,08-12-1971,52,Other,2,8429.84,33990.49927,21361.45191,165080.4874,None,Married,7,31,Sales,Sales Director
1369,VjeurXjy,"LNUKKeEm St, uDGVOXbKfj, AMD 381604",113410.41,27-06-1990,12-06-1969,55,Other,1,10435.959,26765.96051,16821.16446,133791.165,None,Widowed,34,34,Marketing,National Marketing Manager
1370,wPOdIvaG,"ARdzxTAS St, QkOvoQSJTS, MUB 422553",17178.91,09-10-2023,07-02-2002,22,Female,0,7953.109,4054.389951,2547.995994,26638.41296,Both,Single,0,1,Sales,Business Development Representative
1371,bCejgYEd,"ZzjzOtKO St, oBucouNIyu, BLR 428210",86212.12,08-11-2021,26-12-1987,36,Female,3,5625.788,20346.89937,12787.08232,99397.72504,None,Married,2,15,Marketing,Senior Marketing Executive
1372,JziRGbAL,"OtkpSBdI St, BbAzhkjFYa, BLR 880342",86174.71,18-11-2011,12-02-1978,46,Male,1,8289.529,20338.07024,12781.53363,102020.7756,None,Widowed,12,25,Sales,Senior Executive
1373,KvSIJgso,"BOvRrISP St, AHsfUzcEfX, PUN 284961",134478.86,21-11-1998,20-01-1968,56,Female,2,6676.114,31738.31976,19946.06157,152947.2322,None,Married,25,35,Sales,Sales Director
1374,MRbnlJMC,"JmZFtCzO St, DrpIvsUHvY, KOL 232585",107039.49,02-03-2018,11-08-1990,33,Male,1,10766.051,25262.36139,15876.22217,127191.6802,Medical,Married,6,12,IT,Software Engineer III
1375,pAfcTheA,"yvAImYXY St, zguIiLpSZK, BLR 643003",103390.16,10-01-2009,03-03-1986,38,Other,3,13980.984,24401.08399,15334.94928,126437.2787,Both,Married,15,17,IT,Software Engineer III
1376,cxLfArAZ,"rxpvpPku St, dvtxnRKTvF, BLR 476914",102248.65,23-05-2018,03-03-1981,43,Male,2,12373.135,24131.67652,15165.63918,123587.8223,Medical,Married,6,22,Sales,Regional Sales Manager
1377,RdQvOCvQ,"hTqzrJXd St, FwauWtxMOx, BLR 749926",50874.24,21-09-2016,09-07-1995,29,Female,4,5305.576,12006.81577,7545.726692,60640.90507,None,Married,7,8,IT,Software Engineer II
1378,uOfSePBp,"mcXOxTPr St, qfpHshfSWq, HYD 723631",73706.59,21-09-2018,10-11-1992,31,Male,3,10190.341,17395.47258,10932.24751,90360.15607,Medical,Divorced,5,10,Sales,Sales Representative
1379,mYsmlNoS,"FhXpKyET St, lqNWHuDeYk, PUN 430559",135891.84,19-04-2020,09-03-1971,53,Female,4,10057.816,32071.79679,20155.63641,157865.8164,None,Married,4,32,IT,IT Manager
1380,wolrAfRa,"CUXrsQIL St, VeFyReivJy, BLR 514556",61776.72,04-04-2018,17-03-1993,31,Other,2,10753.328,14579.90715,9162.795258,77947.15989,Both,Divorced,6,10,Sales,Sales Executive
1381,UZQtuWaz,"iuBQfesF St, PecDLcIgdq, AMD 364588",98661.95,05-02-2021,04-08-1981,42,Male,3,3723.805,23285.18041,14633.65565,111037.2798,None,Married,3,21,Finance,Regional Account Head
1382,PjxVXmQu,"kEwfrLUJ St, BNJdeHzruH, PUN 991018",83664.9,05-09-2009,28-02-1982,42,Female,4,8660.51,19745.73066,12409.27568,99661.86498,Life,Married,14,21,Finance,Regional Account Head
1383,nSoqeLqK,"VUymHZam St, RIhAPqJEpD, BLR 672931",103395.17,18-07-2010,25-12-1980,43,Male,4,8617.483,24402.2664,15335.69237,121079.227,Life,Married,14,22,IT,Software Engineer III
1384,WLgiVtHn,"jGzXMdeH St, iaSAoOBJLO, KOL 798996",42899.38,28-09-2023,06-04-2001,23,Female,0,5921.062,10124.67119,6362.886143,52582.22705,Both,Single,0,2,Finance,Accounts Intern
1385,CSRKTCCx,"RLAxLRcF St, ojIJUGFzQL, BLR 139823",45446.76,12-05-2022,22-07-1997,26,Male,0,5904.324,10725.87766,6740.71652,55336.24514,None,Single,2,5,Marketing,Marketing Representative
1386,TOQJnvjw,"MKLMeCME St, CfanyvFsFC, BLR 572009",75631.65,15-04-2011,09-08-1988,35,Male,3,10367.835,17849.80547,11217.77466,92631.51582,Medical,Married,13,14,IT,Software Engineer III
1387,ZUtzRgdq,"ZhwmaggQ St, BRmimPVyEW, DEL 145374",28176.45,17-02-2023,16-08-1999,24,Other,2,6007.355,6649.916423,4179.163971,36654.55745,Medical,Married,1,3,IT,Software Engineer I
1388,XYTiwFfz,"dVRAoneb St, pObjpeUsKn, KOL 721474",84798.81,05-02-2018,05-07-1984,40,Female,4,5032.119,20013.34445,12577.45853,97266.81492,Both,Married,6,19,Finance,Regional Account Head
1389,CvMsIjIe,"fPiMHFFd St, tvvsarwnsg, CHN 911725",95556.17,06-11-2014,22-07-1985,38,Female,4,4587.383,22552.18611,14173.00273,108522.7364,None,Married,9,17,Sales,Regional Sales Manager
1390,rISKEcCh,"DTkKNGNK St, JYGATHZSwE, DEL 179084",108614,24-01-2021,03-06-1985,39,Male,3,13010.6,25633.96107,16109.75533,131148.8057,Medical,Married,3,18,Finance,Senior Account Executive
1391,UZkZWzHa,"JIvnBFrK St, WewZApxdxC, HYD 746399",124895.19,09-04-2023,23-10-1971,52,Female,2,5832.481,29476.48036,18524.60044,141679.5509,Life,Married,1,31,Marketing,National Marketing Manager
1392,WDoHlVOp,"InMKCSoU St, PpoWPGpVrr, DEL 876791",132705.86,27-07-1995,12-10-1970,53,Female,2,11401.414,31319.8745,19683.08814,155744.0604,Life,Divorced,28,32,Human Resources,Recruitment Manager
1393,ivYdDGgQ,"aWEpIvro St, FBrlcffkbu, MUB 681891",148537.26,14-04-2017,22-02-1966,58,Female,2,6155.274,35056.23898,22031.21988,167717.5531,Life,Divorced,7,37,IT,IT Manager
1394,GqViXRvY,"kfsBgDrI St, CVvhSncJDy, DEL 345224",149838.75,15-06-2017,01-08-1974,49,Other,4,3208.125,35363.40328,22224.25839,166186.0199,Life,Married,7,28,Marketing,National Marketing Manager
1395,lbYFlmRb,"qyykXwEp St, QKMTHuwcuK, MUB 188942",112672.33,21-09-1996,01-10-1973,50,Other,1,8445.767,26591.76645,16711.69157,130998.1719,None,Widowed,27,29,Marketing,Marketing Director
1396,mJAUoGrc,"UHaIXpjl St, gDpSkNOwdh, AMD 941017",129888.64,10-11-1993,23-07-1964,59,Male,4,11201.136,30654.98316,19265.23478,152479.5244,Life,Married,30,38,Human Resources,Recruitment Manager
1397,eMNngsMW,"UEYscYmu St, wrDKJPAgFE, DEL 582963",79019.74,18-04-2013,20-12-1983,40,Male,3,5131.026,18649.42769,11720.30012,91079.89357,Medical,Married,11,19,Finance,Regional Account Head
1398,WuKUlrJm,"EOmlebPh St, VsYvVdoBBV, BLR 594743",118857.79,13-12-2008,17-06-1970,54,Female,2,8361.221,28051.59521,17629.12622,137641.48,Both,Widowed,15,33,Human Resources,Recruitment Manager
1399,LmtjINNp,"RPKZUlmh St, SIKgwYyZhb, PUN 241909",92066.25,11-12-2021,17-06-1980,44,Other,4,6113.375,21728.53102,13655.37372,106252.7823,None,Married,2,23,Marketing,Regional Marketing Manager
1400,RVtiDbLr,"BHdExrFr St, cQGgYHQXaC, PUN 570051",81631.97,24-12-2012,06-10-1984,39,Male,2,7288.803,19265.93939,12107.74913,96078.96326,Medical,Married,11,18,Marketing,Regional Marketing Manager
1401,OqQltlap,"oGXfOURo St, CnyLtnyqOV, DEL 222201",85828.95,01-02-2019,28-08-1991,32,Male,1,8465.105,20256.46752,12730.2501,101820.2724,None,Divorced,5,11,IT,QA Lead
1402,hvaRXAQT,"dtkzyTQC St, EoPusPpBby, CHN 770652",34603.66,14-10-2023,25-07-1999,24,Female,0,6640.634,8166.800535,5132.455264,44278.63927,Life,Single,0,3,IT,QA Engineer I
1403,umaetXSm,"NJcfeefh St, djFWCzAGQl, HYD 596162",88231.6,25-04-2006,08-09-1983,40,Female,2,4961.84,20823.5163,13086.61396,100930.3423,Medical,Married,18,19,Human Resources,ERP Head
1404,ueJVlNEL,"uKHjGVrR St, QJvcnFyWtm, DEL 494519",69259.86,05-01-2023,07-10-1995,28,Female,0,10126.014,16346.00102,10272.70332,85459.1717,Life,Single,1,7,Marketing,Marketing Representative
1405,gsxMdXZq,"oGSpITGg St, QnUEguPObt, BLR 436905",103786.64,12-02-2020,13-12-1977,46,Other,2,8048.336,24494.65713,15393.75566,120935.8775,None,Married,4,25,IT,Software Engineer III
1406,qLHzOqXl,"YrrSoTTx St, suXvdyBsdV, MUB 879820",91454.61,17-11-2016,21-06-1980,44,Female,2,7270.539,21584.17803,13564.65456,106744.6725,Both,Married,7,23,Human Resources,ERP Head
1407,xufvcOtv,"sPEjLETm St, NbccFHzrpD, PUN 387553",95900.38,25-11-2016,24-08-1989,34,Other,1,5653.962,22633.42302,14224.05636,109963.7087,Life,Divorced,7,13,Human Resources,ERP Head
1408,KZJFoVrV,"oQvhDRTH St, jMQnzsIhLU, MUB 486950",94138.92,02-11-2007,15-06-1983,41,Male,3,4143.108,22217.70131,13962.79456,106536.9348,Both,Married,16,20,Human Resources,ERP Head
1409,NfxBxquJ,"yTqyfRHJ St, FLEMtBHFiu, HYD 531052",67146.45,10-06-2024,08-05-1998,26,Male,0,6499.355,15847.21569,9959.239883,79533.78081,Medical,Single,0,5,IT,Software Engineer II
1410,ZujdWmEi,"AvzsYrOT St, txhIJBiOxj, DEL 719839",143751.99,03-06-2010,24-09-1964,59,Male,1,7000.801,33926.86869,21321.46304,163358.1966,None,Married,14,38,Human Resources,HR Director
1411,bTUlfqcj,"wVskHQfD St, srUrqyELbL, HYD 747639",146041.65,19-02-2015,27-12-1973,50,Other,1,9851.835,34467.25073,21661.06809,168699.6676,Both,Married,9,29,IT,Technical Lead
1412,hwDrVLwp,"yPyMPSiq St, dQjvWQujQp, DEL 711034",149591.15,11-01-2002,17-02-1973,51,Other,2,7110.885,35304.96727,22187.53407,169819.4682,Life,Married,22,30,Sales,National Sales Manager
1413,fYIfYDmy,"MrhELkhm St, kqINgyMexV, CHN 140569",97313.37,21-05-2016,03-11-1977,46,Other,2,5603.663,22966.90241,14433.63269,111450.3027,Life,Widowed,8,25,Marketing,Regional Marketing Manager
1414,pCtVIvWI,"WqPPRpnF St, AdDfHbznkE, KOL 856008",145089.99,06-02-2019,14-09-1970,53,Female,1,7978.001,34242.64971,21519.91676,165790.7239,None,Married,5,32,Sales,Sales Director
1415,JGJvlLxH,"VyRmCxLE St, RdpxtEqbcq, MUB 270212",77467.49,19-06-2024,24-06-1992,32,Male,2,6430.251,18283.08158,11490.06859,90690.75399,Both,Married,0,11,Finance,Senior Account Executive
1416,vszRuyWn,"KiZLhpNG St, zNBTUfrtxn, AMD 441114",62998.33,01-09-2021,16-03-1997,27,Female,3,7165.167,14868.219,9343.98588,75687.73012,None,Married,2,6,IT,Software Engineer II
1417,phBvZzdI,"PUYfscFC St, tZtxwpTuRh, MUB 773286",54496.48,10-08-2024,07-01-1993,31,Female,2,5982.352,12861.69966,8082.981559,65257.5501,Medical,Married,-1,10,Human Resources,HR Executive
1418,XXAVIQjT,"NCXFhwim St, YXJofSWNvT, CHN 382736",130898.29,13-10-2006,27-05-1976,48,Female,2,7378.171,30893.27039,19414.98725,149754.7441,Life,Widowed,17,27,Human Resources,HR Director
1419,aPifTesg,"cjqrlCfS St, ImLmCSnkhi, PUN 197699",90957.53,17-09-2021,13-09-1986,37,Male,2,4177.247,21466.86231,13490.92708,103110.7122,Medical,Married,2,16,IT,QA Lead
1420,umPBQUci,"WSgxvvDh St, CAnJLgrPPp, PUN 585709",98287.73,21-11-2018,27-02-1986,38,Male,1,6065.227,23196.86085,14578.1509,112971.6669,Both,Married,5,17,Marketing,Regional Marketing Manager
1421,moEwBIzu,"hDUjSfUz St, NSWWOECzJo, DEL 125451",88835.52,21-09-2020,25-02-1979,45,Male,,4528.448,20966.0473,13176.18808,101153.8272,Both,,3,24,Marketing,Senior Marketing Executive
1422,jiKCJSXY,"eaEuFTmo St, beibaPBMPa, CHN 858748",116435.99,02-06-2023,08-09-1967,56,Male,4,12428.401,27480.02684,17269.92202,139074.4958,None,Married,1,35,Human Resources,Recruitment Manager
1423,rJdPVyHB,"PmcTaHGK St, wZFmFgjsdJ, PUN 434691",96518.74,10-08-2018,16-12-1977,46,Male,2,7978.126,22779.362,14315.77224,112960.4558,None,Widowed,5,25,Marketing,Regional Marketing Manager
1424,FHhaUKIB,"DoOsoFNT St, QhkaQsneTI, CHN 295091",80656.05,17-06-2015,12-06-1984,40,Other,4,6166.395,19035.61277,11962.99953,93895.05824,Both,Married,9,19,Marketing,Regional Marketing Manager
1425,RQhjAloX,"scgjyKMx St, TgZLmXVoIm, BLR 153595",115823.51,14-06-1993,08-07-1964,60,Other,3,11046.649,27335.4756,17179.07827,137026.5563,None,Married,31,39,IT,Technical Lead
1426,ZWwxaHkW,"dJvxIRtq St, FWyVSFdyLa, BLR 227536",77886.93,06-12-2019,09-02-1980,44,Other,3,5674.307,18382.0735,11552.28042,90391.03008,None,Married,4,23,Sales,Senior Executive
1427,HoiZnFGX,"lexzzfmD St, jtzoZrrilc, PUN 233131",47184.19,12-08-2019,14-08-1995,28,Female,0,6823.581,11135.92805,6998.414166,58145.28489,Life,Single,4,7,Marketing,Marketing Representative
1428,axBiNBRh,"PYFjdHgL St, HHzMiCEvIc, KOL 716325",111045.99,16-08-1990,23-01-1964,60,Other,2,12341.401,26207.93438,16470.47093,133124.8545,None,Married,33,39,Marketing,National Marketing Manager
1429,GDXTDpBe,"uZnfstoa St, NJFbFnbetX, AMD 271551",55616.81,16-09-2016,25-12-1993,30,Male,2,7257.319,13126.10844,8249.150213,67751.08723,Medical,Married,7,9,Finance,Account Executive
1430,PCoStown,"YXqWKwfT St, IDPCoJHsGG, HYD 832094",90471.03,15-03-2016,16-12-1989,34,Female,4,8835.897,21352.04358,13418.76883,107240.2017,None,Married,8,13,Marketing,Regional Marketing Manager
1431,QLJHgwLj,"goVEKIMr St, pdWarTygWx, AMD 219165",53419.95,22-06-2019,17-06-1997,27,Other,0,6186.005,12607.6281,7923.309372,64290.27373,None,Single,5,6,IT,QA Engineer II
1432,lxcZhxQU,"wXgfjjjU St, qXHxYbbaUG, KOL 379820",75233.36,08-08-2010,17-07-1984,40,Male,2,10421.664,17755.80516,11158.69982,92252.12934,None,Divorced,13,19,IT,Software Engineer III
1433,wmNxQUdp,"dMtsWeCB St, RUfmMvEdiL, DEL 438693",88324.49,08-01-2018,04-01-1983,41,Male,2,5833.551,20845.43925,13100.39151,101903.0887,Medical,Divorced,6,20,Human Resources,ERP Head
1434,iSGAwTYK,"mDGkNlLV St, nQHejhvGwG, PUN 224191",74140.59,13-06-2018,03-07-1993,31,Male,3,8411.941,17497.9008,10996.6189,89053.81291,None,Divorced,6,10,Marketing,Marketing Representative
1435,HVeDEHBK,"JfUvBgWI St, AcgShFvetR, KOL 807268",111273.62,06-03-2004,02-09-1965,58,Female,2,8631.638,26261.65727,16504.23327,129662.682,Both,Widowed,20,37,Human Resources,Recruitment Manager
1436,MZEfURrZ,"STFtNuOD St, CiMyvueGkX, KOL 894055",110632.74,02-08-2019,16-05-1965,59,Male,3,9831.726,26110.40336,16409.1772,130165.6922,Medical,Married,4,38,Marketing,National Marketing Manager
1437,AFRtZGHh,"CTKQxyId St, SxqSKanZxo, PUN 901003",134120.9,03-01-1997,10-12-1968,55,Female,3,6561.91,31653.83771,19892.96853,152443.6792,Medical,Married,27,34,Finance,Account Director
1438,IqTeAbjn,"eTONefpU St, PpZrYqCleD, CHN 254047",121480.06,09-03-2012,04-05-1965,59,Female,3,10180.994,28670.47645,18018.06437,142313.4661,Medical,Divorced,12,38,Marketing,Marketing Director
1439,zFUMMChd,"xApDgJPK St, BJrLHWaYUm, BLR 723337",81314.38,08-08-2018,25-09-1983,40,Other,3,5741.562,19190.98506,12060.64381,94186.28325,None,Married,5,19,Sales,Senior Executive
1440,sHuZNBgt,"deswFEiZ St, PKlRUXgNhB, AMD 378273",64584.66,17-01-2018,08-08-1996,27,Male,0,10573.534,15242.60832,9579.272199,80821.53012,None,Single,6,6,Human Resources,HR Associate
1441,yJUzGaXv,"waHvcgjT St, hoGrQdkAAU, KOL 237443",45031.54,01-07-2023,10-02-1998,26,Other,0,7642.846,10627.8817,6679.130604,56623.1371,Medical,Single,1,5,Human Resources,HR Executive
1442,DLsrxjQT,"BZroHxcc St, foLkfKCBET, PUN 207527",112067.68,19-03-2002,21-12-1975,48,Other,3,6992.232,26449.06316,16622.00918,128886.966,Life,Married,22,27,Human Resources,Recruitment Manager
1443,SYWuoGWb,"PbhUVRyU St, VnOeAgTjab, CHN 555665",89557.49,05-08-2024,08-01-1982,42,Male,4,6452.251,21136.43925,13283.27151,103862.9087,None,Married,-1,21,Finance,Senior Account Executive
1444,dVWmvMiW,"HsvqqnwZ St, AiUkzjNvVm, MUB 446414",141946.06,21-08-1998,15-05-1976,48,Male,1,7594.394,33500.65163,21053.6054,161987.5002,Medical,Married,25,27,IT,Technical Lead
1445,TxOPXdDb,"IHUOTJCc St, GrxLQjXQjP, DEL 319431",56650.04,11-11-2018,25-03-1994,30,Female,0,5866.996,13369.96078,8402.400093,67484.59669,Both,Single,5,9,Sales,Sales Representative
1446,UKHCSmNA,"pfCwdzgC St, cxWqsgELrO, AMD 479789",103315.48,18-04-2012,25-02-1991,33,Other,1,14083.452,24383.45878,15323.87265,126458.5181,Life,Married,12,12,Sales,Senior Executive
1447,dyzPyrkz,"KHjOiiwC St, VqwmEahhbo, PUN 247224",74560.15,16-08-2017,16-04-1994,30,Male,0,6526.985,17596.92105,11058.84853,87625.20752,Life,Single,6,9,Marketing,Marketing Representative
1448,zutpTmes,"sEtzgcWF St, EjjmBgiXIk, HYD 590834",88003.61,04-06-2018,20-08-1977,46,Other,3,7808.639,20769.70844,13052.79821,103529.1592,Medical,Married,6,25,Sales,Senior Executive
1449,iVEOxDGC,"OglwPiwg St, tlUlNFMcCR, DEL 971456",121487.74,11-12-2004,28-09-1964,59,Male,4,6610.226,28672.289,18019.20348,138751.0515,Life,Married,19,38,Human Resources,Recruitment Manager
1450,zhOWOKfr,"BZyCGGBg St, nXIieSqeMS, CHN 222999",88733.71,03-02-2004,19-12-1982,41,Female,3,8328.629,20942.01915,13161.0875,104843.2707,None,Married,20,20,Sales,Senior Executive
1451,FWoqVrax,"snmLWwfi St, gZYFoZSMpK, DEL 883655",22248.86,26-01-2023,01-09-1999,24,Other,3,5684.114,5250.947494,3299.976899,29883.94459,Life,Married,1,3,Finance,Account Representative
1452,dNtfUWtv,"FkSyyeaj St, FYWNugCelR, CHN 375754",88871.22,22-08-2006,28-01-1984,40,Other,3,8935.878,20974.47285,13181.48314,105600.0877,Medical,Married,17,19,Finance,Senior Account Executive
1453,uyPDmQQA,"plLrYqgl St, yieZhgYiLZ, DEL 670715",59096.02,26-07-2018,27-06-1993,31,Female,3,5170.398,13947.23586,8765.190704,69448.46316,Medical,Divorced,5,10,Finance,Account Associate
1454,oSkPwhGv,"mePeyqTM St, hBsEYhYYfw, AMD 678596",120292.58,28-10-2006,24-10-1969,54,Male,4,12142.742,28390.21961,17841.93595,142983.6057,None,Married,17,33,Finance,Account Director
1455,AMXrJZjz,"ZeLAZNSH St, bceUGFxllM, CHN 948116",124417.87,06-03-2017,21-04-1975,49,Female,3,11398.213,29363.8282,18453.80378,146726.1074,Medical,Married,7,28,Human Resources,Recruitment Manager
1456,uqmJmqTV,"AOyspOoh St, QloBDUiLQq, CHN 930266",85262.11,22-08-2022,13-07-1991,33,Female,2,5318.789,20122.68776,12646.17573,98057.41103,Both,Married,1,12,Sales,Senior Executive
1457,gZRRJleh,"nupxesSi St, NwzshefugO, HYD 332018",149182.23,27-11-2005,02-10-1972,51,Female,1,4094.777,35208.45818,22126.88258,166358.5826,Medical,Divorced,18,30,Sales,Sales Director
1458,WgkYDWDT,"LgpxWiKT St, KyKRtoCEPc, AMD 740421",79600.43,05-08-2012,09-04-1979,45,Female,,8653.957,18786.47618,11806.42874,95234.43444,Both,,11,24,Finance,Regional Account Head
1459,PzBYxfAy,"CLXohERb St, GNTGJpKptq, MUB 906271",111248.71,13-10-1996,11-04-1973,51,Other,2,7178.129,26255.77827,16500.53859,128182.0787,Both,Widowed,27,30,Human Resources,HR Director
1460,EtLqufLQ,"BytEdvtc St, VhdWQgGQSB, AMD 214765",149871.44,07-06-2020,09-08-1968,55,Other,3,3578.856,35371.11844,22229.10701,166592.3074,Life,Married,4,34,Finance,National Account Head
1461,ZtApvjhh,"PzWAhrQj St, QlTUwYthRe, KOL 622452",87276.65,08-07-2019,23-12-1979,44,Male,1,5713.335,20598.13881,12944.97466,100643.1492,Both,Divorced,5,23,Human Resources,Senior HR
1462,rcwaxMCL,"YicSnieH St, owPAOEHXhs, MUB 452126",23115.33,18-04-2020,18-11-1999,24,Other,0,7246.467,5455.442847,3428.492742,32388.74711,Medical,Single,4,3,Human Resources,HR Representative
1463,ySFFpJOI,"ZBOYDpRr St, tszTvXxbVV, DEL 370396",89685.52,13-12-2008,19-07-1983,40,Female,1,7195.448,21166.65557,13302.26107,104745.3625,Medical,Divorced,15,19,Human Resources,Senior HR
1464,vQHaTVaw,"ecsBObfS St, oMoJtprZHs, BLR 436127",80353.83,08-12-2016,15-09-1979,44,Other,3,5140.617,18964.28591,11918.17391,92540.559,Both,Divorced,7,23,Sales,Senior Executive
1465,CEwAEMWY,"XLgOQXud St, bkDsZmDViG, BLR 875581",75140.02,08-09-2014,28-06-1982,42,Female,1,9494.998,17733.77601,11144.85552,91223.93849,Life,Married,9,21,Human Resources,ERP Head
1466,KLdgLjyW,"bOLAllXe St, yizAdftPor, DEL 925285",83740.09,22-03-2007,06-10-1981,42,Other,3,7600.991,19763.47623,12420.42795,98684.12928,Medical,Married,17,21,Sales,Regional Sales Manager
1467,MLacODNi,"EezfKvXY St, wUsqoVglCm, AMD 155067",105783.05,18-10-2018,28-12-1982,41,Female,3,13289.695,24965.82932,15689.86552,128348.7088,Medical,Divorced,5,20,Human Resources,Senior HR
1468,naQrVWof,"nGwSTOht St, fQIDhiHpdB, PUN 656292",106588.22,26-09-2008,02-07-1978,46,Female,2,11103.178,25155.85727,15809.28927,127037.966,None,Widowed,15,25,Marketing,Regional Marketing Manager
1469,MjWOoZbI,"AFIqskue St, zwpGcxlLbm, MUB 481759",127374.13,10-04-2017,15-02-1967,57,Male,3,12154.587,30061.53433,18892.27972,150697.9716,None,Married,7,36,Human Resources,Recruitment Manager
1470,UBtgPKWt,"NsXLELNO St, UghZyuqoEf, DEL 642547",108874.29,17-09-2024,10-07-1991,33,Other,4,11926.571,25695.39204,16148.36185,130347.8912,Both,Married,-1,12,Finance,Senior Account Executive
1471,lYAQZLRB,"BeCVQOdZ St, nSfJxmlSOz, BLR 124747",141393.08,09-11-2024,14-02-1974,50,Female,1,7640.692,33370.14297,20971.58676,161432.3282,None,Married,-1,29,IT,Technical Lead
1472,uIknSTaV,"CQlhCLNI St, KVMVdKDWFH, DEL 745465",109257.2,05-03-2024,10-02-1984,40,Female,3,13289.28,25785.76253,16205.1555,132127.087,None,Divorced,0,19,Sales,Regional Sales Manager
1473,SybiHYXH,"gkqZSxxB St, gCrYOlKsZZ, HYD 565042",45614.34,19-08-2020,25-04-1996,28,Other,1,8132.566,10765.42818,6765.572181,57746.76199,Both,Married,3,7,Human Resources,HR Executive
1474,kDFBYall,"lfoRxhkH St, gRvRQzEsUr, CHN 335324",102033.82,06-03-2018,13-09-1979,44,Male,1,7823.618,24080.97455,15133.77535,118804.6372,None,Married,6,23,Marketing,Regional Marketing Manager
1475,jRiYfTqX,"gMYCsZYy St, InsmuqRyga, CHN 259923",79459.53,21-11-2023,27-04-1990,34,Female,4,7465.047,18753.22241,11785.53029,93892.26912,None,Married,0,13,Human Resources,ERP Head
1476,lHzamEtk,"vDKKZKOg St, rDCwhtJOZV, HYD 883117",62675.81,26-07-2019,19-03-1998,26,Other,0,10466.419,14792.10114,9296.149337,78638.18081,Medical,Single,4,5,Human Resources,HR Associate
1477,ozqkOQYu,"ramtVflC St, rcRIVPQFiQ, AMD 772021",131933.15,13-05-2003,22-07-1969,54,Female,1,11521.685,31137.50742,19568.47889,155023.8635,Medical,Divorced,21,33,Sales,National Sales Manager
1478,svVITNBZ,"hpwpKkdp St, dGwJRviIiQ, BLR 260642",113332.37,02-10-1999,24-09-1965,58,Female,4,12619.763,26747.54231,16809.58948,135890.0858,Both,Married,24,37,Human Resources,HR Director
1479,ivzCUTGn,"kyKPJmeW St, vakxkrsUPg, PUN 328522",110400.28,20-01-2018,28-12-1968,55,Other,2,8608.972,26055.54054,16374.69846,128690.0941,Life,Married,6,34,Sales,National Sales Manager
1480,dLpMFpPe,"ORdEBERl St, jBJIygERNP, BLR 917079",145465.85,25-04-2016,06-12-1968,55,Male,1,3872.415,34331.35633,21575.66476,162093.9566,None,Married,8,34,Finance,National Account Head
1481,PUFyxrgO,"ZEDEWUXm St, xSCvQFaBsj, MUB 284849",96739.71,16-01-2017,16-09-1989,34,Male,4,7863.029,22831.51307,14348.54677,113085.7053,Life,Married,7,13,IT,Software Engineer III
1482,wlsaGZNq,"DYuUuIeo St, XxtGZCKfqF, BLR 862470",111767.36,02-01-2010,10-03-1969,55,Male,2,13378.264,26378.18472,16577.46537,134946.3434,None,Married,14,34,IT,IT Manager
1483,gmlJRwkY,"KdiHVcIQ St, dcVtAXOBLS, BLR 814631",69274.51,05-05-2023,03-07-1996,28,Male,0,10201.549,16349.45856,10274.87623,85550.64134,Life,Single,1,7,Human Resources,HR Executive
1484,NOigCyXg,"mcJUAwNu St, kYVbExaENq, PUN 122602",37625.08,26-03-2023,27-06-2001,23,Female,0,6601.492,8879.885061,5580.595807,47525.86125,Life,Single,1,2,Human Resources,HR Representative
1485,itncklBt,"lAnvGxui St, ioodTHLsOR, KOL 725777",116373.39,20-01-2003,26-03-1974,50,Other,1,10006.661,27465.25263,17260.63712,136584.6665,None,Married,21,29,Marketing,Marketing Director
1486,azxdSdKU,"QUHJdhyY St, YzuALiSeoC, CHN 491157",145458.58,26-03-2016,10-04-1968,56,Female,2,5702.142,34329.64054,21574.58646,163915.7761,Medical,Married,8,35,Human Resources,HR Director
1487,KqAOaRRf,"nXrToKLA St, StGShLJieg, AMD 656814",37265.59,23-01-2021,07-02-2000,24,Other,1,8326.441,8795.041922,5527.275831,48859.79709,Life,Married,3,3,Marketing,Marketing Development Representative
1488,uayilYAR,"QHfQsaUr St, lrBagEnYal, BLR 777469",137229.65,23-08-2003,25-10-1975,48,Male,4,10916.035,32387.53297,20354.06196,160179.156,Both,Married,20,27,Marketing,National Marketing Manager
1489,SmwuncEp,"rRdfVHpj St, flwMqBGxtZ, CHN 166043",89271.49,05-06-2022,24-02-1989,35,Male,2,7682.851,21068.94046,13240.85166,104782.4298,Both,Married,2,14,IT,Software Engineer III
1490,HvOymmow,"XWHIDizG St, TsXLpcPgmz, KOL 660481",84826.94,17-05-2008,07-06-1980,44,Male,1,7746.306,20019.98341,12581.63081,100011.5986,Both,Married,16,23,Sales,Senior Executive
1491,QlkhudNB,"ZDHNIGYJ St, HaNsBioPuB, MUB 209604",92730.43,25-04-2009,25-02-1985,39,Male,2,6250.957,21885.28397,13753.88568,107112.7853,Both,Divorced,15,18,Human Resources,ERP Head
1492,QAupRxNM,"EIQbuOzS St, loQMBJabsg, DEL 246082",145141.05,17-06-2019,08-09-1972,51,Male,3,7390.895,34254.70036,21527.49004,165259.1553,Medical,Divorced,5,30,Marketing,National Marketing Manager
1493,RQFhBkOE,"XmNuHfri St, wehMfAnVkC, MUB 507301",106712.87,08-07-2021,08-02-1984,40,Male,4,10932.713,25185.27589,15827.77751,127003.0814,Both,Married,3,19,Sales,Regional Sales Manager
1494,HZhvshVf,"niGjhFDN St, klsEyrvaqE, PUN 526633",30495.89,08-01-2023,18-08-2001,22,Male,0,9922.411,7197.326837,4523.18602,43092.44182,Both,Single,1,1,Human Resources,HR Representative
1495,KVSOvWme,"aUniFirV St, AeWnCMkgnX, BLR 875822",134358.77,27-06-2000,03-02-1976,48,Female,3,6941.123,31709.97735,19928.24968,153081.6207,None,Divorced,24,27,Human Resources,Recruitment Manager
1496,NYDDnnCR,"PHeoKVtV St, ZXukstSGXC, BLR 569823",42863.43,17-06-2024,16-06-2001,23,Male,0,8047.657,10116.18664,6357.553997,54669.71965,Medical,Single,0,2,Human Resources,HR Representative
1497,OmakUOTb,"lFTEoQib St, FgmgUHDlsq, PUN 941522",60198.12,11-07-2016,07-11-1995,28,Male,0,7720.188,14207.34219,8928.655463,73196.99473,Life,Single,8,7,Human Resources,HR Executive
1498,zmGxkVDo,"RYCeFrAo St, QUHHyRxdTt, MUB 633033",107342.23,10-11-2018,22-07-1991,32,Other,3,9651.777,25333.81097,15921.12492,126406.6931,None,Married,5,11,Finance,Senior Account Executive
1499,QFcRqggK,"peonvldO St, qefLUcNqQt, CHN 776402",85632.8,03-10-2001,10-01-1978,46,Other,1,5884.72,20210.17421,12701.15691,99026.5373,Life,Married,22,25,Sales,Senior Executive
1500,jqvdCGQD,"rmpaMPVe St, CJBZAednti, BLR 958452",61890.67,19-02-2023,09-04-1994,30,Other,0,10709.933,14606.80046,9179.696455,78027.70701,Medical,Single,1,9,IT,QA Engineer II
1501,RMfeHNOD,"VHYBAevd St, aiASJSSLVJ, CHN 581385",116697.24,18-11-2013,13-01-1970,54,Other,1,13136.276,27541.68438,17308.67093,140066.5295,Medical,Divorced,10,33,Marketing,National Marketing Manager
1502,fNBKoYfb,"takIBMKg St, ftnCGpPFkU, AMD 763007",85253.11,28-08-2022,16-05-1988,36,Female,1,4926.689,20120.56367,12644.84084,97655.52183,Medical,Divorced,1,15,Marketing,Senior Marketing Executive
1503,GyurescV,"hOwGMItC St, awqpBamBpp, CHN 237317",60940.31,26-10-2020,09-06-1999,25,Male,4,9613.969,14382.50625,9038.73795,75898.0473,Both,Married,3,4,IT,QA Engineer II
1504,HbVbmzSL,"zWjPMEiG St, JwgPnmdTWL, CHN 375118",56796.77,22-10-2023,21-12-1998,25,Female,4,6927.323,13404.59049,8424.163258,68704.52023,Medical,Married,0,4,Human Resources,HR Executive
1505,vLpnFKRO,"LTQheHYU St, YltuJhZDaS, HYD 560386",132950.1,20-07-2011,23-03-1967,57,Female,1,11579.99,31377.51752,19719.3141,156188.2934,None,Married,12,36,Sales,Sales Director
1506,zNPdczyf,"TBedxjsp St, nkLgPEoKpG, CHN 754403",90410.01,08-09-2019,08-11-1989,34,Male,1,5169.999,21337.64226,13409.71827,103507.933,Life,Married,4,13,IT,Software Engineer III
1507,woBQyZRN,"wzZilntm St, qqKOXVdfqa, PUN 773619",90330.02,13-10-2024,28-04-1984,40,Other,3,8362.998,21318.76384,13397.85406,106613.9278,Life,Married,-1,19,Human Resources,Senior HR
1508,yXmeCDLX,"mbpiNZtE St, cqNipMUpAn, HYD 187310",93323.61,07-09-2024,18-04-1984,40,Male,1,7949.639,22025.28022,13841.86683,109456.6624,Life,Married,-1,19,Sales,Regional Sales Manager
1509,RwhKKQZn,"atgMSIyH St, GNyRqDymed, KOL 820853",28809.75,12-09-2023,22-12-2002,21,Female,0,5646.025,6799.381387,4273.095766,36982.06062,Both,Single,0,0,Finance,Accounts Intern
1510,CxRsWjiT,"xynJvLAJ St, oFhDSBPnZq, CHN 334253",94824.57,27-03-2014,23-08-1989,34,Female,3,5003.543,22379.52139,14064.49097,108143.1434,Both,Married,10,13,Marketing,Regional Marketing Manager
1511,WcDCAKbW,"wLTOIdCp St, QKZCwIjSFM, CHN 986638",107295.65,27-08-2020,15-07-1981,43,Male,2,9240.435,25322.81764,15914.21612,125944.6865,Both,Married,3,22,Sales,Senior Executive
1512,JZOhkOmJ,"RevJXFlO St, xuwuIfqsco, MUB 693157",45160.17,03-01-2023,05-07-1996,28,Male,0,7419.983,10658.23964,6698.209156,56540.18348,None,Single,1,7,Finance,Account Executive
1513,SWoXJrsY,"isLCxjio St, nrmiThOOoi, MUB 519458",106589.66,17-11-2017,28-11-1984,39,Female,3,7578.034,25156.19713,15809.50286,123514.3883,None,Divorced,6,18,Finance,Regional Account Head
1514,TURtCgSK,"EIfHxGHS St, oghFTxUaxr, HYD 687635",129194.62,22-12-2015,23-09-1976,47,Female,1,10655.538,30491.18769,19162.29692,151179.0488,Medical,Widowed,8,26,Marketing,National Marketing Manager
1515,wyYYPcew,"nfjrAuJs St, iljUlNCQRD, KOL 360352",122306.72,06-07-2015,02-02-1968,56,Other,2,7134.328,28865.57625,18140.67555,140165.9487,Both,Widowed,9,35,IT,Technical Lead
1516,CNUWgyVy,"fmgJylHl St, FWuEvMwdCn, DEL 567631",97108.47,24-10-2005,10-02-1982,42,Female,2,4135.153,22918.54401,14403.24168,109758.9253,Both,Married,18,21,IT,Software Engineer III
1517,jmnjjMwM,"bZldHHZq St, qDtKKyjgeI, BLR 403513",83277.83,09-04-2002,20-07-1980,43,Female,3,5542.217,19654.37837,12351.865,96122.56037,Life,Divorced,22,22,Sales,Senior Executive
1518,BOlOeuBa,"OYJZnSIi St, CTLAAUznNW, KOL 466634",53405.05,06-01-2022,25-01-1999,25,Female,0,6850.495,12604.11156,7921.099387,64938.55717,Both,Single,2,4,Marketing,Marketing Representative
1519,zZuLxXvA,"yoWmiNiG St, MDWfOHqOtM, KOL 533795",58268.42,09-01-2019,14-01-1996,28,Other,0,4764.158,13751.91421,8642.440105,68142.0521,Life,Single,5,7,Sales,Sales Executive
1520,JQghJNOj,"ktVmdkRu St, vZJMdgdWEc, CHN 626913",122842.16,18-10-2000,20-09-1970,53,Other,2,7332.784,28991.9453,18220.09264,140946.7967,Both,Widowed,23,32,Marketing,National Marketing Manager
1521,MXUhcrYk,"WLTNpqtT St, FezAWPfIPU, AMD 561144",29496.34,13-11-2024,05-03-2001,23,Female,0,4230.366,6961.423309,4374.931597,36313.19771,Medical,Single,-1,2,Human Resources,HR Intern
1522,bqqItLKF,"LWPMsAXt St, ffPcRSdtKL, CHN 593677",37444.62,14-06-2022,16-04-2000,24,Female,2,7209.538,8837.294745,5553.829769,47937.62298,Life,Married,2,3,Marketing,Marketing Intern
1523,JgYPJoXZ,"LSAqrTYK St, GwQfZjmOpX, MUB 631748",42002.34,15-09-2021,19-10-2000,23,Female,0,8355.766,9912.961022,6229.836123,54041.2309,None,Single,2,2,Marketing,Marketing Intern
1524,FEOZdeVT,"HktsIWNG St, CahrbqYXVv, BLR 504437",99101.36,07-09-2008,01-06-1982,42,Male,3,6921.864,23388.88545,14698.82945,114713.28,None,Married,15,21,Human Resources,ERP Head
1525,TGRSUFYx,"bhQZHEWg St, eiSAHOUIcK, PUN 570586",142521.11,16-03-2008,21-10-1970,53,Female,3,6437.889,33636.36903,21138.89748,161456.4705,Medical,Married,16,32,IT,Technical Lead
1526,fjWBbXuU,"lVWwHKhh St, FXNTOuQvyY, BLR 378086",31789.14,19-08-2024,22-04-2000,24,Other,3,8158.086,7502.546423,4715.002371,42734.77005,Both,Married,-1,3,IT,QA Engineer I
1527,qEndVZdr,"qOifarUt St, fgLRhcCRxj, MUB 200279",98548.92,22-06-2013,23-06-1983,41,Other,4,5972.108,23258.50423,14616.89091,113162.6413,Both,Married,11,20,Marketing,Senior Marketing Executive
1528,yyatGbcf,"GiRnujcJ St, BomkRJDZbD, MUB 880895",91910,04-03-2007,10-12-1981,42,Other,3,6204,21691.6545,13632.19854,106173.456,Medical,Married,17,21,Marketing,Senior Marketing Executive
1529,qrabbNWh,"LFSGMipN St, nBacmhreSY, DEL 566553",37202.18,19-01-2020,27-12-1999,24,Other,2,9237.782,8780.076545,5517.870785,49702.16776,Medical,Married,4,3,Human Resources,HR Representative
1530,jAmHTXYy,"sWhYCUkb St, dvppSRkeAN, KOL 693918",95673.17,02-05-2019,22-09-1982,41,Male,1,5242.683,22579.79925,14190.35631,109305.2959,Medical,Married,5,20,Human Resources,ERP Head
1531,NpMezVWv,"stFqHaEk St, sXhAGeDFKw, MUB 137973",122521.71,03-03-2007,07-01-1970,54,Male,3,10124.829,28916.31599,18172.56312,143390.2919,None,Married,17,33,Sales,National Sales Manager
1532,HUFjAFxS,"uEpcKzJJ St, YVemkDTEkA, CHN 116508",72044.62,01-08-2017,26-01-1993,31,Male,1,7112.538,17003.23148,10685.74218,85474.64731,Medical,Married,6,10,Human Resources,HR Associate
1533,flGkblas,"kFoTSyiz St, XYCIroZyBq, AMD 702920",51421.8,13-05-2020,26-04-1998,26,Male,0,6526.82,12136.04526,7626.941431,62457.72382,None,Single,4,5,Finance,Account Associate
1534,iANlaUGQ,"vwAIjqdR St, ELOwrDOUJZ, HYD 773851",107193.17,11-02-2021,24-11-1982,41,Other,2,10604.683,25298.63136,15899.01616,127197.4682,Medical,Married,3,20,Human Resources,ERP Head
1535,qTFDaBFm,"swkgswND St, aXjfjnUQDX, CHN 822717",134390.36,07-11-2008,09-12-1971,52,Male,4,9906.964,31717.4329,19932.93515,156081.8217,Both,Married,15,31,IT,Technical Lead
1536,NOhNNYHU,"hdEbECkv St, JOkHTKDRwS, AMD 518282",138467.21,23-03-2017,20-07-1973,50,Other,1,9853.279,32679.60917,20537.6183,160462.4799,Both,Widowed,7,29,Human Resources,HR Director
1537,gHgDvcGe,"yqztMsTv St, EOLWeOsReU, MUB 126609",52661.63,01-08-2018,09-08-1996,27,Male,0,7583.837,12428.6572,7810.834464,64863.28974,None,Single,5,6,Human Resources,HR Associate
1538,gvIdVJmU,"rDEOYyAy St, ZMjPJskRri, AMD 459497",56133.84,22-10-2020,11-01-1996,28,Male,0,4466.616,13248.13255,8325.836707,65522.75185,Life,Single,3,7,Finance,Account Associate
1539,YjBpaFzk,"yILEBuYS St, yxlgLJkGhN, AMD 990712",95653.44,05-02-2020,10-02-1987,37,Female,2,4412.656,22575.14277,14187.42993,108453.8088,None,Divorced,4,16,Sales,Regional Sales Manager
1540,NkXpGIzp,"ombzuyoo St, bzWZkkyDWa, KOL 804940",138264.71,08-08-2003,06-05-1972,52,Female,2,7590.529,32631.8172,20507.58326,157979.4729,Life,Divorced,20,31,Human Resources,HR Director
1541,uJQmcvUR,"hytcpCNm St, DkEJEqfXlb, AMD 652115",105701.05,09-06-2019,28-02-1987,37,Other,1,14133.895,24946.47652,15677.70318,129103.7183,Both,Married,5,16,Sales,Regional Sales Manager
1542,tNjFjBHl,"PwZORhKg St, JDitKJdzva, DEL 218692",124474.21,23-03-1991,26-02-1970,54,Female,1,7764.579,29377.12499,18462.1602,143153.7538,Both,Married,33,33,Finance,National Account Head
1543,jeiEPLeu,"PIovPrBD St, HUiBZweCWz, CHN 722231",53084.3,21-07-2016,18-10-1992,31,Male,1,5251.57,12528.41144,7873.525372,62990.75606,Both,Divorced,7,10,Finance,Account Associate
1544,OBHEmpQm,"agaEEZto St, DgXbzjGptZ, MUB 906016",39308.38,28-07-2024,18-04-2001,23,Male,0,7142.162,9277.160243,5830.264829,49897.43741,Life,Single,-1,2,Finance,Account Representative
1545,EUFbjQyw,"LxBIBOeO St, VNeiJnTNyr, AMD 795417",109372.45,09-10-2000,05-01-1979,45,Male,,11936.755,25812.96265,16222.24952,130899.9181,Both,,23,24,Finance,Senior Account Executive
1546,OUjKtXFt,"BngwENba St, AlRTfBeeAW, BLR 205534",54724.23,21-08-2022,20-12-1995,28,Male,0,6506.577,12915.45088,8116.761705,66029.49617,Medical,Single,1,7,Marketing,Marketing Associate
1547,spCUgVIk,"tgfnYcqJ St, mDwWvKVwmi, KOL 726917",91409.75,04-01-2022,06-08-1982,41,Male,4,7174.025,21573.59063,13558.00088,106599.3648,Life,Married,2,20,Sales,Senior Executive
1548,hsfeDEOy,"WSaiusJP St, hhZuaQhUyQ, KOL 851827",45584,03-04-2021,19-08-1992,31,Male,4,6198.6,10758.26764,6761.072117,55779.79552,None,Married,3,10,Finance,Account Associate
1549,QwVfdjpy,"OpCAqMYO St, nWRVimKNpj, HYD 551737",126206.78,02-08-1992,09-06-1969,55,Male,2,7542.322,29786.02837,18719.137,144815.9934,Life,Divorced,31,34,Finance,Account Director
1550,pOwFWZwb,"gIZuOXEW St, isZVpqhLog, DEL 455697",75419.44,05-07-2017,10-10-1987,36,Other,1,6714.056,17799.72185,11186.29942,88746.91843,Both,Married,7,15,Marketing,Senior Marketing Executive
1551,wuxVcUht,"clsHdvGv St, CldymTAsjG, CHN 874861",42679.4,12-03-2023,25-12-2001,22,Male,0,5809.06,10072.75377,6330.258453,52230.95532,None,Single,1,1,Sales,Sales Development Representative
1552,rXVBhbxl,"GxFeGfXh St, wCDcCttQJl, CHN 921851",118832.27,21-02-1999,27-02-1976,48,Female,2,12776.773,28045.57224,17625.34107,142029.2742,Medical,Widowed,25,27,IT,IT Manager
1553,YOIVcEjG,"fuNIqvka St, AelUdLHxTx, PUN 548469",110519.58,13-04-2013,13-03-1969,55,Other,3,8947.042,26083.6965,16392.39318,129157.9253,Life,Divorced,11,34,Finance,Account Director
1554,ivlnvzBi,"qItLMcwW St, elguunoyMz, DEL 669366",42130.62,01-07-2023,26-09-2001,22,Other,0,6936.938,9943.23635,6248.862762,52761.93159,Medical,Single,1,1,Human Resources,HR Intern
1555,fRbArwEE,"lNyvUYsS St, SrsNjZEHmp, CHN 697754",26668.83,14-09-2023,08-06-2002,22,Other,0,6766.117,6294.103431,3955.552012,35773.49842,Medical,Single,0,1,IT,QA Engineer I
1556,daAHMtVz,"LvPHYpdy St, PQaeHRpjAu, CHN 260533",95158.97,07-06-2013,06-04-1980,44,Other,4,8165.103,22458.44304,14114.08956,111668.4265,Life,Married,11,23,IT,QA Lead
1557,AMbNvejl,"zdiAouKa St, rNzHKKlwKN, MUB 642557",131616.16,11-11-2007,14-10-1964,59,Male,1,8447.384,31062.6947,19521.46256,151604.7761,Both,Divorced,16,38,Finance,National Account Head
1558,DIHJqTTg,"mRLmxTrx St, sMVuLmJFdo, CHN 146025",99823.64,10-12-2016,01-11-1983,40,Female,2,4937.636,23559.35056,14805.95887,113514.6677,Life,Divorced,7,19,Human Resources,Senior HR
1559,ZwoVtiqn,"MGHVOswd St, iyypQCFAat, HYD 914968",75918.85,07-08-2018,27-10-1983,40,Male,3,7459.115,17917.58747,11260.3725,90035.17997,Both,Divorced,5,19,Finance,Senior Account Executive
1560,LtgIgBdn,"GRfCBuAt St, xWIWmNzFqX, DEL 931160",90024.55,27-07-2011,05-04-1986,38,Female,3,6453.545,21246.66995,13352.54639,104372.2186,Both,Married,12,17,Human Resources,Senior HR
1561,mKXBGpKk,"tTsSTBTM St, hhxWqHcQjx, CHN 586778",67919.01,24-12-2021,01-03-1997,27,Male,0,7106.099,16029.54737,10073.82688,80980.82949,Life,Single,2,6,Marketing,Marketing Associate
1562,CCViEQAU,"stCOlpyo St, QMtOFItpRQ, AMD 413510",123195.87,27-03-2012,20-02-1972,52,Male,1,7387.413,29075.42431,18272.55532,141386.152,Life,Married,12,31,Marketing,Marketing Director
1563,HBdpOYju,"uqBywdXa St, QXoaRftbwX, DEL 999448",97726.51,05-06-2009,23-11-1980,43,Female,3,7084.349,23064.40747,14494.9101,113380.3564,Medical,Divorced,15,22,Marketing,Senior Marketing Executive
1564,ZJPDlgZz,"gTEDssAV St, UiqtBcssDw, DEL 609828",94885.6,17-12-2018,09-10-1990,33,Male,1,7410.44,22393.92506,14073.54301,110616.4221,Life,Married,5,12,Finance,Regional Account Head
1565,JkYIYPWl,"onubPAqF St, OvtMJOoXiY, KOL 801228",116082.1,11-05-2008,26-03-1970,54,Other,1,8029.79,27396.50535,17217.43264,134290.9627,Life,Married,16,33,Sales,National Sales Manager
1566,kpsDPgDk,"cDJzfAyW St, JzwNTsVsSK, BLR 236909",46627.99,26-02-2020,23-12-1998,25,Female,0,6954.201,11004.65944,6915.917933,57670.93251,Medical,Single,4,4,Finance,Account Executive
1567,KvKuxiKS,"tbDVpkAS St, wbwxQLPSaD, CHN 421348",79798.52,16-06-2021,28-03-1979,45,Female,,7346.148,18833.22735,11835.80968,94142.08567,Life,,3,24,IT,QA Lead
1568,NEgePQgn,"JQEWoQtR St, kkXRiKRdqj, BLR 848507",137820.42,07-01-1995,02-08-1964,59,Other,3,6828.958,32526.96044,20441.68565,156734.6528,Life,Married,29,38,Sales,Sales Director
1569,QuZJDNlx,"WEtyYafM St, xLZtBUxVkv, AMD 834032",121324.1,22-11-2010,22-07-1974,49,Female,3,8919.59,28633.66837,17994.9322,140882.4262,None,Divorced,13,28,Sales,National Sales Manager
1570,PqBkJAcJ,"EvcXjHEd St, gcoDBpYMdy, CHN 213562",126452.81,06-02-2003,20-08-1967,56,Other,4,9807.719,29844.09384,18755.62846,147348.9944,Medical,Married,21,35,Marketing,National Marketing Manager
1571,XyZDeSyl,"rGNdbbBC St, UCDlrFkexE, BLR 152785",118280.3,05-01-2010,09-04-1967,57,Other,2,9860.97,27915.30195,17543.47223,138513.0997,None,Widowed,14,36,IT,Technical Lead
1572,UENTdjQY,"dkgqgWoZ St, RSlDZwKqbE, BLR 847090",91999.73,07-05-2009,25-06-1984,40,Other,2,6630.027,21712.83165,13645.5074,106697.0813,None,Married,15,19,Sales,Regional Sales Manager
1573,MZXPfkzu,"FxeKmbzu St, sgQreXBSNF, MUB 711020",123353.17,28-08-2023,28-01-1976,48,Male,3,10896.683,29112.54864,18295.88624,145066.5154,Both,Married,0,27,Sales,National Sales Manager
1574,KnkruInq,"ZBTbBBRa St, PGxvKmYMpF, KOL 472674",92424.2,09-07-2013,04-01-1982,42,Female,1,5315.58,21813.01071,13708.46528,105844.3254,None,Married,11,21,Sales,Regional Sales Manager
1575,SdBPYFyZ,"AkGbSKBw St, xjtUoMGLbo, MUB 889364",52759.15,02-03-2022,28-12-1996,27,Male,1,6663.085,12451.67287,7825.298745,64048.60913,Life,Married,2,6,Finance,Account Executive
1576,hpEimSjy,"LQynbQjd St, pHnhCClTsu, AMD 830594",57427.81,15-07-2021,01-12-1994,29,Female,0,6867.219,13553.52207,8517.759848,69330.79122,Both,Single,3,8,Finance,Account Associate
1577,ihfsNbKY,"IwwHowIE St, krhmOiUNOz, DEL 904258",135404.02,07-01-2023,11-08-1974,49,Male,2,10051.598,31956.66652,20083.28238,157329.0021,Both,Married,1,28,Marketing,National Marketing Manager
1578,UQYpmsGR,"mLgzQKRS St, gCwJVrkbeq, DEL 176049",36337.26,08-10-2023,24-12-2002,21,Male,0,7977.274,8575.947007,5389.584841,47500.89617,Medical,Single,0,0,Finance,Accounts Intern
1579,ClXbIpmK,"JWwXUCNb St, qugvewxHeh, DEL 552231",22289.8,13-08-2023,05-05-2001,23,Male,0,4858.02,5260.609732,3306.049168,29102.38056,Life,Single,0,2,Human Resources,HR Intern
1580,NZVCKAPB,"didZgkfS St, fpGQqLQMVh, DEL 912687",34880.88,14-08-2023,28-02-2001,23,Other,0,7186.912,8232.227153,5173.572858,45126.44629,Medical,Single,0,2,IT,Software Engineer I
1581,yVXpwEaF,"EsenwdyF St, wSWrYJrUPl, PUN 972969",69109.43,05-11-2016,05-10-1993,30,Female,0,7710.057,16310.49808,10250.39137,82879.59371,None,Single,7,9,Human Resources,HR Associate
1582,XFsYmykQ,"QJpSDBFe St, GBvgBnAkie, MUB 321060",44332.28,14-07-2023,25-09-2000,23,Other,0,5899.772,10462.84954,6575.415545,54119.48599,Both,Single,1,2,Human Resources,HR Intern
1583,TrYjDGTu,"aNuhmyom St, PxJfGwoJMw, MUB 325570",61159.02,09-12-2023,15-04-1997,27,Female,1,8861.098,14434.12394,9071.177273,75383.06467,Life,Married,0,6,Human Resources,HR Executive
1584,jCdFerAl,"NjltGMat St, hnXIJZEBQj, CHN 365268",127589.5,01-01-2004,09-12-1972,51,Male,3,8523.05,30112.36375,18924.22365,147300.6901,Life,Married,20,30,Finance,Account Director
1585,NIcINDGD,"ulJhnVBF St, TAHYVttcqp, CHN 203748",112062.89,25-07-2005,15-02-1967,57,Other,1,9515.711,26447.93268,16621.29872,131405.235,Medical,Married,18,36,Sales,National Sales Manager
1586,XKASSjOV,"qpEMqhjx St, msFFdRsrpU, DEL 622200",81692.85,08-01-2010,18-04-1981,43,Female,4,8037.715,19280.30766,12116.77892,96894.09374,None,Married,14,22,Marketing,Senior Marketing Executive
1587,VMlWIhSL,"RsyWQtYe St, aoZCbrHEwC, AMD 963434",65953.55,02-06-2024,24-03-1997,27,Other,3,10092.645,15565.67968,9782.307562,81829.56712,Life,Married,0,6,Human Resources,HR Executive
1588,smuDkfXi,"LEztvaOX St, impdklCJCM, BLR 340656",70934.42,11-05-2021,01-04-1997,27,Male,3,8101.558,16741.21348,10521.07602,85256.11546,Life,Married,3,6,IT,QA Engineer II
1589,GIKTATyq,"hbthejew St, sRDXUHQwTl, MUB 997895",53157.07,18-10-2021,28-04-1996,28,Male,0,6749.293,12545.58586,7884.318704,64567.63016,None,Single,2,7,Human Resources,HR Executive
1590,LKlCGSSx,"ICHFpscv St, TaYwbmhXHo, KOL 147723",132098.69,10-07-1991,13-09-1969,54,Male,3,5055.131,31176.57647,19593.03198,148737.3655,None,Divorced,33,33,Marketing,Marketing Director
1591,EWrHoWSv,"LXQkBvbM St, cCafzphZSd, MUB 975953",61566.95,17-03-2019,17-04-1995,29,Male,2,8423.305,14530.39939,9131.681927,75388.97246,Medical,Married,5,8,Finance,Account Associate
1592,pRllLyyr,"bxYnACiU St, GgQAFPkNVY, BLR 969506",85380.5,01-03-2016,08-03-1992,32,Male,2,5574.95,20150.62895,12663.73547,98442.34348,Medical,Married,8,11,IT,QA Lead
1593,QYYdgJGK,"PFgoHdhp St, MjOfSShhHz, HYD 238340",138932.5,13-07-1995,21-05-1973,51,Other,1,4461.75,32789.42214,20606.63066,155577.0415,None,Widowed,29,30,Sales,National Sales Manager
1594,WzqcjtoX,"mJHIdLeh St, ounwHsQTBI, BLR 168163",141374.69,05-08-2020,19-10-1968,55,Female,3,6901.531,33365.80275,20968.85913,160673.1646,None,Married,3,34,Human Resources,HR Director
1595,PBMTbTAO,"YMYMYdtD St, isWOPaASkA, CHN 824069",126212.47,21-07-2005,21-03-1975,49,Male,1,12048.753,29787.37127,18719.98095,149328.6133,Both,Married,18,28,IT,IT Manager
1596,sgxKjFUf,"mqcpNmlU St, vfofpPjpWD, KOL 683379",136257.29,07-11-1986,20-05-1964,60,Female,2,5132.271,32158.04655,20209.84039,153337.7672,Both,Divorced,37,39,IT,IT Manager
1597,lJLOcBNk,"FjnYKFnx St, QKEZVBCMsk, CHN 539266",130853.67,24-09-2016,02-11-1968,55,Other,2,10829.633,30882.73964,19408.36916,153157.6735,None,Married,7,34,Sales,Sales Director
1598,aYvOCATY,"TYPqYVEd St, nIOxUaAeQz, KOL 192098",137134.81,09-01-2013,08-10-1965,58,Other,2,8730.519,32365.14981,20339.99518,157890.4836,Both,Widowed,11,37,Human Resources,HR Director
1599,LvcSqtmi,"HAAMVhFd St, sxYCkuEhrL, PUN 639190",130488.56,10-07-2004,06-02-1970,54,Other,3,5528.144,30796.57012,19354.21561,147459.0585,Medical,Married,20,33,IT,IT Manager
1600,SbURjPQR,"DyETazqX St, CUhmmkKPjr, AMD 816252",143224.53,18-08-1998,01-08-1965,58,Male,2,9798.547,33802.38299,21243.22956,165582.2304,Medical,Married,25,37,Sales,Sales Director
1601,iHTlkIjl,"TJPxiGBt St, oxWvZvXfuE, MUB 294734",69071.1,19-07-2016,13-02-1993,31,Male,4,7903.89,16301.45182,10244.70622,83031.73561,Medical,Married,7,10,Sales,Sales Executive
1602,oyFJDNfa,"IodnNTVE St, TnwvzXVPHN, BLR 814896",36261.91,23-03-2022,20-10-2000,23,Male,0,6388.809,8558.163674,5378.408841,45830.47383,Both,Single,2,2,IT,QA Engineer I
1603,mGfAsXmi,"RIHUyuHF St, YwUIJZsirj, PUN 940467",107060.42,26-09-2009,25-02-1978,46,Other,3,7498.958,25267.30107,15879.32653,123947.3525,Medical,Married,14,25,Human Resources,Senior HR
1604,jmgsPttH,"EhOFhdpi St, vudubxmxJv, DEL 429388",99618.24,23-04-2022,17-11-1991,32,Female,1,7863.176,23510.87416,14775.4937,116216.7965,None,Married,2,11,Human Resources,Senior HR
1605,jeAUcUna,"cZWDUKrf St, hCzGrgnGgN, PUN 981625",98293.73,12-12-2016,13-09-1978,45,Other,,4255.627,23198.27691,14579.04083,111168.5931,Medical,,7,24,Marketing,Regional Marketing Manager
1606,cAqhTpGX,"cuvliZZZ St, xHOhbivQRg, MUB 494986",45140.28,17-06-2023,23-02-1993,31,Male,2,6953.972,10653.5454,6695.259048,56052.53835,None,Married,1,10,IT,QA Engineer II
1607,QGCkcWrc,"zbEBxhzn St, gRXHktsgdB, HYD 493635",125280.55,12-11-2018,21-04-1970,54,Other,2,8683.945,29567.42908,18581.75749,144950.1666,Both,Widowed,5,33,Sales,National Sales Manager
1608,mgFUUNJN,"dCWPCXOj St, KBKlEyznit, KOL 288604",54418.73,15-11-2019,03-12-1995,28,Male,0,4791.127,12843.3499,8071.449588,63981.75731,None,Single,4,7,Sales,Sales Executive
1609,ckAlnHMm,"ytnhHSXZ St, gjGVfHsoex, AMD 940103",115406.33,20-11-2015,05-10-1971,52,Male,2,9561.367,27237.01706,17117.20165,135087.5124,None,Divorced,8,31,Finance,National Account Head
1610,vdDkQCNy,"LVijtwsV St, QHiHZIGXWR, BLR 143526",41530.24,12-11-2023,04-09-2002,21,Male,0,8137.976,9801.540827,6159.813699,53309.94313,Life,Single,0,0,Marketing,Marketing Development Representative
1611,gYTyAyat,"MpZYfPmZ St, uWNyoVRZJU, KOL 940664",81358.93,28-05-2009,24-12-1977,46,Female,1,5773.107,19201.49929,12067.25152,94266.28478,Life,Widowed,15,25,Human Resources,ERP Head
1612,FgACTkcc,"PCvPrBWY St, UBOTfjnSUu, BLR 225947",25115.51,23-01-2021,19-07-2000,23,Male,0,6000.449,5927.504793,3725.161775,33318.30202,Both,Single,3,2,Human Resources,HR Intern
1613,EvjqATOI,"WDzgWTWK St, sErmPtyMkA, AMD 710449",112944.48,15-03-2015,09-04-1972,52,Other,2,12232.552,26655.9965,16752.05718,135080.9713,None,Married,9,31,Sales,Sales Director
1614,InYWtIjT,"znrPYZGf St, bjkeRFGvyV, DEL 908264",31596.96,27-01-2022,27-04-2000,24,Other,4,8883.304,7457.190073,4686.498009,43250.95606,Both,Married,2,3,Human Resources,HR Representative
1615,fpiHzkJB,"jltbJMTf St, ZlylYISwfR, BLR 183834",32648.17,05-09-2023,21-12-1999,24,Male,1,7358.183,7705.285864,4842.414704,42869.22416,Medical,Married,0,3,Sales,Sales Development Representative
1616,lIntCPQP,"Eeqfzkhd St, XIDPFjSzQg, BLR 203334",127061.88,28-10-1997,20-12-1966,57,Other,1,11626.812,29987.84029,18845.96644,149830.5659,None,Widowed,26,36,Finance,National Account Head
1617,JDCIOTzQ,"vLjlxgGI St, zbBZZEhRXm, CHN 122520",64338.86,16-01-2024,27-05-1997,27,Male,0,8841.114,15184.59713,9542.814855,78821.75627,Life,Single,0,6,Marketing,Marketing Representative
1618,Pgyxvgju,"ebrGFBfq St, etOMotgKCW, AMD 640075",95665.86,09-11-2020,27-04-1987,37,Other,3,6253.414,22578.07401,14189.27208,110308.0759,Both,Divorced,3,16,IT,Software Engineer III
1619,wRCpqxXu,"aXbHmTHa St, knAsXxBgEX, CHN 360717",86642.69,26-05-2017,17-05-1985,39,Female,1,8925.731,20448.51808,12850.94497,103165.9941,Both,Married,7,18,IT,Software Engineer III
1620,VkpSyJdP,"rLiuZBmy St, EtIMitGFzE, CHN 153439",51525.33,21-07-2018,08-09-1992,31,Other,1,5191.467,12160.47934,7642.297121,61234.97922,Life,Married,5,10,Marketing,Marketing Representative
1621,SbFbOsTM,"KQrziqid St, wrKaLfwrAE, HYD 396001",69606.81,26-11-2018,18-12-1996,27,Male,2,7496.319,16427.8846,10324.16335,83206.85025,Life,Married,5,6,IT,QA Engineer II
1622,nQkJZJTQ,"CwTcoUoa St, VzUoLcdLYq, DEL 508093",81404.6,08-01-2009,16-10-1983,40,Other,4,7902.54,19212.27786,12074.02534,96445.39252,Both,Married,15,19,Sales,Senior Executive
1623,NBIunkcC,"wtmQezDp St, qQBqzsOwHt, DEL 802133",59983.55,24-02-2020,10-11-1993,30,Other,0,4868.645,14156.70158,8896.83019,70112.06639,Life,Single,4,9,Human Resources,HR Executive
1624,lRaYkhUw,"OYmGImNM St, pfSdVpYDhT, PUN 921048",127205.46,05-10-2020,13-02-1968,56,Male,3,11540.454,30021.72657,18867.26239,149900.3782,Medical,Married,3,35,Sales,National Sales Manager
1625,spyziRfT,"QfufyVcy St, pDGOLqQTFr, HYD 563241",102624.56,24-03-2021,23-12-1982,41,Male,2,11896.544,24220.39494,15221.39459,123520.1043,Both,Married,3,20,Finance,Regional Account Head
1626,XgPuCrYr,"oGEeCmqR St, LNOxPARbMc, KOL 272421",123510.39,06-01-2002,04-02-1968,56,Other,1,6374.961,29149.65409,18319.20529,140715.7998,None,Married,22,35,IT,IT Manager
1627,ghiteurd,"NgSoqHhi St, MhBnTMKYVA, BLR 432921",81528.17,22-08-2020,21-10-1990,33,Other,3,7873.183,19241.44158,12092.35339,96550.44119,None,Divorced,3,12,Human Resources,Senior HR
1628,hqXpEegG,"YDnsWKQw St, HIfgYjXRzG, AMD 184225",107842.67,23-02-2010,25-10-1988,35,Female,2,12560.733,25451.91968,15995.35076,129859.9719,Life,Married,14,14,Human Resources,Senior HR
1629,KdWUSkRV,"dkXRvjxc St, UsQtOlrSDh, BLR 879177",114016.37,25-08-2017,20-04-1966,58,Female,1,7878.363,26908.97297,16911.04116,131892.6648,Both,Married,6,37,Marketing,National Marketing Manager
1630,OzdvRovG,"MtIdvksA St, aCRziXBVOO, AMD 763467",102718.98,10-01-2012,17-05-1988,36,Male,2,8999.102,24242.67898,15235.39908,120725.3619,None,Married,12,15,IT,Software Engineer III
1631,SnrNVsDx,"yVVWzvBx St, eimejJeCDE, MUB 914639",103170.24,13-04-2021,11-02-1980,44,Male,2,10339.976,24349.18073,15302.33049,122557.0662,Both,Divorced,3,23,Human Resources,ERP Head
1632,VefYcpHE,"rVELoKUE St, AcDvsPEknk, PUN 873568",135795.38,12-06-1999,07-10-1967,56,Female,1,4544.462,32049.03129,20141.32935,152247.5439,Medical,Married,25,35,Sales,National Sales Manager
1633,cLngdQcm,"ZKjOVwCW St, uSsKxjHDxH, CHN 487570",139197.19,06-11-2010,03-11-1972,51,Female,2,9950.281,32851.89156,20645.88979,161353.4728,None,Widowed,13,30,Sales,National Sales Manager
1634,AWDcuBSt,"vSVzhmZa St, eGdgAIyDWK, AMD 945682",16590.67,06-05-2022,05-02-2001,23,Other,0,6157.933,3915.559586,2460.74755,24203.41504,Medical,Single,2,2,IT,Software Engineer I
1635,BmfEJOJP,"OPIrRckK St, EYoOJujIxP, KOL 370043",61700.34,16-05-2018,28-08-1993,30,Female,4,10795.966,14561.88073,9151.466488,77906.72024,Both,Married,6,9,Finance,Account Associate
1636,BuXPXVpa,"JZtYJTeT St, TMVHusueeU, AMD 566540",109985,22-03-2023,25-01-1983,41,Female,1,8982.5,25957.53041,16313.10365,128611.9268,Medical,Divorced,1,20,Marketing,Regional Marketing Manager
1637,ujihfbmx,"MYnEpPQS St, NwYvVORuwL, MUB 947622",83637.45,25-10-2012,05-09-1985,38,Female,2,4713.255,19739.25219,12405.20426,95684.75293,Both,Divorced,11,17,Marketing,Senior Marketing Executive
1638,nqobHiUT,"tOhLOjFL St, myaulvHySn, BLR 736708",126787.48,07-08-1989,23-10-1967,56,Female,3,11415.252,29923.07922,18805.26711,149320.5441,Life,Married,34,35,Finance,Account Director
1639,flubLDuB,"RHmpkwdL St, cuTlUNCUom, AMD 852504",139383.32,19-05-1994,28-09-1968,55,Male,2,9690.668,32895.82005,20673.49681,161296.3112,Life,Married,30,34,Finance,National Account Head
1640,LXDbSdgb,"HEDRCNCv St, RlorJyPlKn, CHN 484584",137484.32,25-02-2005,23-04-1977,47,Other,1,4645.568,32447.63757,20391.83491,154185.6907,Medical,Divorced,19,26,Finance,Account Director
1641,UAHxlilK,"EMDKsRIR St, IVMKqQKvjM, CHN 822321",110824.04,05-07-2011,13-11-1971,52,Other,1,12910.596,26155.55202,16437.55104,133452.637,None,Widowed,13,31,IT,IT Manager
1642,kgveGYot,"iUpwvRCr St, qHOmuUyQAq, AMD 764873",101430.63,26-12-2018,13-04-1980,44,Female,3,9191.937,23938.61584,15044.3095,119516.8733,Medical,Married,5,23,Marketing,Regional Marketing Manager
1643,PqGbNHJe,"edRPurkP St, nmnKkQbVmT, KOL 407729",118400.32,27-05-2021,26-05-1965,59,Female,2,10860.968,27943.62783,17561.27374,139643.6421,Both,Divorced,3,38,Marketing,National Marketing Manager
1644,RNFtOKjk,"ZbxVDcip St, bgrGmtosoK, BLR 406667",55031.05,26-09-2020,17-03-1999,25,Other,0,6056.895,12987.86338,8162.269606,65913.53878,Medical,Single,3,4,Sales,Sales Executive
1645,tEgZsICc,"CqCQnHhN St, NENzuqXwFC, DEL 970273",83967.84,04-12-2019,22-12-1990,33,Other,2,6887.216,19817.22745,12454.20809,98218.07535,Both,Married,4,12,Human Resources,Senior HR
1646,xGHFHfDs,"JzOnaPjF St, akvNwDcASA, HYD 881756",62437.67,09-08-2022,06-02-1993,31,Male,1,7297.233,14735.89779,9260.828134,75209.97265,Life,Married,1,10,Sales,Sales Representative
1647,aSSqNWIg,"ZkkpntAQ St, PvJOrxeaNj, CHN 325956",117343.18,06-03-2002,20-02-1975,49,Female,1,6789.682,27694.13251,17404.4775,134422.517,Both,Widowed,22,28,Sales,Sales Director
1648,dQzrmdbA,"qMCrYesP St, GRqnJRMxpZ, CHN 983246",115702.12,11-05-1990,13-09-1966,57,Male,1,9873.788,27306.82637,17161.07356,135721.6608,Both,Divorced,34,36,Finance,National Account Head
1649,SaRLDSlo,"TZPkRVUI St, kpSjREuMns, MUB 622217",146462.68,02-09-2005,27-01-1964,60,Female,3,3440.732,34566.61791,21723.51575,162746.5142,Medical,Married,18,39,IT,Technical Lead
1650,kMbLyHZG,"ahZeQNGz St, JDNtAuOvGA, AMD 742545",103485.02,01-01-2022,14-11-1987,36,Other,4,9384.498,24423.47187,15349.01902,121943.9708,Medical,Married,2,15,Finance,Regional Account Head
1651,yezRltmF,"zdGVpXfg St, yvlYbyXTav, DEL 206267",65378.17,06-12-2020,24-11-1998,25,Female,0,8924.183,15429.8844,9696.966528,80035.27088,Medical,Single,3,4,Finance,Account Executive
1652,hpJWtuiv,"fqxwlgUI St, GEXzllaRfw, PUN 666853",112432.73,17-02-2007,22-08-1974,49,Other,4,8882.727,26535.21852,16676.15382,131174.5217,Both,Married,17,28,Marketing,Marketing Director
1653,CFYzFpLO,"XoajlGkW St, qwMElxGFlk, PUN 553605",124685.64,06-10-2018,25-08-1968,55,Male,2,6000.436,29427.02453,18493.51974,141619.5808,Medical,Widowed,5,34,Sales,Sales Director
1654,jpGhdISr,"xNflcWsQ St, YnCTOmHmKX, CHN 795438",107685.07,15-01-2015,10-09-1991,32,Male,2,12162.493,25414.72455,15971.97535,129290.3122,Medical,Married,9,11,Marketing,Senior Marketing Executive
1655,huEHFadO,"OqnkksBK St, ZUstcmGWhV, KOL 226385",87687.51,14-04-2007,12-07-1985,39,Male,4,6467.249,20695.10577,13005.91389,101843.9509,Both,Married,17,18,Sales,Regional Sales Manager
1656,svCRayZk,"irZMSdtr St, YxUSkDXgGw, HYD 474505",81950.22,21-05-2007,14-04-1981,43,Male,4,5483.978,19341.04949,12154.95234,94620.29515,None,Married,17,22,Sales,Senior Executive
1657,KPrxRogm,"gEcMxutz St, fUMbNbHhMh, DEL 291849",54761.67,21-02-2018,27-06-1994,30,Male,0,5137.833,12924.28708,8122.31485,64701.47523,Medical,Single,6,9,Sales,Sales Representative
1658,IqQecfuG,"UdCsVWid St, fPcAxQyLKb, KOL 119637",110131.45,28-12-2015,10-12-1964,59,Male,2,10125.855,25992.09404,16334.82528,129914.5738,Both,Married,8,38,Marketing,National Marketing Manager
1659,KhyzXRfq,"VITmNgqd St, wkWuDfSgXr, KOL 139986",109804.05,22-07-2021,02-10-1987,36,Female,2,13232.595,25914.82445,16286.26493,132665.2045,Medical,Married,2,15,Sales,Regional Sales Manager
1660,UlKhWSTA,"HjEwUFyV St, VGTLcXTSac, PUN 648714",70700,10-05-2021,04-11-1995,28,Male,1,6939,16685.88808,10486.30657,83838.58151,Medical,Married,3,7,Sales,Sales Executive
1661,QZCJNwLe,"ofzClCVh St, FPRjEmXmyI, HYD 329120",100474.52,02-07-2006,21-11-1979,44,Male,1,13930.548,23712.96457,14902.49815,123215.5344,Life,Married,18,23,Sales,Senior Executive
1662,cQUprLpC,"thGwFmCi St, SEUHTVRamD, AMD 994902",112603.12,09-04-2017,15-12-1975,48,Other,3,12486.688,26575.43221,16701.42627,134963.8139,Both,Married,7,27,Finance,National Account Head
1663,ZEcUPYts,"IFfuwdJu St, dPehbKOmhS, MUB 540053",50385.39,01-02-2023,05-08-1994,29,Female,3,6752.461,11891.44241,7473.219889,61556.07352,Both,Married,1,8,Human Resources,HR Associate
1664,zkymYslH,"oRHVJoai St, vJFQuXjJqB, BLR 346221",80369.74,12-09-2020,07-03-1992,32,Other,2,8654.026,18968.04083,11920.5337,96071.27313,None,Divorced,3,11,Human Resources,ERP Head
1665,NNNKCQwv,"BLcelOoz St, CvaZQeGTxi, PUN 556140",80405.78,11-08-2016,08-11-1986,37,Male,3,8919.422,18976.54662,11925.87919,96375.86942,Medical,Married,7,16,Finance,Regional Account Head
1666,WIBjCHxx,"izZjuVkD St, owPWxHIYqT, KOL 994171",115622.87,04-10-1998,07-01-1972,52,Other,3,12059.713,27288.1226,17149.31911,137821.3865,Life,Married,25,31,Finance,National Account Head
1667,fYQWCXBq,"uiFmKCKM St, zrbiQeDboZ, CHN 723728",37632.25,06-03-2022,27-08-2001,22,Other,0,7476.775,8881.577251,5581.65927,48408.94298,Both,Single,2,1,Human Resources,HR Intern
1668,PdFxYXBB,"snxYpElV St, ouSVjuSRpH, CHN 623935",148560,25-08-1999,10-12-1973,50,Other,1,6206,35061.60584,22034.5927,167793.0131,Life,Married,24,29,Human Resources,Recruitment Manager
1669,uvvAsjkA,"gGTGIsEl St, OrFRoiHMpF, HYD 572216",62023.45,23-09-2020,07-05-1994,30,Female,0,9455.655,14638.13783,9199.39054,76917.85229,None,Single,3,9,Finance,Account Associate
1670,nGwtMTPO,"LmwphTLl St, lTVAKXwLGB, HYD 931940",85535.03,17-06-2002,16-07-1981,43,Other,1,4600.497,20187.09954,12686.65554,97635.97099,Life,Divorced,22,22,Finance,Senior Account Executive
1671,RLZoMAoH,"jaJXDLUx St, koUBjNKeEJ, BLR 642077",69167.31,28-02-2020,06-11-1995,28,Male,4,10193.269,16324.15832,10258.9762,85425.76112,Medical,Married,4,7,Human Resources,HR Executive
1672,OfZfwigE,"lCTsXADb St, WVFZQkNZFW, HYD 207395",120061.06,17-12-2024,18-03-1972,52,Female,1,11021.894,28335.57864,17807.59664,141610.936,Both,Widowed,-1,31,Finance,Account Director
1673,ocxNiBlO,"suRKjiTn St, kpXiRrGChH, HYD 968118",56161.1,24-11-2018,01-06-1993,31,Female,1,7349.89,13254.56618,8329.879942,68435.67624,Medical,Married,5,10,Marketing,Marketing Representative
1674,mhYuzina,"rMsZVSnl St, VZgkzExpXL, KOL 279902",133351.46,22-06-1994,25-10-1967,56,Other,4,5587.854,31472.24238,19778.84429,150632.7121,Medical,Married,30,35,Marketing,Marketing Director
1675,OZskafGR,"WLdtOZaj St, CYHqtKUiQL, DEL 547176",87730.16,25-05-2010,09-05-1984,40,Female,2,6006.984,20705.17158,13012.23979,101430.0758,None,Divorced,14,19,IT,QA Lead
1676,WGThmeGf,"ZfuCfnOM St, AlMPSmSFta, PUN 581081",144786.21,19-02-2016,17-01-1975,49,Male,4,4434.379,34170.95467,21474.85976,161916.6839,Both,Married,8,28,Human Resources,Recruitment Manager
1677,IPUUgLSW,"qZlPTNtZ St, vNMOyZlwuP, MUB 196340",137410.82,13-07-2005,12-08-1969,54,Male,2,10904.918,32430.29085,20380.9333,160365.0955,Medical,Married,19,33,Finance,National Account Head
1678,bWFKHReI,"sYCTLxEz St, DIbqCjDPck, MUB 982967",57985.03,20-09-2020,17-10-1995,28,Female,4,5332.497,13685.03141,8600.407369,68402.15104,Life,Married,3,7,Sales,Sales Representative
1679,tHnLAOtY,"TdgrvHph St, vEqNHQaTmu, AMD 752966",133261.4,06-02-2006,13-11-1976,47,Female,3,7588.86,31450.98735,19765.48648,152535.7609,Life,Married,18,26,Sales,Sales Director
1680,nEeoRkgf,"vFoteywb St, vmDFvGKCim, BLR 334667",54415.49,21-09-2018,14-12-1997,26,Female,1,6683.451,12842.58523,8070.969028,65870.5572,Life,Married,5,5,Finance,Account Associate
1681,qYLPGNCj,"pxhSWQNd St, fkmfkRZfPA, AMD 219311",84447.49,27-02-2021,04-02-1992,32,Male,2,7789.251,19930.42951,12525.35034,99641.82017,Both,Married,3,11,Marketing,Regional Marketing Manager
1682,BjCXmFia,"ahvMRASu St, zMIczYcuvH, MUB 305244",136430.49,17-10-2005,02-02-1974,50,Female,3,10384.951,32198.92343,20235.52961,158778.8348,None,Divorced,18,29,IT,IT Manager
1683,KrgGogLI,"CybqLBIu St, SWBqDduvZQ, KOL 554640",129187.36,23-08-2011,24-10-1975,48,Female,3,6718.264,30489.47426,19161.22011,147233.8781,Medical,Married,12,27,Marketing,Marketing Director
1684,VOBPTOfF,"HhXQxiQe St, MdvTpvecSG, KOL 974884",68219.96,17-05-2021,01-08-1997,26,Male,0,10435.004,16100.5745,10118.46414,84637.07436,Medical,Single,3,5,Sales,Sales Executive
1685,MpQdXvLP,"iGpyFqHq St, tOYaDKvxXA, KOL 851195",131592.42,17-07-1992,08-03-1966,58,Female,1,6416.758,31057.09182,19517.94142,149548.3284,Both,Divorced,32,37,Sales,Sales Director
1686,VhnpNTIe,"YPSZkyNl St, ELharlewAy, DEL 330365",109667.74,02-12-2016,26-08-1984,39,Male,4,8609.226,25882.65397,16266.04728,127893.5727,Life,Married,7,18,Finance,Regional Account Head
1687,BroSKrDj,"qlbzsrAq St, ONQKCzguxF, MUB 538002",139821.3,09-09-1997,09-11-1969,54,Other,2,6971.87,32999.18759,20738.45851,159053.8991,Life,Widowed,26,33,IT,Technical Lead
1688,FpRjKrOn,"GjbUDsVt St, KXSczVSecF, CHN 428770",129757.07,08-12-2012,13-05-1966,58,Other,3,11934.293,30623.93136,19245.72016,153069.5742,Both,Divorced,11,37,Finance,National Account Head
1689,yUuLzuzx,"TVBhYKOt St, CsEvbyOBYO, AMD 948272",57073.58,05-01-2021,16-07-1996,28,Female,0,6722.642,13469.92034,8465.220041,68800.9223,Life,Single,3,7,Human Resources,HR Associate
1690,wKQMzlRN,"Tjwgkfyg St, cNhuulOmWr, MUB 522797",34383.67,12-09-2024,17-06-2002,22,Other,0,7365.633,8114.880754,5099.826091,44764.35766,Life,Single,-1,1,IT,QA Engineer I
1691,thkAmElg,"GQriCqBR St, AzAWzmOCDZ, KOL 886264",149157.35,19-03-1993,11-08-1972,51,Other,3,9365.265,35202.58625,22123.19235,171602.0089,Medical,Married,31,30,Sales,National Sales Manager
1692,rVyDPooR,"bYLMAisy St, lmZCYGzFWC, PUN 309328",107672.43,16-03-2012,20-05-1989,35,Other,2,8077.757,25411.74139,15970.10057,125191.8278,Life,Married,12,14,Finance,Regional Account Head
1693,VqOQdJvl,"lmvrRDAV St, FWoQrPsboD, MUB 668984",148798.91,26-04-2019,19-03-1970,54,Female,3,5977.109,35117.99092,22070.02811,167823.9818,Medical,Divorced,5,33,Human Resources,Recruitment Manager
1694,nuYndOao,"kkaSwuKU St, eviNkaWnFw, HYD 536925",124943.36,04-06-2013,08-07-1972,52,Female,2,9746.664,29487.84895,18531.74507,145646.1279,Life,Married,11,31,IT,Technical Lead
1695,AdoEMDTF,"eixDiPhT St, eskpVWbcGv, BLR 285490",98450.33,22-09-2017,04-09-1990,33,Male,3,3236.967,23235.23603,14602.26792,110320.2651,Life,Divorced,6,12,Sales,Regional Sales Manager
1696,TanyFCQF,"bRGdTyrb St, JCNcaNHaVb, DEL 571137",77083.39,21-09-2020,16-10-1981,42,Other,1,9490.661,18192.43024,11433.09843,93333.38281,Medical,Married,3,21,Human Resources,Senior HR
1697,PCmDRTRf,"VhXWQXKI St, lHuWaQeyEo, HYD 512845",109795.2,02-11-2015,18-06-1988,36,Male,2,11197.48,25912.73577,16284.95229,130620.4635,Life,Divorced,8,15,Sales,Regional Sales Manager
1698,McRhosLl,"EqGIVKTp St, wlamSTJoSC, MUB 595617",69577.18,20-03-2023,23-01-1996,28,Other,0,7183.282,16420.89163,10319.7686,82861.58503,Life,Single,1,7,Sales,Sales Executive
1699,EzgReaqQ,"oLMBQMAI St, QaUWtngjqb, AMD 547979",38910.67,12-12-2021,16-10-2000,23,Male,0,6133.933,9183.296813,5771.276018,48456.6238,Medical,Single,2,2,Sales,Sales Development Representative
1700,GsytTHnl,"pulZSMSQ St, VXDZAciRiW, HYD 896192",83516.81,10-04-2001,02-12-1977,46,Female,3,8553.319,19710.77998,12387.3108,99393.59818,Life,Divorced,23,25,Human Resources,Senior HR
1701,hHNcfhQD,"QYuhXcRW St, CrUoqZniZY, MUB 736697",74839.16,26-09-2022,25-07-1996,27,Female,2,10334.084,17662.77012,11100.23161,91735.78251,Both,Married,1,6,Sales,Sales Representative
1702,LcJkgWOL,"GxitDZqs St, LukiXPrHvI, KOL 880534",87469.98,25-01-2003,20-03-1979,45,Other,,7959.002,20643.76657,12973.64959,103099.099,None,,21,24,Sales,Senior Executive
1703,fnOmFXZL,"ZmjsGfIZ St, YPnEsLayvn, MUB 485146",43472.43,07-11-2024,25-04-2001,23,Male,0,7907.757,10259.91657,6447.881588,55192.22198,Both,Single,-1,2,Human Resources,HR Representative
1704,oyytUXgH,"EhneeGtm St, FzGfWouvNG, CHN 900062",120484.36,17-09-1994,01-10-1965,58,Female,4,7573.564,28435.48156,17870.38099,138623.0246,Both,Married,29,37,Sales,Sales Director
1705,yqqjkXKF,"VROnZXKC St, bCwuMJrTNP, PUN 560796",38396.28,19-02-2023,13-07-2001,23,Female,0,8320.372,9061.895766,5694.981092,50083.56667,Both,Single,1,2,Finance,Accounts Intern
1706,iNTKmkBz,"dYzgvuVu St, AzhorDTuaZ, HYD 208521",89676.35,01-09-2017,21-08-1989,34,Male,2,4032.365,21164.49136,13300.90096,101572.3054,Life,Married,6,13,IT,QA Lead
1707,mjrssIfl,"EjyLZeeO St, swYkPaxOjl, AMD 279190",104012.41,17-09-2007,05-01-1985,39,Female,4,8692.759,24547.94105,15427.24213,121825.8679,None,Married,16,18,Finance,Senior Account Executive
1708,slCYfEyS,"FMjRQpIP St, DiswaaTUMe, HYD 964168",149199.38,20-01-1993,24-10-1971,52,Female,3,8875.062,35212.50574,22129.42629,171157.5215,Life,Married,31,31,IT,IT Manager
1709,KYgUaLwU,"HpwKWuGm St, mnmtSPDusp, DEL 933816",32597.42,19-03-2024,02-02-2000,24,Other,0,6754.258,7693.30837,4834.887404,42210.09897,None,Single,0,3,Human Resources,HR Intern
1710,NIlNRLTs,"qMVhqwuw St, TzttoATglG, DEL 135170",141034.65,14-07-1996,14-01-1973,51,Female,2,10825.535,33285.55,20918.424,164227.311,Medical,Married,28,30,Sales,National Sales Manager
1711,BvCGOzZL,"zUpdrFIJ St, UJbtbOOlNO, AMD 339963",84252.33,19-12-2011,15-12-1984,39,Female,2,4800.767,19884.36985,12496.40398,96441.06287,Medical,Married,12,18,Marketing,Senior Marketing Executive
1712,qFPqmkqB,"gCxOtrlu St, djIMWIhPCJ, MUB 553576",144371.81,09-03-2002,12-03-1967,57,Female,1,8156.819,34073.15224,21413.39547,165188.3858,None,Widowed,22,36,Sales,National Sales Manager
1713,eEpVepoS,"rUEUdgzu St, GXUuDWQVEJ, BLR 460596",127982.37,26-05-2001,21-08-1967,56,Other,3,10815.763,30205.08489,18982.49459,150020.7233,None,Married,23,35,Finance,Account Director
1714,XzXzfnoQ,"FoglLkmb St, BhPedulTGd, PUN 599133",92606,27-11-2013,22-06-1988,36,Other,1,7496.4,21855.91727,13735.43007,108222.8872,Both,Divorced,10,15,Sales,Senior Executive
1715,QtOnybtI,"LaPyCXZw St, BeSIbYNzZG, AMD 625987",106291.37,09-08-2023,12-07-1986,38,Female,1,12273.863,25085.79779,15765.26013,127885.7707,Medical,Divorced,0,17,IT,QA Lead
1716,xcQotvgi,"QCsdEwfm St, Qriewvsjap, PUN 794703",51905.11,10-02-2018,19-03-1995,29,Female,0,6682.489,12250.11112,7698.626534,63139.08358,None,Single,6,8,Sales,Sales Executive
1717,CxXQhOVA,"zaiRNjep St, ramBDajaCw, CHN 217739",135406.23,07-01-2008,01-02-1964,60,Female,3,9725.377,31957.1881,20083.61017,157005.1849,Both,Married,16,39,IT,Technical Lead
1718,qNrrpnMN,"FGaoXuue St, WPwrtaUwZQ, PUN 305400",42920.34,19-10-2023,09-10-1999,24,Male,0,7527.966,10129.61796,6365.994955,54211.929,Medical,Single,0,3,Human Resources,HR Representative
1719,AGYvvBVB,"qvHxfsSW St, zFTZxcGaWR, MUB 373978",81165.3,04-05-2012,24-02-1986,38,Female,1,7201.47,19155.80073,12038.53209,95484.03864,Life,Married,12,17,Finance,Senior Account Executive
1720,NqaIDIaF,"xlEdktEA St, PIgrCvtTMw, PUN 610819",97575.01,12-01-2018,12-04-1978,46,Other,1,4342.499,23028.652,14472.43944,110473.7216,Life,Divorced,6,25,IT,Software Engineer III
1721,RLRjNkqs,"DkWYeZai St, omsSuPnQmS, KOL 265637",140273.74,09-10-2020,14-12-1969,54,Other,1,10425.626,33105.96783,20805.56494,162999.7689,Both,Married,3,33,Sales,National Sales Manager
1722,waJQAXai,"YNdyqMsQ St, RAhdicwTwm, AMD 159680",15878.6,11-06-2023,22-12-2002,21,Male,0,8182.14,3747.504136,2355.132496,25453.11164,Both,Single,1,0,Human Resources,HR Representative
1723,hLKROJFX,"TWSJONqA St, JvoyRqziBp, CHN 870813",83191.92,16-03-2017,17-03-1992,32,Female,1,5865.808,19634.10277,12339.12273,96352.70804,Medical,Married,7,11,IT,QA Lead
1724,LdBPYUjB,"JptqcUkA St, oRGxYUCpLb, DEL 716451",96793.31,10-06-2018,05-02-1988,36,Male,4,3662.669,22844.16319,14356.49678,108943.6454,None,Married,6,15,Sales,Senior Executive
1725,NpqXVbTj,"kvhZatkV St, BxPjnCQenL, BLR 422009",102618.83,15-08-2013,15-08-1989,34,Other,1,9425.117,24219.0426,15220.54471,121042.4449,Both,Divorced,10,13,Sales,Regional Sales Manager
1726,RLiogQgJ,"sEfDULbO St, llUuyRaXBl, AMD 244087",98930.61,02-02-2005,10-06-1979,45,Male,,4135.939,23348.58679,14673.50361,111741.6322,None,,19,24,Sales,Regional Sales Manager
1727,NZloSplG,"ypLoEsDR St, DsfmgIzAGt, KOL 746132",92324.21,19-04-2017,09-12-1991,32,Male,1,4859.579,21789.41209,13693.63465,105279.5664,Medical,Married,7,11,IT,Software Engineer III
1728,KCCnPbiM,"pFTqSqhy St, fsddDSPQPn, PUN 313125",78220.58,28-06-2019,16-01-1992,32,Other,1,9259.942,18460.81815,11601.76778,94339.57237,None,Married,5,11,Sales,Senior Executive
1729,DsMQIEfv,"LhgGJAJw St, smNByFjqvH, CHN 234072",22945.46,23-03-2023,06-10-2001,22,Male,0,5933.454,5415.351873,3403.297425,30890.96845,Life,Single,1,1,IT,QA Engineer I
1730,LIWvQqur,"xVwBXJlS St, SBLHVQsVSy, CHN 149235",92276.92,27-10-2006,17-12-1984,39,Male,3,5480.308,21778.25119,13686.62054,105848.8586,Both,Married,17,18,Sales,Senior Executive
1731,QYKsqAjr,"oqOWkcMo St, PhVFGoUhsC, CHN 865909",144925.68,16-06-2015,05-08-1971,52,Other,1,7003.432,34203.87095,21495.54611,164637.4368,Life,Divorced,9,31,Sales,National Sales Manager
1732,DKfjHYrB,"AiWRjAXS St, WobHPCMPWp, PUN 502804",83620.76,07-11-2018,11-06-1991,33,Female,2,6802.924,19735.31319,12402.72878,97756.2684,Medical,Married,5,12,IT,QA Lead
1733,QJPLfflG,"EsKSAcdU St, SfkzIiWsdT, HYD 767490",97415.92,12-03-2021,15-04-1992,32,Female,4,7547.408,22991.10521,14448.84302,113505.5902,None,Married,3,11,Human Resources,ERP Head
1734,RwOiMTXG,"KNpcOVTI St, qDNHVNFPZv, PUN 498876",22334.3,06-11-2021,01-08-2000,23,Other,0,5144.57,5271.112165,3312.64946,29437.33271,Life,Single,2,2,IT,QA Engineer I
1735,KJVEwseN,"YDCYXjwQ St, TttLsFzwdn, PUN 561801",92737.25,10-01-2012,24-11-1978,45,Male,,4023.275,21886.89355,13754.89723,104892.5213,Life,,12,24,Finance,Regional Account Head
1736,ftOfNTSv,"JVRiKUNG St, exQMtyIzxl, AMD 624119",63696.13,23-04-2022,14-12-1996,27,Male,0,11277.387,15032.90659,9447.484391,80558.9392,Medical,Single,2,6,Finance,Account Executive
1737,LcpKeUpH,"iKdfCdAj St, oWAsrznAPw, BLR 145271",82291.19,19-10-2019,07-03-1981,43,Female,3,7417.881,19421.52173,12205.52541,96925.06732,Both,Married,4,22,Human Resources,Senior HR
1738,EiqfnjVC,"Refgzojl St, eYeKkKaMhh, MUB 219844",102055.19,17-06-2017,11-12-1978,45,Female,,13159.481,24086.01808,15136.94497,124163.7441,None,,7,24,IT,QA Lead
1739,kUfSJAbw,"niYmlzWM St, zPghWIZoMP, BLR 700208",72824.12,28-12-2017,05-05-1994,30,Other,2,10350.588,17187.20107,10801.35853,89560.55054,Both,Married,6,9,Finance,Account Executive
1740,KsWaKSWl,"NFJnuKvu St, MUHNQUjZlG, DEL 648762",77769.15,23-10-2016,04-02-1986,38,Male,1,9706.085,18354.27628,11534.81115,94294.70012,None,Divorced,7,17,IT,QA Lead
1741,IcQwlDlh,"zebbyxzG St, qgjUGWWvVP, AMD 437910",137057.12,15-10-2011,13-08-1973,50,Female,4,8667.288,32346.81421,20328.47211,157742.7501,Life,Married,12,29,IT,IT Manager
1742,bjdiXwZm,"RkHONKmM St, bHdqEJNpmt, BLR 604722",92784.15,15-12-2001,15-04-1980,44,Female,4,8407.585,21897.96241,13761.85349,109327.8439,Both,Married,22,23,Finance,Senior Account Executive
1743,zEpatUAT,"qVDCNQAm St, uStQfYAyDe, BLR 251972",87719.03,26-11-2019,26-11-1983,40,Other,4,5492.097,20702.54479,13010.58898,100903.0828,Life,Married,4,19,IT,Software Engineer III
1744,oZukecuy,"GGhCkjNh St, rVpZYmODRE, BLR 986376",36267.3,17-05-2022,13-12-1999,24,Other,0,8545.27,8559.435766,5379.208292,47992.79747,Medical,Single,2,3,Marketing,Marketing Intern
1745,LQPytbDO,"zLqAFqjh St, ZlojJPGAHg, BLR 242643",32399.49,01-06-2023,25-10-2001,22,Other,0,8491.051,7646.594964,4805.530196,43731.60577,None,Single,1,1,Marketing,Marketing Development Representative
1746,GkXiMxpD,"HOTxlYmA St, nfkgfZOLeL, KOL 767390",42480.61,24-11-2024,01-02-2002,22,Male,0,8524.939,10025.8374,6300.773688,54730.61271,Both,Single,-1,1,Marketing,Marketing Intern
1747,YRpflqEz,"fxNeoheb St, mHkHXCIcuf, AMD 446057",104084.32,18-05-2018,03-05-1978,46,Other,3,13912.568,24564.91251,15437.9079,127123.8926,Life,Divorced,6,25,Sales,Regional Sales Manager
1748,HyujFYAH,"KIDrZzlZ St, yumVKtFXDg, HYD 382262",18921.3,25-09-2023,16-08-2002,21,Male,0,7602.87,4465.610949,2806.429314,28183.35164,Both,Single,0,0,Finance,Accounts Intern
1749,uoFlaZIs,"WkPpuPRP St, JIyfobTSPS, HYD 642058",96635.2,28-06-2008,22-01-1985,39,Other,1,3801.48,22806.84769,14333.04572,108910.482,Both,Married,16,18,Marketing,Senior Marketing Executive
1750,UIPIqmTa,"FHqTYdgQ St, ENtxSLfKja, DEL 693240",45632.96,07-04-2018,09-07-1994,30,Female,1,8401.704,10769.82268,6768.333921,58036.15276,Life,Married,6,9,Finance,Account Executive
1751,ngjwnSba,"qYAVNGyv St, zVkKkuCZSe, MUB 286608",62189.98,28-06-2020,21-10-1998,25,Female,0,8971.002,14677.44054,9224.090464,76614.33207,Both,Single,4,4,Marketing,Marketing Associate
1752,aPXyypes,"jCFOSYGi St, uNsauBgmua, BLR 871715",142561.62,16-10-2000,24-11-1968,55,Female,1,3935.838,33645.92978,21144.90597,158998.4818,Medical,Married,23,34,Sales,Sales Director
1753,UyiMFcZV,"SeBnvjTb St, dPbhZiRdbY, CHN 714722",112279.31,04-10-2014,03-08-1971,52,Female,1,9413.069,26499.0099,16653.39839,131537.9905,Life,Widowed,9,31,Finance,Account Director
1754,eIsarApS,"wyPhaKbb St, uLDICnSGsJ, DEL 500274",63308.63,05-07-2022,26-05-1997,27,Female,0,10925.137,14941.45282,9390.009939,79785.20988,None,Single,2,6,Marketing,Marketing Representative
1755,TJQuLWqh,"BNtWKIVv St, xSJjIcXFgC, CHN 882311",118574.88,02-04-2013,19-01-1969,55,Female,1,6730.512,27984.82569,17587.16468,135703.053,Both,Married,11,34,Sales,National Sales Manager
1756,QLvOhxTP,"pwwYeYJB St, lTuEdGvRMT, KOL 509995",104757.6,07-07-2013,28-02-1990,34,Other,1,9789.24,24723.81314,15537.76958,123732.8836,Life,Married,11,13,Finance,Senior Account Executive
1757,zNXUyzrf,"kDYFcWMW St, hLupStMTIL, PUN 134927",52060.96,06-02-2017,11-05-1995,29,Other,2,5775.904,12286.89324,7721.742388,62402.01485,Medical,Married,7,8,Marketing,Marketing Associate
1758,GqZNVNyt,"BsAscYlj St, qAiKkUgsqs, KOL 612245",136575.25,02-02-2021,12-05-1974,50,Female,1,8576.475,32233.0882,20257.00058,157127.8126,Medical,Married,3,29,Finance,National Account Head
1759,qsXKSpzv,"pyZZkbFD St, RPMTyENMUz, DEL 146420",91204.84,12-05-2012,15-11-1981,42,Male,3,3980.516,21525.22988,13527.60839,103182.9775,Life,Married,12,21,Finance,Regional Account Head
1760,VcdtmSIZ,"ZcsnhUjQ St, ZrHiDPGmWT, KOL 262342",80154.78,24-05-2011,01-05-1984,40,Female,1,7049.522,18917.30818,11888.65058,94232.95959,Medical,Divorced,13,19,IT,Software Engineer III
1761,AlmgzvZm,"wAnOGuPq St, dbfYAzfpCz, MUB 745806",98272.59,08-09-2018,24-10-1991,32,Male,4,5028.741,23193.28766,14575.90532,111918.7133,Both,Married,5,11,Sales,Senior Executive
1762,ZmHBIWXv,"VVNRjZqb St, OpLDtwlqUR, HYD 227213",99856.96,16-11-2017,04-06-1986,38,Other,3,4297.304,23567.2144,14810.90093,112910.5775,Medical,Divorced,6,17,Marketing,Senior Marketing Executive
1763,yXTwMmYP,"xbjdxWEb St, wPCMpiVsat, HYD 303075",27300.65,22-06-2022,06-03-2001,23,Male,0,4859.935,6443.2191,4049.264292,34554.53981,Life,Single,2,2,Human Resources,HR Intern
1764,rrJxVfvr,"yFLDBIWH St, EJMQmkrLlO, AMD 909982",148679.54,20-06-2012,27-10-1975,48,Other,4,9138.046,35089.81844,22052.32301,170855.0814,None,Married,12,27,Human Resources,Recruitment Manager
1765,oXEsFxOa,"oezKnssh St, xkdQVowKPi, KOL 121730",102217,21-11-2010,19-09-1977,46,Male,4,14065.3,24124.20681,15160.94482,125245.562,None,Married,13,25,Human Resources,Senior HR
1766,QjZAbJAU,"vNUTpQnG St, wrVoiQCtoX, HYD 654321",109048.09,04-07-2017,10-04-1984,40,Other,3,10829.191,25736.41054,16174.14006,129439.5515,None,Divorced,7,19,Finance,Senior Account Executive
1767,QOIwpAil,"mqfDMVmR St, bsnCEbpeAG, DEL 430556",66594.8,18-04-2021,14-05-1996,28,Other,1,9819.52,15717.02092,9877.418511,82253.92241,None,Married,3,7,Finance,Account Associate
1768,iCnLUWYZ,"nZUAxoIO St, XplkSPpmVS, MUB 848694",136055.17,05-07-2015,23-07-1968,55,Other,2,9418.483,32110.34426,20179.86171,157404.1355,Medical,Widowed,9,34,Human Resources,HR Director
1769,KkNViddv,"gxlPejLT St, VbazdVyyde, MUB 196956",106518.53,24-05-2012,23-01-1987,37,Other,4,13061.147,25139.40976,15798.95277,128920.134,Life,Married,12,16,IT,Software Engineer III
1770,PwIKLtvk,"XeZgnPwr St, wfbqHebTZF, MUB 692327",137449.86,03-09-2018,27-11-1968,55,Female,1,5456.014,32439.50467,20386.72376,154958.6549,Both,Married,5,34,Marketing,National Marketing Manager
1771,melHQQov,"rhJVVqYs St, ybJazIUTdo, AMD 264972",67570.31,11-05-2017,28-04-1996,28,Female,4,9667.969,15947.25078,10022.10729,83163.42249,Both,Married,7,7,IT,Software Engineer II
1772,PYMYXCwR,"ulPqXAOA St, qPpjBpYQmg, KOL 431622",146244.18,01-07-2018,22-11-1976,47,Female,4,4818.582,34515.04978,21691.10757,163886.7042,Life,Married,6,26,Sales,Sales Director
1773,zGxnksap,"APkgxtQY St, osbYTnOQBv, KOL 372048",110386.09,14-10-1994,12-01-1967,57,Female,4,12806.391,26052.19156,16372.59379,132872.0788,Both,Married,29,36,IT,IT Manager
1774,jIOXSclz,"NGnaQUSA St, azRisXVESt, KOL 401787",70557.58,07-04-2022,02-05-1999,25,Female,3,10514.242,16652.27557,10465.18267,87258.9149,Life,Married,2,4,Human Resources,HR Executive
1775,ZqrogNLB,"dgzfzDZe St, XrIIcYxypM, MUB 138188",75346.47,05-08-2021,08-12-1977,46,Female,2,7837.353,17782.50022,11175.47643,89790.84679,Life,Divorced,2,25,IT,Software Engineer III
1776,ddKrRaAw,"aVTsOZMH St, LATEkocUyl, PUN 161961",58559.78,07-04-2023,15-08-1997,26,Other,4,4950.022,13820.678,8685.654961,68644.82504,Life,Married,1,5,Marketing,Marketing Representative
1777,SAWqqQvX,"ReasASgo St, UZrBjSVHUM, PUN 778396",129131.49,28-10-1996,26-12-1973,50,Other,2,8241.851,30476.28839,19152.93341,148696.696,Both,Married,27,29,Finance,National Account Head
1778,yhAJhQNx,"bOKvPuxp St, lsOGtpEfoP, DEL 333592",137279.16,04-11-1992,14-01-1970,54,Other,2,9988.084,32399.21781,20361.40534,159305.0565,None,Divorced,31,33,Sales,Sales Director
1779,ISTHLlvH,"QKNmZlHS St, DFzBjeCzRG, BLR 473156",92753.59,05-11-2008,16-03-1986,38,Male,4,5553.641,21890.74995,13757.32079,106440.6602,None,Married,15,17,Human Resources,ERP Head
1780,suWCVRxE,"JmPhvSuQ St, YuXaGllMbv, KOL 271237",73090.4,01-05-2021,20-12-1992,31,Female,2,5846.96,17250.04574,10840.85349,85346.55225,Both,Married,3,10,Human Resources,HR Executive
1781,ShoGsmtC,"TAQivHaB St, oyePDGBnqQ, HYD 690189",135960.53,19-02-2018,04-11-1972,51,Female,3,10973.947,32088.0083,20165.8246,158856.6607,Both,Married,6,30,Human Resources,Recruitment Manager
1782,MzAEntay,"wNOQfJLL St, zpvRjGdjHO, MUB 971799",111549,06-05-2012,10-05-1976,48,Female,2,8401.1,26326.64964,16545.07796,129731.6717,Both,Married,12,27,IT,Technical Lead
1783,FnzYhGHX,"CYpxnUnB St, ppwgmQixuG, MUB 578655",131236.62,02-11-2023,11-04-1968,56,Other,2,6490.338,30973.11956,19465.16875,149234.9088,Both,Widowed,0,35,Marketing,National Marketing Manager
1784,uPOMSICk,"BpHKcArO St, uTxFthjbSR, MUB 391905",90718.5,09-12-2021,27-11-1988,35,Other,3,4182.15,21410.44891,13455.47387,102855.625,Both,Married,2,14,Sales,Regional Sales Manager
1785,LemcEERv,"DAYiMDGP St, quQnzmdier, DEL 592309",102190.26,21-11-2011,19-02-1982,42,Female,1,13981.974,24117.89591,15156.97871,125133.1512,Medical,Married,12,21,Human Resources,Senior HR
1786,YVOhnPGF,"ikKVPwhe St, zTIuLIechH, MUB 236592",91578.92,04-09-2013,18-06-1985,39,Other,1,5105.108,21613.5164,13583.09237,104714.452,None,Divorced,10,18,Human Resources,ERP Head
1787,iNPxcfUw,"xTMxsVgi St, agsEijdsJz, MUB 405395",104401.13,11-03-2010,12-12-1987,36,Male,4,8126.887,24639.68275,15484.89753,121682.8022,Both,Married,14,15,IT,Software Engineer III
1788,dxRhPOyc,"vOepumwd St, RsiOgtEoKk, MUB 594351",47347.13,08-01-2024,24-02-1995,29,Male,1,7547.287,11174.38348,7022.581618,59046.21886,Medical,Married,0,8,Marketing,Marketing Associate
1789,FVXIwCfk,"wldsgCKk St, JJeTszInJW, CHN 889124",86244.4,18-09-2011,19-02-1979,45,Male,,8755.56,20354.51776,12791.87013,102562.6076,None,,12,24,IT,Software Engineer III
1790,fNIbEqOd,"KyFweFWv St, CisikwVfZG, HYD 681040",26478.72,24-01-2023,21-09-2002,21,Male,0,7132.128,6249.23562,3927.354674,35932.72895,Both,Single,1,0,Sales,Business Development Representative
1791,FFDaWFTk,"HFXdGLMY St, axnoUVddQo, HYD 777583",143398.74,07-11-1997,10-07-1965,59,Female,1,9135.126,33843.49825,21269.06859,165108.2957,Both,Widowed,26,38,Human Resources,Recruitment Manager
1792,qUaDbRPg,"rSNvFevk St, uCytevLqUy, MUB 175788",145604.58,01-05-2008,19-06-1974,50,Female,2,6578.542,34364.09796,21596.24135,164950.9786,Medical,Married,16,29,Sales,National Sales Manager
1793,cakBzjhd,"GlHimiAF St, dwNippXsCr, HYD 322721",15215.38,09-03-2021,26-01-2000,24,Male,0,7044.462,3590.977762,2256.762931,23594.05683,Both,Single,3,3,Sales,Sales Development Representative
1794,wexmyxcE,"eNRnEEnX St, trjrpROhSN, BLR 644577",102751.85,26-06-2019,18-05-1979,45,Other,,12905.815,24250.43662,15240.27439,124667.8272,Both,,5,24,Sales,Regional Sales Manager
1795,igWduVJp,"YKkOksuo St, Qgjxsakkyr, KOL 794624",38911.33,10-07-2023,17-05-2000,24,Other,0,8336.867,9183.452579,5771.373909,50660.27567,Life,Single,1,3,IT,Software Engineer I
1796,hCfDhSrc,"PLNpWXLt St, qZNQDWpqCy, DEL 394499",63732.16,26-02-2019,20-12-1994,29,Female,2,8021.784,15041.41002,9452.828403,77342.52562,None,Married,5,8,Finance,Account Executive
1797,tUgwGTeS,"wLEBXUVt St, WiVMrHfHmk, AMD 759665",97987.06,06-08-2020,14-05-1985,39,Male,3,6377.294,23125.89981,14533.55518,112956.6986,Medical,Married,3,18,Finance,Regional Account Head
1798,sBFfRZAg,"qhYOtatg St, ZLBVZcAOiZ, DEL 385975",105515.63,24-10-2018,26-02-1986,38,Other,3,13527.437,24902.7156,15650.20147,128295.5811,None,Divorced,5,17,Human Resources,Senior HR
1799,sWCQPVoR,"BsssaKcB St, WkPGFLfxTw, KOL 518395",84235.08,03-11-2011,05-01-1985,39,Other,2,9013.492,19880.29869,12493.84544,100635.0252,Life,Divorced,12,18,Human Resources,ERP Head
1800,gDBZRWZH,"ooKDzGVu St, WfMxsxaCJi, CHN 650017",143138.47,26-02-2006,23-12-1970,53,Male,3,8563.153,33782.072,21230.46504,164253.23,None,Married,18,32,Finance,National Account Head
1801,qEhVaozD,"oudhrJYN St, plQlEvbiPn, CHN 831209",97399.06,28-03-2011,01-08-1983,40,Female,4,4530.094,22987.12608,14446.34233,110469.9378,None,Married,13,19,Marketing,Regional Marketing Manager
1802,CDiUvKAz,"CNyFidDi St, qyzUMVtcZV, DEL 595216",95503.03,05-06-2016,01-05-1986,38,Female,2,6494.697,22539.64455,14165.12095,110372.2506,Life,Married,8,17,Marketing,Senior Marketing Executive
1803,pJljrvBs,"biqTgNJo St, MHkPeTfYug, DEL 440268",81271.1,24-08-2015,28-05-1987,37,Other,2,8792.89,19180.77056,12054.22447,97190.53609,Life,Married,8,16,Finance,Senior Account Executive
1804,WpyOBNFZ,"XNgVAPMb St, vKrPtyozzG, KOL 524833",57266.87,26-02-2017,13-12-1992,31,Female,2,6730.313,13515.53866,8493.889039,69018.83262,Both,Married,7,10,Finance,Account Associate
1805,VIoRelID,"SkKaLocW St, qawoxmaQcf, BLR 823496",145323.66,14-07-1997,06-06-1976,48,Male,3,9103.634,34297.7981,21554.57497,167170.5171,Medical,Divorced,27,27,Finance,Account Director
1806,xvkjXBeR,"DYKRhJDk St, ixJrJvkrkH, CHN 660986",91509.18,18-11-2015,14-02-1989,35,Male,2,6822.082,21597.05708,13572.74845,106355.5706,None,Married,8,14,IT,Software Engineer III
1807,mptwMjtZ,"sTIPNhbD St, EWLWtMFJnV, CHN 481296",84671.71,14-08-2015,11-08-1978,45,Female,,7757.829,19983.34762,12558.60691,99854.2797,None,,8,24,IT,QA Lead
1808,vEpdzYoL,"mLQDTzHF St, tMKMTNnftj, MUB 249874",116593.52,28-09-2011,13-03-1965,59,Other,4,7690.648,27517.20545,17293.28705,134508.0864,None,Married,12,38,Marketing,Marketing Director
1809,SiowawlX,"gqvKPpfd St, YKkOnWkuxo, MUB 873034",145569.98,03-11-2024,05-03-1971,53,Female,2,9524.002,34355.93202,21591.10944,167858.8046,None,Widowed,-1,32,IT,IT Manager
1810,lfEdgpel,"SYoIzQRI St, TplqpMioqu, DEL 593577",52262.1,15-06-2023,25-11-1994,29,Female,0,6461.79,12334.36423,7751.575708,63306.67853,Medical,Single,1,8,Sales,Sales Executive
1811,YbayhAVz,"KnEHhRCu St, ENLFKRzOpZ, HYD 344337",71495.12,05-02-2022,08-02-1997,27,Female,0,7604.488,16873.54414,10604.2397,85368.91244,Medical,Single,2,6,Marketing,Marketing Representative
1812,ZRxTLLZy,"OHpwgGue St, sFcDfaKtKi, HYD 579161",103633.15,23-07-2013,15-06-1992,32,Other,3,10347.685,24458.432,15370.98984,123068.2772,None,Married,10,11,Finance,Senior Account Executive
1813,IxyHFesJ,"LUQzKIEa St, yayeEWFqgT, CHN 642973",110337.14,23-03-2001,11-10-1971,52,Other,2,12582.286,26040.63888,16365.33347,132594.7314,Life,Married,23,31,Marketing,National Marketing Manager
1814,dqwHPEGo,"XpybGzpy St, YFdScQtSup, PUN 465042",99518.3,09-12-2007,23-02-1980,44,Other,4,7159.17,23487.28735,14760.67048,115404.0869,Life,Married,16,23,IT,QA Lead
1815,BObvixfq,"FEIMFOXW St, FNBPgWJpox, DEL 542972",95192.13,28-02-2018,24-02-1987,37,Female,1,4638.787,22466.26912,14119.00789,108178.1782,Both,Married,6,16,Marketing,Senior Marketing Executive
1816,ObvyNloy,"YScNOdjn St, pGkLYKWGzU, CHN 937079",68752.41,15-08-2017,17-08-1992,31,Male,1,8812.759,16226.23788,10197.43775,83593.96914,Life,Married,6,10,Sales,Sales Representative
1817,NqdHeSWZ,"MLhKfSCn St, AOjTMIzBvW, AMD 971048",107768.37,23-12-2011,17-07-1988,36,Male,3,7460.163,25434.38416,15984.3305,124678.5867,Medical,Married,12,15,IT,QA Lead
1818,pJfitGKl,"BLCyxJVz St, BsHhkRKnyS, BLR 432124",122213.46,13-08-1990,18-12-1966,57,Other,1,6645.654,28843.56599,18126.84312,139575.8369,Both,Divorced,33,36,Finance,National Account Head
1819,vWiRuyYm,"dUngpSTX St, WPqEgUSCNe, CHN 842813",93889.03,17-09-2019,18-10-1991,32,Other,2,5554.097,22158.72484,13925.73058,107676.1213,None,Married,4,11,Finance,Regional Account Head
1820,zSdCipnu,"WSLaSqWo St, XoWzqhYxJO, BLR 725003",109186.25,13-11-2013,03-07-1978,46,Male,2,8227.375,25769.01764,16194.63212,126988.0105,None,Widowed,10,25,Marketing,Senior Marketing Executive
1821,HZoyRNAW,"moHxvRzF St, oaXSrxEqdD, CHN 983064",55468.57,03-11-2016,26-10-1992,31,Male,4,5467.143,13091.12236,8227.163083,65799.67228,Medical,Married,7,10,IT,Software Engineer II
1822,xxSyuJxN,"fPbpetPq St, JDuSMOpmqM, KOL 837010",24267.48,01-04-2022,23-06-2001,23,Other,0,6657.252,5727.36146,3599.380975,33052.71248,None,Single,2,2,Finance,Account Representative
1823,XIBPDhvs,"xYliRbDZ St, LIHnkmfTZg, MUB 755325",84109.64,02-12-2017,05-03-1986,38,Female,1,4803.036,19850.69363,12475.24004,96288.12959,None,Divorced,6,17,IT,Software Engineer III
1824,ZTgczDJR,"KqZwXDTK St, nfRyrEUMVw, HYD 239987",79411.92,28-12-2010,03-05-1982,42,Male,1,5257.808,18741.98599,11778.46872,91633.24527,Medical,Married,13,21,Human Resources,Senior HR
1825,EOquVgGh,"dVOcZEau St, UZahTXshsE, MUB 668079",97038.75,11-05-2019,14-02-1983,41,Male,2,5513.125,22902.08942,14392.90073,111061.0637,Medical,Divorced,5,20,Finance,Regional Account Head
1826,UbJMRbtt,"PtcjsLLu St, zgiADIzlKL, PUN 731308",89761.31,05-10-2019,07-04-1987,37,Male,2,8958.869,21184.54275,13313.50233,106591.2194,None,Divorced,4,16,Sales,Regional Sales Manager
1827,ekKdTOUB,"CgGcrVCb St, rmUlEXlEWe, PUN 903319",81824.62,21-12-2019,15-06-1992,32,Female,1,7182.538,19311.40667,12136.3232,96182.24147,Medical,Divorced,4,11,Finance,Senior Account Executive
1828,BXmBJGeY,"YIAInqhl St, VobAprAslK, PUN 954696",83961.91,26-06-2022,01-08-1990,33,Male,3,4785.809,19815.82791,12453.32855,96110.21836,None,Married,2,12,Sales,Regional Sales Manager
1829,cLvwyftY,"XZIxlNIN St, sLNmFGCnth, DEL 333068",125015.6,20-03-2011,25-05-1969,55,Female,3,11621.44,29504.8983,18542.4598,147599.4785,Medical,Married,13,34,IT,Technical Lead
1830,dJeoKweu,"YjBXLLaW St, TWVulrFrXo, BLR 558483",112036.49,14-11-2009,19-08-1976,47,Other,2,11654.351,26441.70202,16617.38304,133515.16,Medical,Divorced,14,26,Human Resources,Recruitment Manager
1831,uHVduTUp,"ZkgmoSSb St, zUpyBheDAf, MUB 883882",113911.42,20-04-1993,14-06-1965,59,Other,2,8949.858,26884.20375,16895.47485,132850.0069,Both,Married,31,38,Finance,National Account Head
1832,AnUxqPHF,"VNTJWuZT St, mTLJttodAI, PUN 184271",102486.56,05-12-2010,14-09-1988,35,Other,1,11030.344,24187.8256,15200.92627,122503.8033,None,Married,13,14,Marketing,Regional Marketing Manager
1833,vfdgFEoW,"jDRtrSpn St, QYuTHXrzNw, HYD 820862",73300.13,22-09-2021,15-07-1995,29,Male,1,6353.987,17299.54406,10871.96089,86081.70018,Life,Married,2,8,Sales,Sales Representative
1834,VHDiBBPq,"xUpjBHWz St, AzSdLydQkl, BLR 631978",100477.86,14-05-2021,25-09-1987,36,Male,4,9234.214,23713.75285,14902.99354,118522.8333,Both,Married,3,15,Human Resources,ERP Head
1835,zycKMJxr,"gEVcRCQD St, MDcfOgRezx, KOL 423795",69487.16,28-05-2023,21-10-1995,28,Male,2,7772.284,16399.64603,10306.41672,83352.67331,None,Married,1,7,Marketing,Marketing Representative
1836,OaXMByPa,"LUwvSBib St, uGjRrJPMur, AMD 515853",37949.18,08-10-2023,05-08-2002,21,Other,0,7693.082,8956.375815,5628.666698,48969.97112,Life,Single,0,0,IT,QA Engineer I
1837,SwCNXaZA,"bOIalKOx St, FJMgpKMLVw, MUB 582439",70884.74,20-01-2023,20-01-1999,25,Female,1,9492.526,16729.48852,10513.70742,86593.04709,None,Married,1,4,Marketing,Marketing Representative
1838,slYNRcPM,"aVWGshHb St, yQdMlyspgD, AMD 730656",66197.46,18-06-2019,21-12-1995,28,Female,1,7133.254,15623.24482,9818.484578,79135.47424,Both,Married,5,7,Human Resources,HR Associate
1839,BBiddXxw,"qkPOVJNM St, HXCgqUcPeZ, PUN 805044",145231.63,23-10-2003,13-09-1967,56,Other,1,4526.837,34276.07813,21540.92498,162493.6202,Both,Married,20,35,Finance,Account Director
1840,kpApuEeT,"IdMRhLnD St, sOuCAYDIKi, KOL 222045",96178.96,24-05-1999,13-11-1978,45,Other,,7475.104,22699.17061,14265.37567,112087.8589,Both,,25,24,Sales,Regional Sales Manager
1841,wKrErzgh,"FUfSvltA St, YGOKpfDmdu, MUB 453748",97827.8,05-08-2011,07-01-1982,42,Male,2,5402.22,23088.3129,14509.93355,111808.3993,Both,Married,12,21,Marketing,Senior Marketing Executive
1842,vKoNdpEC,"wuhLrbXK St, WzaTSayUHk, HYD 627065",26404.16,07-06-2023,21-09-2002,21,Other,0,5431.584,6231.638735,3916.295848,34151.08689,Life,Single,1,0,IT,QA Engineer I
1843,zgupqTDm,"ObdnLQXB St, SawVOyBjCR, CHN 836088",95548.79,14-05-2022,23-06-1991,33,Male,4,6966.121,22550.44436,14171.90812,110893.4472,Both,Married,2,12,IT,QA Lead
1844,zWzvJfGZ,"VpHJTnzl St, DfaCFkIKLm, DEL 892540",102444.43,18-10-2013,11-06-1992,32,Male,4,9288.557,24177.88251,15194.6775,120716.192,Life,Married,10,11,IT,QA Lead
1845,extAqTSy,"roscbDwc St, CZiFSzbIjy, PUN 296300",94800,10-01-2022,01-06-1987,37,Other,2,5590,22373.72263,14060.84672,108702.8759,Medical,Married,2,16,Sales,Senior Executive
1846,JwHtAtJA,"UoSsbfwn St, wNoGDBpRSb, HYD 269666",124968.68,07-10-1989,09-04-1966,58,Other,1,11741.132,29493.82472,18535.50057,147668.1362,None,Married,34,37,Marketing,National Marketing Manager
1847,RueEehwC,"MPUwTHui St, tEpxZknPIo, CHN 417155",78042.9,13-03-2013,27-11-1988,35,Male,4,6389.71,18418.88394,11575.41407,91276.07987,Both,Married,11,14,Marketing,Regional Marketing Manager
1848,nBQRJMYh,"XCqGNNzQ St, AlyfnbaTyP, CHN 797521",24680.11,16-09-2022,02-01-2000,24,Other,0,5816.989,5824.746156,3660.582739,32661.26242,None,Single,1,3,Human Resources,HR Representative
1849,qOBpJZvw,"KftHsvGL St, XMAKkyQYdk, AMD 166411",138319.17,22-11-1990,19-07-1966,57,Other,1,7964.083,32644.67029,20515.66084,158412.2625,Both,Divorced,33,36,Sales,National Sales Manager
1850,LbwigOZw,"qGncVcvW St, wuDPWDETKw, HYD 168219",113352.44,05-04-2014,26-07-1974,49,Male,1,8750.756,26752.27903,16812.56628,132042.9087,Life,Divorced,10,28,Finance,National Account Head
1851,HlvxMwnS,"iXoGOajk St, sFuJsnEFVG, HYD 366660",73832.7,21-08-2022,18-09-1995,28,Female,4,7157.73,17425.23577,10950.95229,87464.71347,Both,Married,1,7,Human Resources,HR Executive
1852,EBIoQjmA,"JZyzJFos St, MHWlfTqDtR, HYD 900465",86857.34,26-10-2014,19-04-1984,40,Female,1,4478.266,20499.17757,12882.78211,98952.00146,Life,Married,9,19,Marketing,Regional Marketing Manager
1853,qyUIiRhL,"zkyrNFXE St, ABirtFIlMq, KOL 538096",114894.43,05-04-2001,20-11-1966,57,Male,1,11337.557,27116.20367,17041.27604,136306.9146,Medical,Widowed,23,36,Marketing,Marketing Director
1854,iukowZgJ,"KDTvgqgG St, MlhqnUUXGY, KOL 361047",89579.98,18-12-2023,20-12-1983,40,Male,4,5637.002,21141.7471,13286.60725,103072.1219,Medical,Married,0,19,IT,QA Lead
1855,zGbNQIIN,"TdFehtjP St, fzrQaPexrk, BLR 650833",90734.34,11-01-2022,21-08-1987,36,Other,4,5569.566,21414.1873,13457.82328,104260.27,Medical,Married,2,15,IT,Software Engineer III
1856,DYwvnSfq,"bzsZXmLM St, dyrUqakbjz, HYD 641383",45586.53,11-02-2017,06-09-1996,27,Other,0,8249.347,10758.86474,6761.447369,57833.29438,None,Single,7,6,Sales,Sales Executive
1857,fGQxrrRD,"FCxlVUfV St, wkHctyouVc, PUN 386202",96127.36,08-06-2008,27-01-1985,39,Female,1,6509.264,22686.99251,14257.7223,111065.8942,Medical,Married,16,18,IT,QA Lead
1858,sjqWzsXl,"FNDlYKsu St, kiUezglTlw, KOL 901435",95188.15,28-06-2019,23-01-1983,41,Male,1,7824.185,22465.32981,14118.41758,111359.2472,Both,Married,5,20,Sales,Senior Executive
1859,iRcxcdjr,"fWHwTivt St, bDoUkWtXnr, AMD 391130",79706.46,06-06-2019,05-09-1977,46,Other,2,5367.354,18811.50029,11822.15524,92063.15906,Both,Widowed,5,25,IT,Software Engineer III
1860,igYRRQYj,"JYRHqPvf St, IcbfmXQazg, BLR 480623",126314.69,23-01-2013,22-02-1971,53,Female,2,10235.531,29811.49618,18735.14234,147626.5748,None,Divorced,11,32,Human Resources,HR Director
1861,TWoxTTbh,"YYmfmBYp St, hRHBHdjhve, AMD 939144",60624.53,22-07-2021,16-11-1997,26,Male,2,10512.547,14307.9791,8991.901092,76453.15501,Life,Married,2,5,Sales,Sales Executive
1862,HvAMyCHO,"jFovThJQ St, bplMcBqJDF, DEL 279457",33574.37,08-05-2024,09-07-2001,23,Male,0,8276.563,7923.878078,4979.789769,44795.02131,Medical,Single,0,2,IT,Software Engineer I
1863,CdiJJenG,"hYfTJuMu St, wJqqktJzwB, PUN 730540",70389.79,12-09-2019,23-09-1998,25,Female,2,10192.021,16612.6755,10440.29586,86754.19064,Life,Married,4,4,Marketing,Marketing Representative
1864,AttUteUe,"RDFfEBwQ St, TRlLjUUcxL, KOL 968698",36435.89,15-01-2023,19-09-2002,21,Female,0,8219.411,8599.224647,5404.213758,47850.31189,Life,Single,1,0,IT,Software Engineer I
1865,ljxlmFNT,"ieKDzdgG St, hToLDgEEXk, BLR 148223",85553.02,11-03-2023,15-04-1981,43,Female,2,7570.698,20191.34535,12689.32384,100625.7395,Both,Married,1,22,Finance,Senior Account Executive
1866,qrvrGFvg,"vvbgYwAI St, YuuTJiZkeD, DEL 529286",142822.96,15-07-1986,19-06-1965,59,Male,1,7749.704,33707.60856,21183.66823,163096.6043,Life,Divorced,38,38,IT,Technical Lead
1867,HGxFXwHn,"epIxnvNm St, goIJPLzLdm, HYD 881519",87678.36,23-06-2020,25-08-1983,40,Male,1,5166.164,20692.94628,13004.55675,100532.9135,Medical,Divorced,4,19,Sales,Regional Sales Manager
1868,aAvEHWZh,"wgPdIMqR St, kWRZZOuUWc, DEL 308483",87433.79,18-08-2021,28-12-1986,37,Female,3,4585.621,20635.22538,12968.28185,99686.35453,Life,Divorced,2,16,Marketing,Senior Marketing Executive
1869,SqYOrgNl,"rmLIwpKr St, WsIBLlOPMB, HYD 442667",96467.87,09-01-2012,07-05-1990,34,Male,2,6240.213,22767.35618,14308.22714,111167.212,None,Married,12,13,Sales,Regional Sales Manager
1870,TxYJdDYT,"zwhQwBxY St, lncavgygpU, KOL 803080",33745.32,20-07-2022,10-01-2001,23,Other,0,8682.468,7964.223942,5005.145273,45386.86667,None,Single,1,2,IT,Software Engineer I
1871,lFFhuIJq,"ehDcrxow St, YSmwCafFls, AMD 982766",124137.4,07-04-2010,07-02-1977,47,Male,3,6420.26,29297.63455,18412.20415,141443.0904,Medical,Married,14,26,IT,IT Manager
1872,ggFLnpgV,"CAeprTaM St, GGUyRxyCQP, MUB 367367",142070.78,02-03-1997,18-10-1964,59,Female,1,5056.922,33530.08676,21072.10401,159585.6848,Medical,Married,27,38,Marketing,Marketing Director
1873,TMhvFTTM,"pDrIWJnj St, xqCxunXhxA, MUB 968593",116655.98,22-08-1996,15-04-1966,58,Other,1,9193.402,27531.94662,17302.55119,136078.7774,Life,Married,27,37,Human Resources,Recruitment Manager
1874,gmAieqsC,"DPEEFBmc St, unPaHNbchV, DEL 284458",108394.43,09-09-2021,23-01-1987,37,Male,3,11498.557,25582.14041,16077.18845,129397.939,Both,Married,2,16,IT,Software Engineer III
1875,CFARXQHZ,"oEUGlhPX St, QDNHgydeOe, KOL 123542",52875.12,17-11-2018,15-10-1993,30,Female,0,5359.488,12479.04292,7842.49955,62871.15137,Medical,Single,5,9,Marketing,Marketing Representative
1876,uouJvQSx,"vXVitVsC St, zgAusMiehD, DEL 145860",115040.3,26-02-2024,06-06-1977,47,Male,3,9962.97,27150.63041,17062.91165,135090.9888,Medical,Divorced,0,26,IT,IT Manager
1877,pHeUYCJa,"MBncLoMO St, hozadoCaPO, CHN 463300",31658.42,27-08-2023,20-06-2000,24,Other,0,7164.158,7471.695231,4695.613828,41598.6594,Both,Single,0,3,Human Resources,HR Representative
1878,ZpEccICe,"IEretFKs St, QOJLiYxSfH, AMD 990070",100537.13,14-06-2009,16-12-1983,40,Male,3,13038.287,23727.74114,14911.78454,122391.3736,Life,Married,15,19,Marketing,Senior Marketing Executive
1879,oNpMozXd,"wjtSaVBQ St, POEnKcobbN, HYD 329179",100283.52,25-09-2007,15-06-1984,40,Male,1,14732.648,23667.88672,14874.16881,123809.8859,None,Divorced,16,19,IT,QA Lead
1880,LjrMqXCM,"asqgilap St, aThwzbhgkd, BLR 270916",122645.16,18-12-2022,07-05-1977,47,Female,2,8857.484,28945.45139,18190.87337,142257.222,Medical,Widowed,1,26,Human Resources,Recruitment Manager
1881,JhMvLZuH,"FBqirVcC St, xoRISoZRbj, MUB 543049",106966.15,12-02-2016,14-08-1987,36,Male,2,9832.385,25245.05243,15865.34429,126178.2431,Life,Married,8,15,Finance,Regional Account Head
1882,MdZGULNQ,"apHDxket St, QCPtQGlWEp, HYD 506536",76565.26,19-07-2020,10-06-1992,32,Female,1,6721.474,18070.14652,11356.24878,90000.63174,None,Divorced,3,11,Finance,Regional Account Head
1883,buOIuzBW,"vfiBrEBd St, TqqCTECvzi, CHN 474610",105332.94,17-08-2012,21-06-1988,36,Female,3,9977.706,24859.59898,15623.10468,124547.1403,None,Divorced,11,15,Marketing,Senior Marketing Executive
1884,soipDVsr,"DrYcCPwY St, sdXJjVFlWn, BLR 136925",128621.83,10-10-2008,02-01-1974,50,Male,4,10948.817,30356.00367,19077.34004,150849.3106,Both,Married,15,29,Sales,Sales Director
1885,nSiuRudT,"tfmHRkNo St, JwwsYfyUzb, MUB 144094",140385.14,17-09-2004,03-04-1967,57,Male,3,4286.486,33132.25932,20822.08792,156981.7974,None,Married,19,36,Sales,Sales Director
1886,fBJVbcAE,"OCPTbJDf St, FSzvgmdyLL, CHN 740959",47843.35,01-10-2021,11-08-1992,31,Other,2,5598.665,11291.49623,7096.181547,57637.32968,Both,Divorced,2,10,Finance,Account Associate
1887,ESvVVzAR,"suxozQZe St, hMOyJpXUyi, DEL 925246",94460.57,03-03-2012,16-03-1986,38,Female,4,7884.943,22293.61384,14010.50206,110628.6248,Life,Married,12,17,Marketing,Senior Marketing Executive
1888,AFOsIfNx,"nyHoPRuv St, lNaUbMhjsV, BLR 314844",144466.42,18-07-2012,02-10-1975,48,Female,2,5536.358,34095.48112,21427.42813,162670.831,None,Married,12,27,IT,Technical Lead
1889,mGTbaDZi,"GFMNHpSd St, siAvEhOeks, KOL 568539",114819.5,18-09-1996,03-04-1975,49,Male,1,12143.05,27098.51946,17030.16234,137030.9071,Medical,Married,27,28,Sales,Sales Director
1890,GUOjVNdA,"TUlHkJZf St, WAQppmTrCH, PUN 388842",65542.83,07-08-2016,13-12-1992,31,Other,1,10050.717,15468.74577,9721.389092,81340.90367,Medical,Married,7,10,Human Resources,HR Associate
1891,vPFlZTqF,"JCHKyWMP St, sjNDiFjXOP, AMD 660975",70262.5,16-09-2020,21-09-1995,28,Other,1,7022.75,16582.63382,10421.41606,83446.46776,Life,Married,3,7,Human Resources,HR Executive
1892,czwQPvZX,"QCwOYcFd St, qcPeRRyrsb, AMD 502270",76432.27,07-02-2012,20-07-1982,41,Other,3,10076.773,18038.75959,11336.52355,93211.27904,Life,Divorced,12,20,Human Resources,Senior HR
1893,SSJcsdVv,"XwLUFSqc St, AXnrOkNKGT, CHN 384486",75722.7,26-12-2023,05-11-1983,40,Female,1,6969.73,17871.29416,11231.2793,89332.44486,Medical,Married,0,19,Finance,Regional Account Head
1894,AtJstZPy,"QhoidJlJ St, oTbPwyhAkE, MUB 672755",77164.21,12-10-2023,26-08-1977,46,Female,2,7826.579,18211.50455,11445.08575,91757.2078,Medical,Married,0,25,IT,QA Lead
1895,ytHvXIsf,"MErgsVym St, IsjBlUgIzn, CHN 927331",16354.33,27-02-2023,24-07-2000,23,Male,0,6840.567,3859.781046,2425.693326,24628.98472,Both,Single,1,2,Finance,Accounts Intern
1896,NhwvpHvj,"crbEinpf St, AZPgoVBMRk, PUN 152700",84158.19,16-07-2005,14-04-1980,44,Male,1,6335.181,19862.1519,12482.44103,97873.08187,Life,Married,19,23,IT,QA Lead
1897,GUiDbtGN,"FQLkJfKO St, nIRBzrIOVq, CHN 860499",94181.16,22-12-2005,04-10-1978,45,Other,,3897.884,22227.67036,13969.05964,106337.6547,Life,,18,24,Human Resources,Senior HR
1898,kPSEymPl,"kvoGbTtX St, BsWcdOJuPu, BLR 557499",125914.53,06-01-2011,21-02-1973,51,Other,2,11541.547,29717.05453,18675.79014,148497.3414,Medical,Married,13,30,Sales,National Sales Manager
1899,NTnGmFJn,"lmerIaSq St, uuThMJrKoS, PUN 613694",86382.62,26-04-2019,15-05-1991,33,Other,3,8763.738,20387.13903,12812.37108,102721.1259,Life,Married,5,12,Sales,Senior Executive
1900,DHfVxBhu,"fyqyrdIi St, tksuLnJnaa, DEL 597334",133586.15,06-01-2001,17-02-1972,52,Female,3,10874.385,31527.63151,19813.65378,156174.5127,Both,Married,23,31,Marketing,National Marketing Manager
1901,lGqMMnPU,"NnncxtIM St, VfxDqgVxKk, DEL 160456",101625.93,18-12-2000,01-03-1978,46,Male,1,13771.407,23984.70854,15073.27662,124308.7689,Both,Married,23,25,Human Resources,Senior HR
1902,XjWukkHE,"kaSgARsP St, PoNmlmDAhA, AMD 427186",99745.68,08-06-2015,12-09-1991,32,Other,4,4567.432,23540.95124,14794.39575,113059.6675,Medical,Married,9,11,Finance,Regional Account Head
1903,VAzpvAar,"WdQCwsZb St, XYKQGcppXG, DEL 753762",98519.07,08-04-2016,06-07-1990,34,Female,4,6761.093,23251.45934,14612.46352,113919.1588,Life,Married,8,13,IT,QA Lead
1904,SwgxAYNi,"VZlazmSG St, TMfTlhCztV, DEL 817155",106005.14,05-07-2004,10-04-1979,45,Female,,8212.486,25018.24472,15722.80617,123513.0646,None,,20,24,Marketing,Senior Marketing Executive
1905,UXjrfMZh,"MXuqUbGN St, UWmlSgnFTb, MUB 791973",92555.2,25-09-2024,12-07-1983,41,Male,2,6991.48,21843.92798,13727.89536,107662.7126,Both,Married,-1,20,Sales,Senior Executive
1906,cnjErgUg,"yfXFEKVN St, BUqfUmMYGS, AMD 473816",133768.29,09-04-2003,19-01-1970,54,Male,3,6863.171,31570.61832,19840.669,152361.4103,Medical,Divorced,21,33,Human Resources,Recruitment Manager
1907,KrqFjfGA,"ykvLkhBB St, iWADBpDfWi, AMD 997292",84785.06,14-09-2007,01-08-1985,38,Female,4,7086.494,20010.09932,12575.41912,99306.2342,None,Married,16,17,Finance,Regional Account Head
1908,eLMAoAiy,"GFIsAOdX St, HhQCWjFmqs, PUN 921975",86843.84,27-07-2010,01-10-1978,45,Male,,7200.616,20495.99144,12880.77977,101659.6677,Both,,13,24,IT,QA Lead
1909,iZdTSaUt,"qJSuoAgD St, LaCJZdTUdU, KOL 192767",112788.7,24-02-1996,17-02-1970,54,Other,4,8331.13,26619.2309,16728.95171,131010.1092,Both,Married,28,33,Finance,National Account Head
1910,fHomVyYq,"dHZceMpG St, jGYwIOBsQs, DEL 175955",101080.82,06-08-2014,02-06-1983,41,Male,1,9295.918,23856.05727,14992.42527,119240.37,None,Divorced,9,20,Marketing,Regional Marketing Manager
1911,IyDZycQK,"CUJdFIXw St, IClJQlfnzh, MUB 716797",69766.17,22-03-2023,18-08-1992,31,Female,1,9451.383,16465.49511,10347.79981,85335.2483,Medical,Married,1,10,IT,QA Engineer II
1912,guWZjESP,"ZDOdXNlu St, JkRodCGUOV, KOL 293555",86347.69,07-09-2019,16-03-1985,39,Female,3,4478.231,20378.89521,12807.19022,98397.62598,Medical,Married,4,18,Human Resources,ERP Head
1913,pEqLEaiu,"kJVoQveb St, IPMqLLWmzt, BLR 956800",127021.09,02-02-2013,09-02-1970,54,Female,4,11449.891,29978.21345,18839.91641,149609.278,Both,Married,11,33,IT,IT Manager
1914,TLXdlBag,"WRwxbPES St, BbSgBmuGEx, DEL 575879",114220.53,12-09-2023,07-11-1974,49,Female,3,12293.947,26957.15672,16941.32241,136530.3113,Medical,Married,0,28,Sales,Sales Director
1915,MQQAjGgx,"wKChJtDx St, NoLnwBdyHs, MUB 400333",105305.01,20-12-2004,03-06-1979,45,Male,,7777.499,24853.00723,15618.96207,122316.5542,Both,,19,24,Marketing,Senior Marketing Executive
1916,HjzOcgfn,"ttsqBGbN St, ppWCvSJKVF, MUB 770924",104558.2,03-12-2018,03-01-1985,39,Other,1,9611.18,24676.7528,15508.19434,123337.9385,Life,Married,5,18,Sales,Regional Sales Manager
1917,iiAPNmck,"pHsfzhVX St, FJLyYhOtEa, PUN 996162",113428.33,13-03-2004,22-12-1967,56,Other,3,9176.167,26770.18981,16823.82238,132550.8644,Medical,Married,20,35,IT,Technical Lead
1918,kLTLlwRa,"QdKYlVvH St, rmwMgaGvwK, DEL 274907",140225.07,27-01-1999,10-03-1974,50,Male,3,8826.493,33094.48124,20798.34615,161347.6981,Medical,Married,25,29,Sales,Sales Director
1919,DcsswZJY,"ZgbIrVeX St, HjGWPKBbQd, AMD 289752",117901.29,11-12-2019,10-10-1966,57,Female,1,8202.871,27825.8519,17487.25703,136442.7559,Medical,Married,4,36,Marketing,Marketing Director
1920,kwZKCrqe,"YCeVuIlT St, HdRuvgENSh, KOL 143109",82154.96,08-09-2022,17-05-1982,42,Female,3,8301.504,19389.37012,12185.31961,97660.51451,Both,Married,1,21,Sales,Regional Sales Manager
1921,eTpUpdZR,"esemVvLZ St, siluVCUKrx, HYD 493527",88492.91,10-06-2016,01-04-1983,41,Female,1,6664.709,20885.188,13125.37176,102917.4352,Both,Married,8,20,Marketing,Senior Marketing Executive
1922,EKdrgNel,"YmwEOwVn St, fEPLGdNLYb, HYD 260172",131297.07,08-05-1999,11-06-1971,53,Other,2,11372.293,30987.38635,19474.13476,154182.6146,None,Married,25,32,Sales,National Sales Manager
1923,vfKHCqsl,"IrBHCRJd St, QZdIglODTe, HYD 226320",93662.01,08-12-2013,12-08-1984,39,Female,4,5365.799,22105.14591,13892.05871,107240.8962,Medical,Married,10,18,Sales,Senior Executive
1924,aYtJXheY,"TnfQFTPi St, xweDuTLvgz, AMD 927274",45854.17,22-10-2019,11-04-1993,31,Male,1,7044.583,10822.03039,6801.144047,56919.63934,Both,Married,4,10,Finance,Account Executive
1925,QdvZfnjB,"aphrVDbD St, UCfjVFuEGT, KOL 781752",105887.69,03-04-2020,11-04-1989,35,Other,2,11407.231,24990.52538,15705.38585,126580.0605,Life,Married,4,14,Human Resources,ERP Head
1926,vOFiIRLi,"UoZmcxuH St, ZCidCUpRPq, HYD 798727",123180.88,24-09-2013,11-09-1974,49,Female,1,12671.912,29071.88652,18270.33198,146654.3465,Medical,Divorced,10,28,Finance,Account Director
1927,KbkssXfF,"FeCAkpaP St, OqIqbGnggS, CHN 140163",108515.55,07-09-2011,25-10-1987,36,Female,1,11681.445,25610.72591,16095.15311,129712.5678,Both,Married,12,15,Finance,Senior Account Executive
1928,oXmsgEKq,"ljwMqLLN St, IGACDzcrEV, PUN 521906",64263.18,28-08-2023,16-09-1994,29,Other,2,11043.682,15166.73591,9531.589909,80942.008,Both,Married,0,8,Sales,Sales Representative
1929,JHwlzVrw,"mpFRFocR St, oxjOcfRDXo, MUB 345769",143728.68,10-07-2018,06-06-1972,52,Male,4,6670.132,33921.3673,21318.00568,163002.1736,None,Married,6,31,Sales,National Sales Manager
1930,BrfLOHDe,"UkriEyzG St, netZVhHbWe, MUB 866546",135339.29,27-09-2020,24-01-1974,50,Female,2,9363.071,31941.38961,20073.68155,156570.0691,None,Married,3,29,Human Resources,HR Director
1931,znsWEQTw,"CBkbqkgw St, XAgLEcCFvU, DEL 780768",129119.81,11-01-2005,26-01-1977,47,Male,1,9383.019,30473.5318,19151.20102,149825.1598,Both,Widowed,19,26,Finance,Account Director
1932,DwuJyRks,"mjCfHuaT St, wfdxkRimfR, BLR 137439",45846.38,16-10-2021,16-08-1994,29,Female,0,7065.362,10820.19187,6799.988625,56931.94525,Medical,Single,2,8,Finance,Account Executive
1933,fskbgvDp,"gJJRkJoe St, khLCaDiEoF, KOL 495816",138892.98,21-03-2023,05-10-1974,49,Male,2,7843.702,32780.09504,20600.769,158916.008,Medical,Married,1,28,Human Resources,Recruitment Manager
1934,tlCgGOLk,"XimUjLaa St, wNdLwGQMBk, MUB 735888",49669.03,07-07-2022,09-10-1996,27,Male,0,8013.097,11722.37448,7366.968537,62037.53294,Both,Single,2,6,Human Resources,HR Executive
1935,sjAntjLx,"dEltDxCu St, WDtHWfvdsQ, BLR 153449",143559.13,19-05-2014,22-01-1968,56,Other,2,8940.087,33881.35185,21292.85782,165087.711,Life,Married,10,35,Finance,Account Director
1936,daeCBHtu,"VMqwzccr St, tQEsciGRnM, BLR 251571",75436.81,10-12-2021,06-07-1986,38,Male,1,8170.319,17803.82134,11188.87576,90222.07458,None,Divorced,2,17,Marketing,Regional Marketing Manager
1937,cALSyGcq,"AwTzndeo St, NrXzKGekIn, DEL 481427",94891.96,22-09-2019,27-01-1987,37,Male,3,4510.804,22395.42608,14074.48633,107723.7038,Both,Married,4,16,Human Resources,Senior HR
1938,eTdTszOG,"VoAOjjFU St, tEkPjcVjsa, PUN 377374",99154.73,16-05-2020,05-06-1980,44,Female,2,5902.527,23401.48129,14706.74535,113751.9929,None,Married,4,23,Human Resources,Senior HR
1939,nUvlcmNU,"NPDQNWJm St, jfSziWnbTY, HYD 218384",110023.94,10-01-2004,22-01-1975,49,Other,2,13672.606,25966.72063,16318.87928,133344.3874,Life,Widowed,20,28,IT,Technical Lead
1940,YWxaQeZe,"OOpNQFnm St, SKogrYxDIx, BLR 325506",123943.25,02-07-2001,28-09-1973,50,Female,4,11597.675,29251.81326,18383.40759,146409.3307,None,Married,23,29,IT,IT Manager
1941,gFTHICOi,"YAOJpiJI St, RmeokKCZEg, DEL 546793",62579.17,18-10-2023,19-08-1995,28,Other,1,8430.083,14769.29316,9281.81558,76496.73058,Medical,Married,0,7,IT,Software Engineer II
1942,nFUnMJIs,"hhIpZhvk St, DXOXKDcyuZ, HYD 489418",97764.56,17-05-2010,28-07-1979,44,Other,2,4764.544,23073.38764,14500.55372,111101.9379,Medical,Married,14,23,Marketing,Senior Marketing Executive
1943,pbIhraoq,"zQlfPFrW St, UYBeACQOYF, BLR 759265",55542.68,04-12-2017,22-10-1996,27,Female,0,5190.732,13108.61304,8238.155165,65603.86988,Both,Single,6,6,Sales,Sales Representative
1944,pGwyXEii,"vDdPuVRR St, rNwXygJigk, DEL 996449",76480.94,04-03-2018,13-07-1983,41,Male,3,9371.906,18050.24618,11343.74234,92559.34984,Both,Married,6,20,IT,QA Lead
1945,pLTFMyky,"uXoMcAHS St, frOTZpVexq, PUN 334575",100418.33,04-03-2011,05-04-1990,34,Other,3,8180.167,23699.70319,14894.16398,117404.0362,Medical,Divorced,13,13,IT,Software Engineer III
1946,yFyqFSRa,"eRzhGvMh St, vjlIUmDXcd, KOL 841564",65080.16,18-04-2022,15-01-1995,29,Female,4,8191.984,15359.55114,9652.765337,78978.92981,Both,Married,2,8,Human Resources,HR Executive
1947,nIYbxrIa,"BRxyjrGs St, ZklfJslUqV, PUN 828685",134062.41,05-07-1991,13-01-1969,55,Female,3,11287.759,31640.0335,19884.29322,157105.9093,None,Married,33,34,IT,Technical Lead
1948,LnMVoeyJ,"qBfKIuxA St, hKNyBWfJvV, KOL 366944",18015.67,17-09-2023,14-08-2002,21,Female,0,5459.433,4251.873455,2672.105215,25054.87124,Medical,Single,0,0,Human Resources,HR Representative
1949,kHUCKLcK,"SgRSmytQ St, vWtFUCPEQU, MUB 147435",121002.02,02-10-2021,03-07-1974,50,Female,2,9618.798,28557.65436,17947.16092,141231.3114,Both,Widowed,2,29,Marketing,Marketing Director
1950,zvgYnVhx,"fOihjZwO St, mdcXYjrvRc, CHN 165199",40285.92,20-05-2023,27-09-2001,22,Male,0,6254.408,9507.869197,5975.254704,50072.94249,Both,Single,1,1,Finance,Accounts Intern
1951,oyJneYqE,"AXICyOcJ St, KAOUaBJuGE, MUB 592436",103989.18,03-02-2023,16-08-1990,33,Other,2,8352.082,24542.45854,15423.79662,121459.9239,None,Divorced,1,12,IT,QA Lead
1952,fLbrXWJK,"KBBqnSaV St, OzBpQTFnCO, DEL 393847",82248.09,06-12-2013,24-02-1992,32,Male,3,8859.191,19411.34971,12199.13276,98319.49794,Both,Married,10,11,Human Resources,ERP Head
1953,mWCghnuN,"DgRLqXKw St, hPLpkFVjIc, KOL 824383",64048.37,27-09-2016,07-01-1993,31,Other,3,9595.163,15116.03866,9499.729039,79259.84262,Life,Married,7,10,IT,Software Engineer II
1954,IEFHvIOS,"wuegSngA St, XBuHZtMDyB, AMD 264693",66104.4,12-01-2023,04-04-1994,30,Female,3,8918.56,15601.28175,9804.68181,80819.55994,Both,Married,1,9,IT,Software Engineer II
1955,uEMYvXNa,"gUTiOdot St, hPRqOErbES, KOL 953188",82018.17,28-04-2010,03-07-1984,40,Female,3,5497.183,19357.08635,12165.03076,94707.40859,Medical,Married,14,19,Human Resources,Senior HR
1956,ErZavUgM,"nopetRbD St, inYKoCHESh, HYD 483873",136054.23,28-11-1990,01-08-1966,57,Female,2,9810.577,32110.12241,20179.72229,157795.2071,Medical,Married,33,36,Sales,Sales Director
1957,DnVoBFXo,"zLINEpGV St, OsXSRuEmvj, BLR 256374",101947.26,02-09-2007,02-11-1984,39,Other,3,13919.274,24060.54555,15120.93667,124806.1429,Life,Married,16,18,Human Resources,Senior HR
1958,ufubBBEc,"vRGSUhYs St, jTiInJuHQK, PUN 646604",94203.72,28-12-2019,18-10-1987,36,Other,2,5708.628,22232.99474,13972.40577,108172.937,None,Married,4,15,Marketing,Regional Marketing Manager
1959,vhitZYiW,"RmCqvAiQ St, ebcGAIeUVn, DEL 261874",139022.43,17-03-2004,05-05-1975,49,Female,2,10816.757,32810.6465,20619.96918,162029.8643,Medical,Married,20,28,Human Resources,Recruitment Manager
1960,oKwjeRId,"WwxwOGeL St, dauAQDbHPR, MUB 301389",87214.9,03-04-2002,04-06-1980,44,Male,1,7485.51,20583.56521,12935.81582,102348.1594,Life,Married,22,23,Marketing,Regional Marketing Manager
1961,NMjvhpAF,"QODcKNrd St, RFgnvBKwEr, DEL 631665",103723.51,15-08-2014,25-06-1989,35,Male,2,7902.649,24479.75783,15384.39214,120721.5247,Medical,Divorced,9,14,Sales,Senior Executive
1962,DKwrsBlO,"nQtVeNlY St, YBFokBKUln, BLR 282442",51675.62,06-10-2017,22-02-1996,28,Female,4,7731.438,12195.94925,7664.588309,63938.41894,Medical,Married,6,7,Human Resources,HR Associate
1963,btMsiAWB,"YmuCQKYY St, sZIaHfjzhi, DEL 599437",103822.52,22-03-2011,06-12-1980,43,Other,2,8092.748,24503.12516,15399.07742,121019.3157,None,Divorced,13,22,Human Resources,ERP Head
1964,EgclcNZu,"tikxADyH St, hBeCZWjJzO, PUN 360698",130936.23,05-10-1989,05-08-1964,59,Other,1,4906.377,30902.2246,19420.61455,147324.217,None,Widowed,34,38,Sales,National Sales Manager
1965,glMcgeiH,"EeSYDJaF St, lqeTiMXqYs, KOL 922769",149463.26,02-09-1993,28-09-1971,52,Male,1,3154.674,35274.78399,22168.56528,165724.1527,Medical,Married,30,31,Sales,Sales Director
1966,naetjZdu,"RyUxDcxI St, kRLdXNPsKq, PUN 614504",147648.26,04-02-2001,21-03-1975,49,Female,4,9082.174,34846.42633,21899.36236,169677.498,Both,Married,23,28,Human Resources,HR Director
1967,YsBDiXpL,"xrrTrGlU St, mfSYsKFcLU, CHN 830049",25241.4,15-01-2022,03-12-1999,24,Male,4,6010.86,5957.216058,3743.833927,33465.64213,None,Married,2,3,Sales,Business Development Representative
1968,QuPNCYBj,"dJcBzjJd St, HMmnsNrxOP, MUB 627922",65885.56,04-01-2018,16-01-1996,28,Male,0,8293.444,15549.63338,9772.223206,79956.41418,Life,Single,6,7,IT,Software Engineer II
1969,HXNBMYtM,"wArPyMlt St, bXdnboLKur, CHN 814695",133025.38,22-08-1995,22-07-1968,55,Other,2,9014.462,31395.28433,19730.47972,153704.6466,Both,Married,28,34,Marketing,Marketing Director
1970,lmuOJWir,"sdpcjluL St, NnfgJinshB, HYD 169418",77135.54,13-12-2006,27-08-1982,41,Male,2,5700.446,18204.73815,11440.83338,89599.89077,Both,Divorced,17,20,IT,QA Lead
1971,VccJidqZ,"gTWfdSAL St, zhJXEkzesV, PUN 969187",146138.56,02-09-2005,14-09-1971,52,Female,3,7632.144,34490.12243,21675.44189,166585.3845,Both,Married,18,31,Finance,Account Director
1972,HdkkQDzK,"WwdTjABr St, XJvWTzPluZ, AMD 180135",109719.71,27-02-2013,21-09-1981,42,Male,1,12608.029,25894.91939,16273.75553,131948.9029,Both,Married,11,21,Marketing,Regional Marketing Manager
1973,MVidINmj,"oDNjsFqN St, JyqVfjCWEV, BLR 656902",46706.32,18-06-2023,12-01-1995,29,Other,2,7610.368,11023.14608,6927.53593,58412.29815,Medical,Married,1,8,Human Resources,HR Executive
1974,okOZpnnE,"RziuAvqV St, rUIpbFcZsL, AMD 365904",41475.55,13-03-2023,21-12-2001,22,Female,0,7696.445,9788.633455,6151.702015,52808.92644,None,Single,1,1,IT,QA Engineer I
1975,MXnpHfGh,"RqAaVBAH St, dChZHiavtX, DEL 674002",115586.01,20-08-2021,10-04-1966,58,Other,4,10583.399,27279.42328,17143.85199,136304.9803,Both,Married,2,37,Marketing,Marketing Director
1976,veKXrGWX,"FondPTdw St, ayxLccgJkg, PUN 191622",124718.72,14-03-2012,27-02-1965,59,Female,1,10023.128,29434.83173,18498.42621,145678.2535,Both,Widowed,12,38,Marketing,Marketing Director
1977,aGcBibsq,"zgnVRvhh St, coBQWaMYuE, BLR 526526",144545.02,08-01-2010,25-07-1976,47,Male,3,9727.498,34114.03148,21439.08618,166947.4633,Medical,Married,14,26,Human Resources,HR Director
1978,aMssQhCz,"drESZGYT St, yAtVipWINL, PUN 857311",49386.62,09-10-2019,22-12-1998,25,Other,3,8058.338,11655.72297,7325.081156,61775.59981,Life,Married,4,4,Sales,Sales Representative
1979,oLcuPuMS,"CveHwuyE St, iqnoACDXhP, CHN 804653",74994.4,27-12-2018,08-09-1994,29,Other,1,10236.56,17699.40827,11123.25699,91807.11128,None,Married,5,8,Finance,Account Associate
1980,mmZPXNZX,"toUfZNbg St, YlnlArXdwp, MUB 866821",108883.34,06-04-2009,20-01-1985,39,Male,1,13533.666,25697.52793,16149.70415,131964.8298,Both,Married,15,18,Human Resources,ERP Head
1981,PHaverfH,"vbcsZzfh St, zeGuIptsaM, KOL 354086",63992.7,17-06-2019,03-11-1998,25,Other,0,7641.73,15102.9,9491.472,77245.858,Medical,Single,5,4,Finance,Account Executive
1982,eTaJtiJr,"LHcPYdpe St, xoPWjGdFYh, KOL 178542",119696.69,16-12-2017,15-05-1975,49,Other,3,11368.331,28249.58377,17753.55285,141561.0519,Medical,Divorced,6,28,IT,Technical Lead
1983,OqajuACG,"qKHROWUU St, KICIFnfHgR, KOL 198549",88111.15,06-11-2014,03-03-1979,45,Male,,6976.885,20795.08893,13068.74867,102814.3753,Life,,9,24,IT,QA Lead
1984,TMEWUDSB,"ZZSMcvnj St, quFfmrKCWm, HYD 460620",75936.39,11-12-2017,12-06-1989,35,Other,2,8181.361,17921.72708,11262.97405,90776.50403,Both,Married,6,14,Finance,Regional Account Head
1985,MbzrRptQ,"MLxjYgoF St, oYZCocSTNG, PUN 132227",92030.97,21-12-2013,04-10-1991,32,Male,2,7641.903,21720.2046,13650.14095,107742.9366,None,Married,10,11,IT,QA Lead
1986,kzdaAlOE,"NCmCyfbt St, LtUlnqMxLG, KOL 169025",45574.64,03-04-2018,06-02-1994,30,Other,1,7451.536,10756.05859,6759.683831,57022.55076,Both,Married,6,9,Finance,Account Associate
1987,FBdeNnVO,"SnJapGby St, glTrncCnKV, BLR 771566",99682.49,22-04-2003,01-11-1979,44,Female,1,4244.751,23526.03779,14785.02333,112668.2555,Life,Married,21,23,Sales,Regional Sales Manager
1988,CFRrlJjl,"rchUigEe St, RqvOoJjOJW, PUN 784636",46908.85,18-06-2017,27-11-1993,30,Male,3,6819.115,11070.94513,6957.575416,57841.33472,Life,Married,7,9,Marketing,Marketing Associate
1989,HQPAAxMz,"JkAqzgvn St, nIhzHUhNlC, DEL 355896",113869.9,22-06-2020,02-04-1976,48,Other,2,12518.01,26874.40462,16889.31655,136372.9981,Life,Married,4,27,Sales,National Sales Manager
1990,vRGOBDcI,"aNcEPgzv St, tusJlNaCax, DEL 788263",60136.28,24-01-2023,22-07-1998,25,Female,4,9776.372,14192.74735,8919.483282,75185.91607,Both,Married,1,4,IT,Software Engineer II
1991,bCjBvHbc,"RoZpOqvh St, HFlLnRzNgQ, MUB 464275",135604.7,24-09-1994,11-06-1971,53,Female,3,9631.53,32004.02895,20113.04747,157127.2115,Life,Married,29,32,Finance,Account Director
1992,YHTbvDdk,"ybhiHTQD St, JyGtyFGEaL, HYD 739751",143018.28,03-04-2001,14-01-1970,54,Male,2,7901.172,33753.70599,21212.63832,163460.5197,Both,Married,23,33,Human Resources,Recruitment Manager
1993,ggkkWjDv,"WZqppVaD St, AXdErPrFJa, BLR 461829",87209.71,10-03-2009,28-09-1987,36,Other,4,7485.029,20582.34032,12935.04604,102342.0333,Life,Married,15,15,Human Resources,Senior HR
1994,LKagHnLK,"snLqwvnW St, ellYEYbSoG, KOL 934829",84671.77,24-04-2004,26-03-1978,46,Male,2,5360.823,19983.36178,12558.61581,97457.33896,Medical,Married,20,25,Finance,Senior Account Executive
1995,usMCmamH,"CigxQfWw St, EsfcTDsjHJ, DEL 728672",93280.44,13-03-2023,23-09-1991,32,Other,1,5594.956,22015.09168,13835.4638,107055.0239,Both,Married,1,11,Human Resources,Senior HR
1996,oRJwpCsP,"lUIWmqbM St, VERoEvWdxP, AMD 229437",107481.56,10-05-2023,26-05-1983,41,Male,3,9546.844,25366.69421,15941.79051,126453.3077,None,Married,1,20,Human Resources,ERP Head
1997,acvvwpFx,"tZfSSCOL St, MuFLeUZcsy, DEL 329857",127410.7,10-03-2016,21-09-1975,48,Female,2,12257.93,30070.16521,18897.70382,150841.0914,Life,Married,8,27,Human Resources,HR Director
1998,klWJuyww,"igvhQBIZ St, gJhjcKYkGI, KOL 885482",133987.03,07-03-1996,15-06-1964,60,Male,3,7338.297,31622.24309,19873.11277,153074.4573,Both,Married,28,39,IT,IT Manager
1999,ZcmDUNib,"uZzkZRPJ St, GGPlpFyFkx, CHN 439758",142508.73,14-05-1987,06-03-1964,60,Male,1,9840.127,33633.44723,21137.06127,164845.243,None,Widowed,37,39,Marketing,National Marketing Manager
2000,WhrpeCsY,"KIQpSCez St, AyxzcfaKGg, MUB 343002",118711.27,14-01-2005,15-08-1965,58,Female,4,8079.873,28017.01506,17607.39421,137200.7639,Both,Married,19,37,Finance,Account Director
2001,KEXMvenN,"GCoZchWR St, dqXsYQRFji, KOL 234685",54047.26,22-04-2023,15-02-1998,26,Male,1,5495.274,12755.67937,8016.352724,64281.86064,Both,Married,1,5,Sales,Sales Executive
2002,YDqcmnTQ,"fDtKwmof St, MnuDGiYDEX, KOL 943593",46571.51,16-07-2020,18-12-1995,28,Male,2,8305.849,10991.32961,6907.540753,58961.14786,Life,Married,4,7,IT,Software Engineer II
2003,SYkGVdGa,"vDnJRLOk St, LASnenbDoX, PUN 635110",139297.1,02-09-1998,25-03-1973,51,Male,2,10235.29,32875.47129,20660.70855,161747.1527,None,Widowed,25,30,Sales,Sales Director
2004,sdAYGyYL,"hgsdpnRW St, wNFliEyvhg, MUB 694799",71770.4,14-04-2018,07-01-1995,29,Female,0,7640.96,16938.5129,10645.06955,85704.80335,Both,Single,6,8,Human Resources,HR Associate
2005,BJHaNtVi,"SXyuaPVo St, ECFGHpZnzB, MUB 184718",47014.71,12-03-2018,01-05-1995,29,Other,3,6333.529,11095.92912,6973.276695,57470.89143,None,Married,6,8,Finance,Account Associate
2006,HQwdiNCK,"GzfmQGcF St, AccKpHCvUZ, KOL 276356",94266.84,15-10-2023,09-04-1978,46,Male,4,5784.316,22247.89168,13981.7678,108317.2799,None,Married,0,25,IT,QA Lead
2007,hFdCojaj,"AeoUGqGC St, siJZqLKicM, CHN 916312",94304.27,28-01-2020,27-04-1991,33,Male,1,5909.573,22256.72552,13987.31946,108483.2491,None,Married,4,12,Human Resources,ERP Head
2008,SfoLZawD,"EjNKscMb St, vnReKeDoCy, DEL 134621",129498.35,07-06-2000,21-05-1974,50,Female,4,8834.165,30562.87092,19207.34651,149688.0394,None,Married,24,29,Sales,National Sales Manager
2009,iFaHWRqo,"KunYJylB St, ZuhWdiTDDf, PUN 841613",103558.71,11-03-2009,27-06-1978,46,Female,1,8925.129,24440.86343,15359.94881,121564.7536,Both,Married,15,25,Human Resources,Senior HR
2010,vMziOktF,"qVoFvYsJ St, dOsqnyAAqB, HYD 673982",91579.62,15-07-2022,16-11-1987,36,Female,4,4586.038,21613.68161,13583.19619,104196.1434,Medical,Married,2,15,Marketing,Regional Marketing Manager
2011,ntXjgdcX,"CtCCpeGE St, wezQKCHQwl, HYD 847772",59363.61,28-04-2020,11-11-1994,29,Other,1,6184.639,14010.38971,8804.879965,70753.75874,None,Married,4,8,Human Resources,HR Associate
2012,xiSzRWvG,"zXVAnxoD St, OlWhuoLZdO, HYD 333995",60292.06,12-09-2017,03-04-1994,30,Female,0,9848.794,14229.51294,8942.588753,75427.77819,None,Single,6,9,Sales,Sales Executive
2013,WzCGQewo,"BBcCpoBH St, pesdYNcAob, CHN 537720",118043.43,19-08-2007,10-03-1969,55,Male,3,12350.657,27859.39832,17508.3394,140745.1459,Both,Divorced,16,34,Finance,National Account Head
2014,IVBYjRAF,"octFqyrO St, XRPufHbdLF, HYD 872801",86971.21,16-07-2019,06-09-1985,38,Other,3,6774.879,20526.052,12899.67144,101372.4696,Both,Married,5,17,Human Resources,Senior HR
2015,xcVUNYIC,"zAyKuCYL St, zMyiGdYGOc, PUN 988628",59730.95,23-07-2020,06-12-1998,25,Female,1,6327.905,14097.08552,8859.364263,71296.57626,None,Married,3,4,IT,Software Engineer II
2016,lXlbLhBU,"LFftfcIP St, RxaCkPaqDS, DEL 413394",141528.56,12-08-1997,18-02-1969,55,Other,3,10668.144,33402.11757,20991.68131,164607.1403,Both,Married,26,34,IT,Technical Lead
2017,vAzWmCtB,"XfNjsnHN St, HnSNhSBgsg, AMD 668163",125140.97,01-07-1993,22-11-1967,56,Other,2,11049.903,29534.48684,18561.05482,147164.305,Life,Widowed,31,35,Sales,National Sales Manager
2018,tpjjvRIc,"rKzgJnqQ St, YvICEACuqR, DEL 738698",98244.9,21-05-2014,22-11-1988,35,Male,1,6656.51,23186.75255,14571.79831,113516.3642,Life,Married,10,14,Human Resources,Senior HR
2019,yJJJNEcO,"kuUgtKEs St, XbqXwSgRNu, BLR 737375",102990.94,17-02-2022,18-11-1990,33,Female,2,11613.906,24306.86418,15275.7365,123635.9737,Medical,Married,2,12,IT,QA Lead
2020,RcRKxdpH,"RWyvgpvT St, zhzCfovtUg, DEL 158831",99720.26,04-09-2017,03-11-1979,44,Male,1,4785.974,23534.95187,14790.62542,113250.5604,None,Divorced,6,23,IT,Software Engineer III
2021,tUsIeQxz,"EFwwyCsj St, MrDuyYfKnh, BLR 344433",59285.82,20-11-2015,05-11-1993,30,Female,0,4314.418,13992.03051,8793.342061,68798.92645,Both,Single,8,9,Marketing,Marketing Associate
2022,qhFhORyQ,"FDCVUXik St, qFUCOcVzIW, AMD 372383",79122.15,07-07-2008,10-02-1982,42,Female,2,6140.785,18673.59745,11735.48969,92201.04275,Medical,Divorced,16,21,Human Resources,Senior HR
2023,DXpBEGpL,"RTgCXIrv St, mvyJQHTGaK, AMD 538044",110584.11,02-06-2017,23-02-1976,48,Male,3,9778.589,26098.9262,16401.96434,130059.6609,None,Married,7,27,Human Resources,HR Director
2024,dnNNgHNw,"KVQBwcbp St, pVTnBRMsBK, AMD 445244",130125.54,13-04-2013,04-06-1969,55,Other,2,8567.446,30710.89387,19300.37206,150103.5078,Medical,Widowed,11,34,IT,IT Manager
2025,hOwoCclc,"TRyXfaOz St, OqOHlXdAms, HYD 476926",80274.42,13-07-2014,27-08-1980,43,Other,1,6620.558,18945.54438,11906.39573,93934.12665,Both,Married,10,22,Sales,Senior Executive
2026,cVDvZjrD,"yHyQYlAH St, BHEacduRnj, MUB 356184",94465.93,24-07-2010,19-01-1987,37,Male,3,5171.407,22294.87886,14011.29706,107920.9188,Medical,Married,13,16,IT,QA Lead
2027,vFgNsymu,"wEmSHItD St, EhgMClNQZv, BLR 221392",79027.05,10-05-2008,16-07-1986,38,Other,3,10091.295,18651.15292,11721.38435,96048.11357,Medical,Married,16,17,Marketing,Regional Marketing Manager
2028,hsOdGgny,"SWOJYiHX St, mdYQvaYIkI, MUB 946869",54754.06,26-12-2024,12-07-1998,26,Other,0,5070.594,12922.49105,8121.186126,64625.95892,Medical,Single,-1,5,Marketing,Marketing Representative
2029,pGykHkoG,"sbpXeWCs St, ZjApzUQDeT, HYD 307745",124141.1,25-06-2002,24-12-1976,47,Male,2,5709.89,29298.50779,18412.75293,140736.7449,Both,Widowed,22,26,Finance,National Account Head
2030,LhLmBrZq,"KrMTmSjI St, naLvtDBJPV, AMD 244904",19979.85,22-08-2020,04-08-1999,24,Other,1,6162.015,4715.439051,2963.434686,27893.86936,Medical,Married,3,3,Sales,Business Development Representative
2031,cLKhgdME,"VutHdHIO St, rEpfcKOqzC, MUB 824203",107340.67,14-05-2011,22-09-1983,40,Female,2,13993.933,25333.4428,15920.89354,130747.1523,Both,Married,13,19,IT,QA Lead
2032,llvBgkpw,"HCstsNta St, UuZhzhmFuZ, HYD 235701",93769.71,06-10-2019,02-01-1992,32,Female,2,6898.029,22130.56416,13908.0329,108890.2703,Both,Married,4,11,Marketing,Regional Marketing Manager
2033,ASXxXEkV,"lcXnEDhI St, DWSpfeBcro, AMD 662887",57482.13,05-10-2016,24-04-1994,30,Other,0,4943.787,13566.34212,8525.816654,67466.44246,Both,Single,7,9,Marketing,Marketing Representative
2034,bvXDjrQI,"INjuVROr St, qEwvltXrHZ, PUN 509548",108025.01,17-06-2005,28-02-1982,42,Other,4,9469.499,25494.9537,16022.39564,126967.0671,Life,Married,19,21,Marketing,Regional Marketing Manager
2035,WMVkfXCq,"GPmpyvoi St, waxsmZUwze, CHN 400863",110553.04,17-07-2000,11-01-1969,55,Other,1,12171.696,26091.59338,16397.35601,132418.9734,Both,Divorced,24,34,Finance,Account Director
2036,Obzxnzkf,"XxRSLkdh St, WkmHJIchbc, MUB 219862",67337.46,18-04-2022,17-04-1999,25,Female,2,9685.254,15892.29591,9987.570709,82927.4392,Life,Married,2,4,Finance,Account Executive
2037,DwkcMcjv,"XRPpKkhL St, vxQVJozBBd, DEL 443719",27474.21,20-10-2022,02-06-2001,23,Male,0,5485.579,6484.180949,4075.006914,35368.96304,Life,Single,1,2,Finance,Accounts Intern
2038,KuwNvWPg,"eYjldqPZ St, rswengoqqt, CHN 457547",47974.07,09-03-2023,03-06-1999,25,Male,0,7916.593,11322.34742,7115.570091,60097.44033,Both,Single,1,4,Finance,Account Associate
2039,RNjkSluE,"ZKMKjUcJ St, XWJwNiTUCZ, HYD 824599",97280.6,10-04-2020,08-08-1988,35,Other,2,6833.94,22959.16837,14428.7722,112644.9362,Medical,Married,4,14,Human Resources,ERP Head
2040,PokeRBMT,"HQDXXqTW St, YjggHMSQIY, DEL 402608",95412.75,24-09-2007,12-10-1980,43,Other,3,4909.725,22518.33759,14151.73051,108689.0821,None,Married,16,22,Human Resources,ERP Head
2041,DCfFvCDR,"SbPkgDpW St, itEhTUNGhC, HYD 190572",98829.81,05-11-2017,18-03-1991,33,Female,2,4405.019,23324.79701,14658.55284,111901.0732,Both,Married,6,12,Finance,Regional Account Head
2042,wZIJIAnw,"tSEbQXSY St, LLAKvTCgPv, HYD 645650",60082.84,11-08-2017,07-06-1996,28,Male,2,11223.716,14180.13499,8911.556999,76575.13399,Both,Married,6,7,Human Resources,HR Executive
2043,gvFzsxha,"PrhNRNIm St, ZoxDZTdjOR, BLR 943906",135952.74,20-04-2007,15-04-1969,55,Female,4,9795.726,32086.16978,20164.66917,157669.9666,Life,Married,17,34,Sales,National Sales Manager
2044,CMXlOROY,"JurCwOov St, ztHhJJnznk, AMD 548413",128945.88,18-09-1991,03-02-1970,54,Male,2,8773.412,30432.48263,19125.40352,149026.3711,Medical,Widowed,32,33,Human Resources,Recruitment Manager
2045,DrLaHPaK,"laryDHxx St, mQEuTCnJzL, AMD 700308",108407.41,11-09-2023,10-10-1985,38,Other,3,13034.259,25585.20382,16079.11366,130947.7592,None,Married,0,17,IT,Software Engineer III
2046,AnHlwZfn,"SOxgsWWs St, IEXZYAiafB, AMD 393796",19771.63,01-10-2021,13-10-1999,24,Female,4,5753.837,4666.297105,2932.551253,27259.21285,None,Married,2,3,Marketing,Marketing Development Representative
2047,faTLESsK,"qaMlVWss St, ULvWqqmMWg, HYD 414535",90922.93,18-02-2006,03-07-1982,42,Male,3,7172.707,21458.69637,13485.79516,106068.5382,Medical,Married,18,21,Sales,Regional Sales Manager
2048,RRkDDIxe,"hgNBDxJu St, HFNdrRFPNK, CHN 152318",41451.5,26-04-2022,19-09-2000,23,Male,0,7651.85,9782.957421,6148.134891,52738.17253,None,Single,2,2,Human Resources,HR Intern
2049,NOFZhkiR,"NqRTEWjx St, mJbFgWuClA, BLR 878276",108084.3,07-12-2016,20-08-1980,43,Female,3,11225.57,25508.94672,16031.18961,128787.6271,Medical,Married,7,22,Sales,Regional Sales Manager
2050,NUCDhmNp,"nHapLEwh St, eoUzuoKIjl, MUB 735154",113516.55,28-06-1999,03-10-1967,56,Other,4,12681.345,26791.01058,16836.90727,136151.9983,Medical,Married,25,35,Marketing,National Marketing Manager
2051,CiUSAlFB,"QhbQUnww St, eDZislOfdI, DEL 208022",149429.08,04-11-1992,24-11-1968,55,Other,3,6913.092,35266.71718,22163.49566,169445.3935,None,Married,31,34,IT,Technical Lead
2052,ZoNfgDWg,"bfztFbvn St, SxOabHJPIo, HYD 903559",59535.83,27-03-2018,10-12-1993,30,Female,4,5299.417,14051.0353,8830.423836,70055.85847,Both,Married,6,9,Human Resources,HR Associate
2053,KxPWZaZf,"ytSDGlmd St, HcAaaNLpPB, MUB 532710",139691.91,19-09-2014,19-11-1970,53,Other,4,10910.809,32968.65029,20719.26724,162852.1021,Medical,Married,9,32,Human Resources,HR Director
2054,lproAWYi,"LgPfghHH St, bpoakAoAyN, KOL 616078",107725.71,06-08-2012,24-03-1991,33,Male,2,8765.429,25424.31599,15978.00312,125937.4519,Both,Married,11,12,IT,QA Lead
2055,BarvNeUF,"dqcHJnkK St, vlvhCOqzBH, CHN 986488",79582.49,17-07-2016,03-09-1985,38,Female,3,9957.751,18782.24217,11803.76786,96518.71531,None,Married,8,17,IT,Software Engineer III
2056,fEvfvarV,"LEjwMLBP St, LVtWCkMUWt, CHN 764940",25429.44,20-02-2024,05-03-2002,22,Other,0,6068.056,6001.595328,3771.724239,33727.36709,Both,Single,0,1,Human Resources,HR Representative
2057,BYgUOQCb,"GbeCSODX St, zWScxrSIEe, HYD 860922",103847.77,14-01-2009,14-12-1984,39,Male,3,12880.223,24509.0844,15402.82253,125834.2549,Both,Married,15,18,Marketing,Regional Marketing Manager
2058,fqSgceWT,"ljhSqDlG St, wCwcdmYtZD, MUB 144189",133022.22,07-09-2017,04-11-1971,52,Female,3,5099.778,31394.53854,19730.01102,149786.5255,Medical,Married,6,31,IT,Technical Lead
2059,DfkKSZdQ,"hKnjYBLa St, TqBMBwbdSk, BLR 768426",110916.63,03-02-1999,17-12-1974,49,Male,2,11549.337,26177.40416,16451.2841,132192.0871,Medical,Widowed,25,28,Marketing,National Marketing Manager
2060,JiEGBgkg,"HoAkyTtE St, zrMOcwFjEx, KOL 898112",93895.1,06-11-2002,19-12-1979,44,Female,2,5807.49,22160.15742,13926.63089,107936.1165,Life,Divorced,21,23,Finance,Senior Account Executive
2061,GrVqNjGQ,"BkKtsYSd St, SfgpJFghdp, AMD 945338",56704.03,01-12-2015,04-08-1992,31,Female,3,5628.597,13382.70294,8410.407953,67304.92199,Both,Married,8,10,Sales,Sales Executive
2062,uGfVMPiF,"RKDgyYVm St, QVXGSSpgrO, KOL 739432",58844.07,20-10-2016,11-08-1993,30,Female,0,6849.593,13887.77321,8727.821185,70853.61503,None,Single,7,9,Finance,Account Executive
2063,cQSifUJD,"AbipoUPP St, gbTIYbQlAC, BLR 417460",104228.67,24-10-2004,09-12-1980,43,Other,3,10451.133,24598.98051,15459.31806,123819.4654,Life,Married,19,22,Human Resources,ERP Head
2064,ztNZLFIm,"CZrgSqqR St, ASBIKmMWrD, BLR 504595",92883.4,27-12-2009,05-01-1980,44,Male,2,6741.66,21921.38637,13776.57436,107769.872,None,Divorced,14,23,Finance,Regional Account Head
2065,IIWJGynh,"EheQxRRb St, nREWPcOeOM, KOL 145643",139648.99,17-04-2016,06-05-1964,60,Other,4,4464.101,32958.52075,20712.90129,156358.7105,Life,Married,8,39,Sales,National Sales Manager
2066,cqPUnADr,"qZlkQuaw St, YemCcwmUuu, DEL 955495",116338.47,15-11-1999,22-03-1971,53,Male,1,12083.153,27457.01117,17255.45774,138623.1764,Medical,Married,24,32,Finance,National Account Head
2067,bWifPCPb,"nvVjNPHo St, EvqMCXosJm, HYD 814026",130623.91,23-11-2022,19-10-1973,50,Male,4,5098.609,30828.51404,19374.29088,147176.7422,Medical,Married,1,29,Finance,National Account Head
2068,KETABpvg,"hQelGZXQ St, xzQwOSyevZ, HYD 476657",63887.62,19-10-2022,14-07-1999,25,Other,4,9975.238,15078.1001,9475.886412,79465.07169,Life,Married,1,4,IT,Software Engineer II
2069,ZhEXBWJw,"HIyzZSFX St, XwabJqqVUW, BLR 970794",144034.6,22-01-2019,20-02-1964,60,Other,1,8684.54,33993.5674,21363.38009,165349.3273,None,Married,5,39,Sales,Sales Director
2070,mzggPwyU,"fXRnlCKS St, nnYAUOZilz, MUB 703653",129229.65,17-05-1987,14-05-1965,59,Male,3,11332.035,30499.45511,19167.49261,151893.6475,None,Married,37,38,Sales,National Sales Manager
2071,dcNihPOK,"nboOsoXI St, nWQPIpJNGG, BLR 296212",122976.02,12-09-2022,14-12-1973,50,Other,4,10310.398,29023.53757,18239.94691,144070.0087,None,Married,1,29,IT,IT Manager
2072,GRHanGoH,"PvydSRBV St, RpPjRDjTdn, CHN 197125",92168.73,18-07-2024,08-06-1990,34,Female,1,4156.127,21752.7173,13670.57368,104407.0006,Both,Divorced,0,13,IT,Software Engineer III
2073,ZCIJheIU,"kynymRho St, dZkIqApgTG, MUB 786623",48196.8,25-01-2020,13-02-1993,31,Female,1,6126.32,11374.91387,7148.605664,58549.4282,Medical,Married,4,10,Sales,Sales Executive
2074,POSLRyxe,"NfmzelUn St, RHuMsvhAVR, CHN 413200",116172.12,24-01-2014,21-11-1967,56,Other,2,11139.788,27417.75095,17230.78451,137498.8744,Medical,Divorced,10,35,IT,IT Manager
2075,lsKKxhsc,"VEFtuYxf St, xEInimxJnN, KOL 702935",119183.52,04-11-2017,05-10-1968,55,Male,3,12414.648,28128.47066,17677.43888,142049.1998,Medical,Married,6,34,Human Resources,Recruitment Manager
2076,ErrrpAeE,"NvyaIIhE St, mFaCDbnMfd, CHN 461098",47922.69,07-07-2021,25-11-1993,30,Other,0,5896.731,11310.22124,7107.949349,58021.69289,Both,Single,3,9,IT,QA Engineer II
2077,vzuokYKY,"nZUUqvTU St, InMEefuncL, DEL 944920",119347.73,25-12-2021,25-12-1971,52,Female,3,12498.227,28167.22582,17701.7947,142311.3881,Life,Married,2,31,Finance,Account Director
2078,PTJnsqkX,"KIuQgobZ St, bvushNLTDR, PUN 500032",107061.43,28-07-2015,06-08-1983,40,Male,2,12880.857,25267.53944,15879.47633,129330.3501,Medical,Divorced,8,19,Marketing,Regional Marketing Manager
2079,xQYGOrHv,"JvUWJMNM St, RNQgndtsol, HYD 946661",137819.29,08-11-2020,20-05-1967,57,Female,4,4660.071,32526.69375,20441.51805,154564.5367,Medical,Married,3,36,Marketing,National Marketing Manager
2080,seyDPSCz,"ayVwlRCi St, srSYyPJUos, CHN 583742",131202.51,12-11-2013,21-03-1965,59,Male,2,5368.749,30965.06927,19460.10951,148076.2188,Life,Divorced,10,38,IT,Technical Lead
2081,AjeUKSNH,"TEIyGByz St, zhjyJjKaLF, HYD 257304",84887.02,28-05-2001,04-03-1979,45,Female,,9391.298,20034.16287,12590.54194,101721.9389,Both,,23,24,Human Resources,ERP Head
2082,dWIfyDUr,"GxdFywwf St, ZaZqqMzDMB, KOL 179135",34599.88,17-03-2022,18-12-1999,24,Male,0,6608.012,8165.908418,5131.89461,44241.90581,Life,Single,2,3,Sales,Sales Development Representative
2083,APYvUyAh,"RyafqZIa St, gquqdrLqwh, BLR 553440",81219.27,05-04-2020,06-07-1986,38,Female,4,9622.073,19168.53818,12046.53698,97963.34419,Both,Married,4,17,Marketing,Regional Marketing Manager
2084,AWYqaHJl,"wZZbTsgO St, lRpcyfNRuR, AMD 226657",93324.68,25-07-2011,27-12-1988,35,Other,3,7044.532,22025.53275,13842.02553,108552.7192,Both,Married,12,14,Sales,Senior Executive
2085,WClpdeWm,"jJTxIjbW St, VVUNiSxQEw, KOL 289695",68076.07,28-10-2022,01-03-1994,30,Male,0,8447.393,16066.61506,10097.12221,82492.95585,Medical,Single,1,9,Marketing,Marketing Representative
2086,xgBLGzcj,"ChqPSbia St, oGTURCIVBL, HYD 488600",65438.59,24-11-2023,28-02-1994,30,Male,0,7742.141,15444.14411,9705.928093,78918.94702,Life,Single,0,9,Marketing,Marketing Representative
2087,zaluXHCI,"rYRuwqmi St, cacBsFTzbn, KOL 696756",22023.52,19-03-2024,12-07-2000,24,Male,1,6610.648,5197.765061,3266.554207,30565.37885,Life,Married,0,3,Marketing,Marketing Intern
2088,dQDONSqA,"NNGGHmCZ St, cxXxpVqNUt, PUN 891207",72947.33,06-10-2019,12-11-1993,30,Other,4,10361.267,17216.27983,10819.63318,89705.24365,Life,Married,4,9,Marketing,Marketing Representative
2089,qBrOSnAw,"hKBIrfAZ St, FRgywAAaDZ, MUB 137306",112986.7,23-12-2001,21-04-1967,57,Female,3,11777.33,26665.96083,16758.3193,134671.6715,Both,Divorced,22,36,Finance,National Account Head
2090,ixjuVrVL,"sZEbYqWQ St, uIKjMmQLaQ, AMD 569102",74527.95,27-03-2019,04-06-1995,29,Female,2,7291.205,17589.32153,11054.07258,88354.40395,Medical,Married,5,8,Finance,Account Executive
2091,TYqeBElJ,"pYlxOJGo St, gQkSZndUNA, HYD 954041",86832.33,27-11-2021,19-12-1990,33,Male,2,6649.767,20493.27496,12879.0726,101096.2994,Both,Married,2,12,IT,QA Lead
2092,cAuqRgfm,"kKuhGiQL St, PeBbCvIasd, HYD 328602",37658.78,06-08-2023,28-03-2000,24,Male,0,8002.122,8887.838589,5585.594231,48963.14636,None,Single,0,3,IT,QA Engineer I
2093,kTcNjsvX,"iNGEYecJ St, QLwfPGEKEy, PUN 360381",106090.78,02-10-2011,25-10-1989,34,Male,2,13091.922,25038.45659,15735.50839,128485.6502,None,Married,12,13,IT,QA Lead
2094,JmFGNODY,"PJvzSqGq St, nUzxsznTKA, HYD 566457",62699.69,27-04-2024,10-01-1993,31,Other,1,11705.031,14797.73706,9299.691247,79902.76681,Medical,Married,0,10,Marketing,Marketing Representative
2095,WCtQxAtr,"lKsrOWKQ St, DktvKLpshp, BLR 619290",149420.59,17-10-2001,01-03-1975,49,Other,2,8054.941,35264.71345,22162.23641,170578.008,Medical,Divorced,22,28,Finance,Account Director
2096,LblQkftu,"lrvlyVMS St, mEehRSGoYK, AMD 748077",35561.85,23-08-2023,13-04-2002,22,Other,0,7262.815,8392.942701,5274.575124,45943.03258,Both,Single,0,1,Sales,Business Development Representative
2097,bAfCXcrG,"FaUCinPp St, BgZbYjyleG, MUB 929439",57584.48,04-10-2020,07-12-1996,27,Other,0,5136.552,13590.49771,8540.997326,67770.53239,Both,Single,3,6,Finance,Account Executive
2098,iYsRpTZz,"BBoCSKcs St, SlYXMfiuQu, DEL 706886",86534.8,08-08-2020,16-06-1991,33,Female,3,9310.52,20423.05499,12834.9426,103433.4324,Medical,Married,3,12,Finance,Regional Account Head
2099,vyZAVIyU,"uTefSWwO St, JcfhMHskls, DEL 359559",81046.43,21-10-2013,13-05-1987,37,Male,2,5750.357,19127.74625,12020.90115,93903.6321,Both,Divorced,10,16,Finance,Senior Account Executive
2100,JeWRjwbe,"doVCAXds St, KWwzCMJrMN, BLR 328731",61186.05,06-06-2022,05-05-1999,25,Other,1,7181.395,14440.50328,9075.186394,73732.76189,Life,Married,2,4,Finance,Account Associate
2101,ccPeINPB,"kPhKbLXT St, YTqhVgLcuq, MUB 552676",88014.45,03-07-2021,15-09-1990,33,Other,4,7798.555,20772.26679,13054.40601,103530.8658,Life,Married,3,12,Sales,Senior Executive
2102,xrMLyWkr,"OcwUYsSG St, iqAGaYDStY, KOL 944419",26204.31,20-08-2022,21-11-2001,22,Male,0,4775.569,6184.47219,3886.653863,33277.69733,Medical,Single,1,1,Finance,Accounts Intern
2103,BflOJTlv,"NvePeeNc St, eHVWrhrgJh, AMD 715856",37589.99,27-04-2024,18-04-2001,23,Other,0,7019.001,8871.603479,5575.391218,47905.20326,Both,Single,0,2,Sales,Sales Development Representative
2104,HiPfBEYQ,"gYnRtVYh St, FGBuYUjjEh, AMD 453153",135293.93,05-02-2002,26-09-1972,51,Female,1,4973.607,31930.68421,20066.95371,152131.2675,None,Widowed,22,30,Finance,National Account Head
2105,QSBkpMPI,"XSKhXgKa St, svZppTiFrX, CHN 610970",125107.65,19-02-1997,05-06-1969,55,Male,1,7642.235,29526.62299,18556.11276,143720.3952,Medical,Widowed,27,34,Finance,National Account Head
2106,SnHccUsu,"FJjXwhxW St, ecVKgiAJkl, CHN 776419",68451.04,23-10-2022,02-02-1994,30,Female,4,8416.896,16155.11163,10152.7382,82870.30943,Both,Married,1,9,Sales,Sales Executive
2107,LTMZTkwG,"JMsEcgcy St, jPZNdvtNrK, PUN 193868",100236.96,05-04-2007,08-09-1984,39,Other,2,11186.304,23656.8981,14867.26297,120212.8991,Both,Married,17,18,Finance,Senior Account Executive
2108,dkdfrwfP,"nnEtyrxa St, zrBvJjLtpe, KOL 481936",34651.62,07-07-2024,01-04-2001,23,Other,0,8823.838,8178.119562,5139.568747,46514.00881,Life,Single,0,2,Human Resources,HR Intern
2109,HCvsfmPO,"zOuCRCdf St, WXGkfYwMjf, BLR 586188",126327.09,28-06-1997,19-09-1969,54,Male,3,7799.291,29814.4227,18736.98152,145203.8222,Both,Married,27,33,Sales,National Sales Manager
2110,QdANMmvd,"bXCEITEM St, lHICYIagCv, DEL 698155",81375.81,03-11-2018,16-09-1990,33,Other,2,8958.419,19205.48314,12069.75518,97469.95696,None,Married,5,12,IT,Software Engineer III
2111,bCbuFQjL,"XqkwxvZY St, PArXftoLxp, CHN 891137",40641.68,19-09-2023,21-11-2002,21,Other,0,6977.832,9591.832019,6028.021442,51183.32258,None,Single,0,0,IT,Software Engineer I
2112,LzdWJFuX,"AIPlfFuY St, qNFrJdzpSz, DEL 258932",29284.43,25-12-2023,26-04-2001,23,Other,0,4910.557,6911.410487,4343.500858,36762.89663,Life,Single,0,2,Sales,Sales Development Representative
2113,OszQuIwb,"vSKxEdBG St, SQkZuuLAQg, PUN 398133",95932.85,09-07-2015,25-11-1986,37,Female,1,5348.715,22641.08625,14228.87235,109693.7789,Both,Divorced,9,16,IT,Software Engineer III
2114,wKubfcwo,"SWCGZkzl St, vLpwAnVQVU, KOL 179021",76408.4,01-11-2008,16-10-1983,40,Male,4,5918.16,18033.12603,11332.98312,89026.70291,Life,Married,15,19,Marketing,Senior Marketing Executive
2115,UwWVijiN,"yJYgKOjp St, ttpvvOCkAH, BLR 641210",133994.15,22-04-2007,23-01-1975,49,Other,4,7269.585,31623.92348,19874.16882,153013.4897,None,Married,17,28,IT,Technical Lead
2116,ZssQMADM,"jlBwsUNX St, snNinyiOZh, AMD 326000",113559.18,18-09-2010,16-02-1976,48,Male,2,9946.082,26801.07168,16843.2302,133463.1035,Life,Married,13,27,Marketing,Marketing Director
2117,ssRzOqRI,"VzovwBWZ St, ieZvhTJpDL, MUB 932334",63122.33,10-07-2019,06-10-1997,26,Male,0,10027.767,14897.48421,9362.377705,78685.2035,Life,Single,5,5,Finance,Account Associate
2118,rwCdvssJ,"GBZfeJYN St, wnzFxRbmAB, KOL 523128",139356.5,17-07-1994,04-12-1966,57,Male,3,9944.35,32889.49027,20669.51883,161520.8214,Both,Married,30,36,Human Resources,Recruitment Manager
2119,gdSnIdYK,"QjjzydMM St, UXyFRTdGqt, PUN 683308",25651.8,06-07-2023,13-07-2001,23,Other,0,5530.82,6054.074453,3804.704934,33431.98952,Medical,Single,1,2,Human Resources,HR Representative
2120,zdtBLLWt,"pzfNWSmA St, jZXYcxDklb, PUN 934567",136564.64,22-09-2015,03-07-1970,54,Other,1,10782.536,32230.58414,20255.4269,159322.3332,Life,Widowed,8,33,IT,IT Manager
2121,lwxHGjgH,"DLvgxlLc St, lRUPBjxEYg, MUB 378577",62681.83,28-07-2019,28-05-1994,30,Female,0,9106.817,14793.52192,9297.042231,77285.12669,Life,Single,4,9,IT,Software Engineer II
2122,atgCNcri,"XSsxeAbW St, KiAurkqaiT, DEL 363909",138930.64,04-04-2006,06-11-1970,53,Female,2,5062.936,32788.98316,20606.35478,156176.2044,None,Divorced,18,32,Sales,Sales Director
2123,xrEKwZMh,"AkFlRLdT St, uiKvbgSDMp, DEL 822123",148295.15,22-01-2006,26-01-1966,58,Female,2,6514.485,34999.09866,21995.30984,167813.4238,None,Widowed,18,37,Human Resources,Recruitment Manager
2124,QZNvOdvx,"kzNDGhuR St, AKVOqZEbml, KOL 452006",78064.52,23-01-2014,15-03-1986,38,Other,2,6490.548,18423.98647,11578.62078,91400.4337,Medical,Married,10,17,Finance,Regional Account Head
2125,qrXBpMzR,"oAgNiHVn St, QBCCUZHtqR, CHN 135470",132339.74,15-10-2011,14-06-1968,56,Male,3,7172.026,31233.46662,19628.78479,151116.4478,Both,Married,12,35,Sales,National Sales Manager
2126,QRAXrHaN,"nInCbQDl St, PHayOfxRWw, MUB 919055",132980.6,25-08-2019,08-02-1976,48,Female,2,5703.94,31384.71582,19723.8379,150345.4179,Life,Widowed,4,27,Sales,Sales Director
2127,wpmuKQbV,"UGrzzlAk St, AOtwiLUHIC, AMD 864786",81030.59,10-02-2010,28-06-1988,36,Male,4,6177.941,19124.00786,12018.55174,94313.98712,Life,Married,14,15,Human Resources,Senior HR
2128,tWkAqoyZ,"zyYwfUQB St, DBtHmcaWSd, MUB 403752",123603.95,20-02-1987,01-06-1965,59,Other,4,7158.605,29171.73516,18333.08222,141601.2079,None,Married,37,38,Finance,National Account Head
2129,DrKuDwio,"gpMvSCiT St, ZkRatQJiCf, AMD 488299",138186.33,20-04-1999,08-03-1972,52,Female,2,9652.367,32613.31876,20495.95785,159956.0579,Both,Widowed,25,31,Sales,Sales Director
2130,JJNdJykh,"YDiVJkrr St, cYWOvkOquT, CHN 957453",131664.84,04-12-1994,27-04-1970,54,Female,1,7469.516,31074.18365,19528.68284,150679.8568,Medical,Married,29,33,Marketing,Marketing Director
2131,wPlJaUqW,"lPMTkXbz St, JBGFePuykj, BLR 626312",93358.16,22-10-2016,26-11-1991,32,Female,2,7596.184,22033.43436,13846.99132,109140.787,Life,Married,7,11,Marketing,Senior Marketing Executive
2132,xcSNLYdi,"QDbNTelo St, MeCDQeXwYI, BLR 606819",56098.76,03-11-2022,27-02-1995,29,Female,1,6670.124,13239.85333,8320.6336,67688.10373,None,Married,1,8,Human Resources,HR Executive
2133,DHeMDWMN,"qkcppaqZ St, KxCguImNpF, MUB 156804",105310.36,27-01-2018,28-05-1988,36,Other,1,9593.964,24854.26988,15619.75559,124138.8383,Both,Married,6,15,Finance,Regional Account Head
2134,QupnZcIt,"xbbNbPoj St, ZEVDCkMOUn, BLR 312152",37485.02,09-12-2023,09-09-2000,23,Other,0,8429.498,8846.829538,5559.821945,49201.52559,Life,Single,0,2,Marketing,Marketing Development Representative
2135,KNyTniUw,"yrNXqvMa St, UwmOBUrkaM, AMD 384471",23340.97,08-10-2020,08-08-1999,24,Female,4,7485.903,5508.696083,3461.95993,32873.60915,None,Married,3,3,Sales,Business Development Representative
2136,ZRmKNuOV,"XLarEeBK St, CryMMaOHWk, PUN 727517",75062.42,25-08-2013,19-03-1979,45,Other,,7296.758,17715.46165,11133.3458,88941.29386,Both,,10,24,IT,QA Lead
2137,PlVRxUng,"snVPxbHv St, TnBaBdggSB, DEL 411375",124745.28,25-08-2010,18-03-1975,49,Male,2,7143.472,29441.10015,18502.36562,142827.4865,Both,Divorced,13,28,Finance,National Account Head
2138,YxvkuwyS,"HNKzFKSd St, yhYsLcLxVF, HYD 895799",94945.82,20-01-2011,21-01-1982,42,Female,3,6478.418,22408.13757,14082.47491,109749.9007,None,Divorced,13,21,Human Resources,ERP Head
2139,bYlJlreu,"ZxXfILNU St, txDtSTCqnm, AMD 468203",144293.94,25-01-2003,13-01-1977,47,Other,3,4079.606,34054.77416,21401.8457,161026.4745,Medical,Married,21,26,Sales,Sales Director
2140,hncSKWet,"JSzgsmdL St, zyFiKbqRoT, PUN 163605",142247.68,02-05-2005,09-04-1973,51,Female,2,4206.232,33571.83689,21098.34203,158927.4069,None,Married,19,30,IT,Technical Lead
2141,xYKxRmcF,"vZUqxlJN St, tKSLenYapA, KOL 317519",117821.25,26-07-1995,06-07-1968,56,Other,1,9362.875,27806.96168,17475.3854,137515.7013,Medical,Widowed,28,35,Sales,National Sales Manager
2142,IomcycCk,"gqKnZInS St, BFWxMuEQgO, DEL 650790",28214.21,21-06-2023,26-09-2002,21,Other,0,4463.579,6658.828151,4184.764578,35151.85257,Life,Single,1,0,Marketing,Marketing Intern
2143,SJDBcwki,"BBfBCMGG St, kjqFqCmoWs, MUB 545653",123510.2,28-08-1994,17-07-1969,55,Female,4,9533.98,29149.60925,18319.17711,143874.6121,Life,Married,29,34,Sales,National Sales Manager
2144,DPEQJPGz,"ocAMfADc St, QPqlWxXfJi, CHN 290840",76556.88,12-11-2017,23-06-1980,44,Male,4,10050.312,18068.16876,11355.00585,93320.35491,Both,Married,6,23,Human Resources,Senior HR
2145,EmRVToSK,"WIsAfOqs St, PKwPIGgzXq, PUN 765556",102086.04,01-03-2006,05-07-1984,40,Female,3,9227.396,24093.29898,15141.52068,120265.2143,None,Married,18,19,Sales,Senior Executive
2146,bigoIulK,"dvpifrbo St, HZBqKnbyLt, MUB 886702",85880.36,02-11-2018,09-08-1986,37,Female,2,5724.964,20268.60078,12737.87529,99136.04949,Life,Married,5,16,Finance,Regional Account Head
2147,PjaxBxNi,"XrtmiAtX St, zzpiOOhGra, CHN 543278",81252.37,15-03-2001,15-05-1978,46,Other,3,9861.763,19176.3501,12051.44641,98239.03669,None,Married,23,25,Finance,Regional Account Head
2148,fmzazogf,"DgKLWHDk St, LdpCJEfAtR, CHN 204522",132381.68,17-04-1988,19-03-1964,60,Female,3,6618.832,31243.36487,19635.00538,150608.8715,Medical,Married,36,39,Sales,Sales Director
2149,QNOUNSCE,"VjcuVKwF St, BekRaSqwQc, PUN 476780",119778.32,13-07-1991,04-11-1968,55,Male,3,9662.168,28268.84925,17765.66031,139943.6769,Both,Married,33,34,Finance,National Account Head
2150,GWOjFLXb,"NEZtDEQt St, wMGLHNtMBm, PUN 894401",111556.84,24-10-1998,11-01-1967,57,Male,1,11083.316,26328.49995,16546.24079,132422.4152,None,Divorced,25,36,Human Resources,HR Director
2151,FIqzYYPt,"bGdXItqq St, bxxyHxJpEV, AMD 617336",56988.38,02-09-2018,21-06-1995,29,Female,0,6670.162,13449.81231,8452.583077,68655.77123,Both,Single,5,8,Finance,Account Executive
2152,TkVtIavF,"jGXoSOJX St, rduMHxkYOl, BLR 948165",100338.06,23-11-2000,22-12-1977,46,Male,4,10053.194,23680.75869,14882.25824,119189.7544,None,Married,23,25,IT,Software Engineer III
2153,FDedGxiF,"OcwYrOSG St, YCfdPguzdW, AMD 781503",26625.6,09-09-2023,27-02-2002,22,Female,0,5990.44,6283.90073,3949.140088,34950.80064,Life,Single,0,1,IT,Software Engineer I
2154,XLjFJIEE,"YiDdydjQ St, IPZHfzqCXb, AMD 166812",76687.42,01-11-2013,10-03-1990,34,Female,2,8502.258,18098.97747,11374.3677,91914.28777,Life,Divorced,10,13,Sales,Regional Sales Manager
2155,RGbPDwep,"KDJUdSKI St, vALhUUTKSB, PUN 135410",133541.68,14-10-1999,07-08-1964,59,Male,4,5470.832,31517.13616,19807.05794,150722.5902,None,Married,24,38,Sales,National Sales Manager
2156,jOGKEXxK,"WNqyPhGw St, iYctZJnDgn, PUN 707313",100109.23,19-04-2017,19-07-1989,34,Other,2,10634.077,23626.75258,14848.31791,119521.7417,Both,Married,7,13,Marketing,Senior Marketing Executive
2157,vhuCsSLz,"onAKskal St, WgxMKQqNSu, HYD 867182",132723.1,21-04-2013,26-04-1972,52,Other,2,4899.69,31323.94331,19685.6452,149261.0881,None,Widowed,11,31,Marketing,National Marketing Manager
2158,wmcrUyPE,"vOdofHQH St, oOpHSJVyyS, PUN 111910",88528.65,27-03-2008,01-12-1981,42,Other,2,5187.135,20893.62299,13130.67276,101478.7352,Life,Married,16,21,IT,Software Engineer III
2159,BzLWDYjs,"Owcfnqee St, WwJMOosyRC, KOL 247015",127962.89,07-11-2020,03-01-1964,60,Other,1,7828.711,30200.48742,18979.60529,147012.4831,Both,Married,3,39,IT,Technical Lead
2160,HGlOWsVR,"NpHibhEO St, EBYbwOKHtP, BLR 262388",135704.75,05-02-1999,11-03-1973,51,Other,1,9559.525,32027.64173,20127.88701,157164.0297,Medical,Married,25,30,Human Resources,HR Director
2161,baeryVdX,"aUPhVxrC St, sEcaelhEZp, HYD 404731",105539.59,02-03-2018,18-06-1982,42,Male,4,10071.041,24908.37039,15653.75525,124865.2461,Both,Married,6,21,Marketing,Senior Marketing Executive
2162,DlpxRZgW,"EmdmuBpy St, bfXYzQMxBA, KOL 916076",80831.53,26-01-2016,19-01-1984,40,Other,3,7105.847,19077.02776,11989.02693,95025.37783,None,Married,8,19,IT,QA Lead
2163,aYIkXUHQ,"bRBMOpkk St, bVIlDNxygE, MUB 988640",80035.34,06-12-2007,07-02-1986,38,Female,4,5960.466,18889.11917,11870.9351,93013.99007,Both,Married,16,17,IT,Software Engineer III
2164,cYBhqZac,"QUoSSzXT St, rXsyiuzdYu, MUB 719654",109755.64,11-11-2023,15-06-1979,45,Other,,9902.436,25903.39922,16279.08471,129282.3905,Life,,0,24,Sales,Senior Executive
2165,VRaiWVEM,"SkAFviuJ St, MIBuZJSYne, PUN 336791",136220.47,02-02-2003,24-05-1974,50,Female,2,9785.953,32149.35667,20204.3792,157951.4005,Both,Widowed,21,29,Human Resources,HR Director
2166,jAtuGinw,"mcZIdGLL St, PXcqCoRbJD, MUB 375270",62440.12,22-07-2024,10-07-1997,27,Female,1,9236.988,14736.47601,9261.191521,77152.39249,Life,Married,-1,6,Sales,Sales Representative
2167,yOTSOtMH,"nvQNOUXv St, plRxCaQZdW, KOL 256537",97325.08,19-12-2015,19-06-1986,38,Male,2,5247.492,22969.66608,14435.36953,111106.8686,Both,Married,8,17,Human Resources,ERP Head
2168,nBrFbQZI,"mxrBBqrU St, uhGCkFgPoU, HYD 304105",83384.82,15-02-2022,18-01-1985,39,Female,2,4956.518,19679.62905,12367.73389,95653.23316,Both,Married,2,18,Finance,Regional Account Head
2169,mjntSQuw,"WCDqNmHI St, MgHbXHyteg, CHN 188317",129519.76,25-08-2012,08-02-1969,55,Male,3,7431.024,30567.92389,19210.52207,148308.1858,Medical,Divorced,11,34,Marketing,Marketing Director
2170,gJdAfjVG,"BOEOoiwP St, DkrdsgLzBW, MUB 268298",35677.36,27-10-2022,03-05-2000,24,Other,4,7733.264,8420.204185,5291.707702,46539.12048,None,Married,1,3,IT,Software Engineer I
2171,KTuioaty,"tsdgzwPN St, cDJAxqlCzN, MUB 221857",84326.11,17-12-2024,11-05-1990,34,Female,3,6452.389,19901.78265,12507.34712,98172.93453,Medical,Married,-1,13,Human Resources,ERP Head
2172,PEDqZpgw,"tVUEriRy St, awZDkCNlWU, MUB 479477",54175.85,17-06-2022,24-02-1997,27,Male,0,7055.415,12786.02786,8035.425343,65981.86752,Both,Single,2,6,Sales,Sales Executive
2173,lRbanOHQ,"BCLvhGZm St, CfVToUEMZf, DEL 212946",96268.16,25-11-2021,06-08-1985,38,Other,3,4674.184,22720.22268,14278.60592,109383.9608,Life,Married,2,17,Marketing,Regional Marketing Manager
2174,jXeiUMCY,"scMoNEoq St, JMbymbbWRq, AMD 679611",60571.73,17-04-2021,23-08-1996,27,Other,4,8755.827,14295.51779,8984.069734,74639.00505,Life,Married,3,6,Sales,Sales Representative
2175,mIixXRgu,"WXytVIOe St, VfTfLpZnNC, CHN 997382",72089.47,18-02-2019,13-05-1997,27,Male,0,6157.053,17013.81652,10692.39438,84567.94514,Both,Single,5,6,Sales,Sales Executive
2176,TrqAmwGn,"vZjDTSci St, EBxntUEHMu, MUB 262981",130450.57,25-11-2019,07-03-1970,54,Male,2,7318.943,30787.60411,19348.58089,149208.5362,Both,Married,4,33,Marketing,Marketing Director
2177,PkUfjmzd,"STJIHyvy St, FrREoDRnjC, AMD 600862",115613.06,18-11-2009,23-06-1967,57,Male,2,10327.694,27285.80735,17147.86408,136078.6973,None,Widowed,14,36,Finance,Account Director
2178,ChQaIakV,"GHyixiPo St, MSPjaHGKIq, MUB 190284",134874.99,16-07-2012,17-06-1976,48,Male,3,11061.501,31831.81029,20004.81604,157763.4853,Medical,Married,12,27,Human Resources,HR Director
2179,msFdLmgB,"RcCcLsOk St, JISdsChSuP, CHN 312940",50726.89,22-02-2016,08-01-1995,29,Female,0,5549.311,11972.03973,7523.871568,60724.36916,Both,Single,8,8,Sales,Sales Executive
2180,KyHYSFYQ,"BPDuTjLv St, JDLCTMyqrf, HYD 516841",99751.53,24-06-2021,26-07-1987,36,Female,2,4616.847,23542.3319,14795.26343,113115.4455,None,Married,3,15,Marketing,Regional Marketing Manager
2181,fBoCBmDa,"ykEnFvdo St, aEtArppsub, AMD 951926",69570.86,21-08-2018,05-08-1997,26,Male,1,9457.914,16419.40005,10318.83121,85129.34284,Both,Married,5,5,Sales,Sales Executive
2182,qBFhyNbm,"ZYOLTDpw St, sGNMlasixe, DEL 711675",88595.74,17-08-2018,08-06-1990,34,Other,3,7493.426,20909.45689,13140.62363,103857.9993,Both,Married,5,13,IT,QA Lead
2183,ZuLzMAsP,"jrCtfLEu St, RUNdvoegkF, AMD 986787",88438.99,25-10-2019,26-06-1988,36,Female,2,7142.101,20872.46236,13117.37428,103336.1791,Medical,Married,4,15,Marketing,Regional Marketing Manager
2184,nxusJNrL,"NDOrmvta St, xcGNeyQzWg, KOL 437018",94935.36,10-04-2010,04-10-1982,41,Female,4,4237.464,22405.66891,14080.92347,107497.5694,Both,Married,14,20,Finance,Regional Account Head
2185,jJVmTBwI,"vaasWqWM St, JiCJMeJUgQ, AMD 394538",119829.46,09-08-2009,08-06-1974,50,Other,4,12659.054,28280.91878,17773.24545,142996.1873,None,Married,14,29,Sales,Sales Director
2186,fgilHRKq,"VVQBoBeb St, MrXVaWbLRe, MUB 399772",136609.31,14-06-2008,10-12-1966,57,Male,1,8155.069,32241.12669,20262.0524,156743.4533,Both,Married,16,36,Sales,Sales Director
2187,NGDozmpW,"FmCGBqqe St, zRNqNwYSqs, PUN 322861",127123.28,11-06-2012,27-07-1967,56,Female,3,6072.672,30002.33129,18855.07335,144343.2099,None,Married,12,35,Finance,Account Director
2188,vkXruTCg,"QdBfpFJX St, JmdAvwCzgU, HYD 723480",34641.65,01-03-2023,08-01-2001,23,Other,0,8948.835,8175.766545,5138.089985,46628.16156,None,Single,1,2,IT,QA Engineer I
2189,GpglANpz,"DzYlXGZF St, uZCeahaqic, MUB 488010",57606.19,13-11-2016,20-12-1994,29,Female,0,4425.381,13595.62148,8544.217378,67082.97511,Life,Single,7,8,Human Resources,HR Associate
2190,ybAJmgsx,"UMmwhNvA St, nvclxcVTsk, HYD 755521",105981.87,17-04-2014,27-08-1988,35,Other,3,12622.813,25012.75277,15719.35473,127898.081,Medical,Married,10,14,Sales,Senior Executive
2191,NZhjHiOi,"NGpXPqgj St, aUGyrFtVzZ, KOL 701102",147880.06,06-11-2016,14-02-1968,56,Other,3,9690.994,34901.13338,21933.74321,170538.4442,Medical,Married,7,35,Sales,Sales Director
2192,QDSKbPFz,"gPmidIsW St, MBIQvozmjb, DEL 729854",93843.13,11-02-2023,16-10-1984,39,Female,1,5985.687,22147.892,13918.92264,108057.7864,None,Married,1,18,Human Resources,ERP Head
2193,tMgmweQG,"NnXjlcbh St, SXEHpuZkGh, MUB 882520",121521.33,25-03-2017,25-04-1969,55,Female,3,6658.867,28680.21657,18024.18559,138836.228,Life,Married,7,34,Human Resources,HR Director
2194,bNfTlkwi,"doVprBLK St, UTJPScxQEu, DEL 143997",135656.1,24-07-1995,18-06-1969,55,Male,3,6212.39,32016.15985,20120.67118,153763.9787,Life,Divorced,28,34,Finance,National Account Head
2195,AoQkuSDZ,"wbOMHIyO St, uNIVuvweGd, CHN 306266",105555.05,06-08-2018,12-05-1990,34,Female,2,7600.495,24912.0191,15656.04829,122411.5158,Both,Married,5,13,IT,Software Engineer III
2196,RlVzyLLl,"QJAGPFvu St, CGmYjqLCjZ, MUB 925138",86562.17,07-11-2018,13-06-1986,38,Female,2,7621.783,20429.51457,12839.00215,101774.4654,None,Married,5,17,IT,Software Engineer III
2197,IDzpOLDk,"tdMtvMGV St, tNOfDrFSbA, BLR 628024",134878.02,28-10-2019,20-06-1971,53,Female,1,6300.198,31832.5254,20005.26545,153005.478,Medical,Widowed,4,32,Marketing,National Marketing Manager
2198,BVAdqbUE,"bWjgvTUS St, pjFybBRxqt, MUB 317278",116394.61,03-03-2010,23-07-1967,56,Other,4,8587.539,27470.26075,17263.78449,135188.6253,Life,Married,14,35,Finance,National Account Head
2199,RzNzODfy,"PmnpOhVx St, sGJqnWwuCg, KOL 734450",131641.18,17-04-1996,15-06-1975,49,Male,2,9384.882,31068.59966,19525.17356,152569.4881,None,Widowed,28,28,Human Resources,HR Director
2200,QbZakdtX,"TAyTwomB St, UwxltveAWV, DEL 589281",93763.76,26-04-2014,19-12-1991,32,Other,1,3870.624,22129.1599,13907.15039,105856.3935,Both,Married,10,11,Marketing,Regional Marketing Manager
2201,iPLVTCqJ,"jPsXfxgi St, HDgvWrUzda, BLR 244499",97295.31,20-03-2004,08-10-1980,43,Female,2,7288.469,22962.64007,14430.95401,113115.4651,Both,Married,20,22,IT,QA Lead
2202,dWoiAnru,"secjIjks St, LbYGpRMXiX, AMD 283862",101434.54,04-05-2005,12-12-1979,44,Other,1,14128.546,23939.53864,15044.88944,124457.7352,Life,Married,19,23,Marketing,Senior Marketing Executive
2203,jUcmhPBq,"FgWXTolV St, PilKMTpGQd, DEL 638729",44853.1,05-09-2022,05-04-2001,23,Other,0,7187.69,10585.76813,6652.664175,55973.89395,Life,Single,1,2,Marketing,Marketing Development Representative
2204,KxmhRllx,"vRKguGpd St, jLtMuPHQHK, PUN 534346",105816.07,15-07-2012,27-10-1991,32,Female,4,7863.393,24973.62236,15694.76308,122958.3223,None,Married,12,11,Sales,Senior Executive
2205,RoSHAXzF,"eKWliljg St, FtVzbNmEeC, BLR 246469",54296.23,20-05-2017,08-04-1996,28,Female,3,5330.377,12814.43871,8053.280245,64387.76547,Medical,Married,7,7,Finance,Account Executive
2206,ofPYYEKy,"HAdAmVNJ St, GMpqnacxcV, MUB 485922",95015.84,26-03-2018,04-09-1980,43,Female,1,7767.416,22424.66297,14092.86036,111115.0586,None,Married,6,22,Marketing,Senior Marketing Executive
2207,QyUcCyJS,"WdCLdeWr St, utGkFXXnLG, DEL 849772",87601.27,03-12-2022,13-12-1986,37,Other,2,5563.873,20674.75229,12993.12267,100846.7726,Life,Divorced,1,16,Finance,Regional Account Head
2208,bOYHASnl,"GafHWwyl St, NlOWNMgiNv, CHN 196525",16436.63,22-10-2024,09-01-2000,24,Female,0,7800.337,3879.204647,2437.900158,25678.27149,None,Single,-1,3,Finance,Account Representative
2209,iXmoqAxc,"LHSMqkeR St, GFkYsBvxWq, DEL 927165",117806.34,13-09-2010,27-12-1973,50,Male,4,9802.366,27803.44277,17473.17393,137938.9748,Medical,Married,13,29,IT,IT Manager
2210,fDFzxRev,"iwKaiRDy St, iTySyKuERh, KOL 823677",83060.6,15-08-2010,23-11-1978,45,Male,,6635.94,19603.10998,12319.6452,96980.00478,Medical,,13,24,Sales,Regional Sales Manager
2211,sklamCAM,"qNKkUbEU St, CyEGcOmeGu, AMD 450008",49402.3,16-02-2022,05-12-1996,27,Other,0,5344.77,11659.4236,7327.406832,59079.08677,Life,Single,2,6,Human Resources,HR Associate
2212,FBuApFys,"NoQeZXIu St, xyZlKkVoHz, HYD 320591",94010.79,07-11-2007,10-02-1981,43,Male,1,4534.921,22187.46139,13943.79017,106789.3822,Life,Married,16,22,Human Resources,ERP Head
2213,McKDfvOn,"qlwetjxx St, iaCjZyslyK, PUN 643233",78259.98,15-11-2016,18-05-1992,32,Female,2,7771.002,18470.11693,11607.61163,92893.4873,Life,Married,7,11,Marketing,Senior Marketing Executive
2214,wbhzIAzm,"VSVpRmRd St, fHFywtVYBn, KOL 539738",115435.94,25-08-2004,22-06-1975,49,Other,4,10575.406,27244.0053,17121.59344,136133.7579,Life,Married,19,28,IT,IT Manager
2215,NLNQYuzt,"EIRwzOyV St, cBAxcaKdTO, CHN 878416",141655.48,12-06-2016,28-07-1966,57,Other,1,5588.452,33432.07192,21010.50623,159665.4977,Medical,Married,8,36,Sales,National Sales Manager
2216,OrjaavcR,"avYmMqHA St, CLhdsvLToa, MUB 739847",105421.35,05-09-2022,05-02-1989,35,Female,3,9399.865,24880.4646,15636.21775,124065.4618,None,Divorced,1,14,Marketing,Senior Marketing Executive
2217,bzycoYdx,"gpzIjLRs St, kLBojAxKFy, PUN 934216",64963.65,20-04-2021,02-07-1993,31,Female,4,9985.635,15332.05365,9635.484438,80645.85421,Life,Married,3,10,Finance,Account Executive
2218,iPAIBENj,"VSWrciUs St, upLmMhvIjK, MUB 292901",119795.21,12-12-2005,22-04-1976,48,Male,2,7884.479,28272.83545,17768.16545,138184.359,Medical,Divorced,18,27,Human Resources,Recruitment Manager
2219,YktrDZqR,"HLbvBDkL St, dpmiTbjncf, BLR 334206",135940.37,13-04-2009,28-11-1974,49,Female,3,5783.963,32083.25034,20162.83444,153644.7489,Medical,Married,15,28,IT,IT Manager
2220,BnSbCkUe,"QsERgLZW St, TzkwbnEYfX, AMD 606415",83329.16,18-06-2018,23-03-1989,35,Male,3,8772.084,19666.49275,12359.47833,99408.25842,None,Married,6,14,IT,QA Lead
2221,avjFyYbX,"dwVXizWc St, kQfZCmsOJM, AMD 232197",74199.4,21-01-2023,13-06-1998,26,Other,0,8684.06,17511.78054,11005.34166,89389.89887,None,Single,1,5,Finance,Account Executive
2222,hiKfVcHr,"tqyEwjoA St, ZpheROyDQz, HYD 205882",78751.8,12-01-2020,20-04-1992,32,Female,2,8717.82,18586.19124,11680.55895,94375.25229,Medical,Married,4,11,Finance,Regional Account Head
2223,TthQyczF,"BfkNVSGg St, sgrGKHcCwt, HYD 358231",20728.92,16-12-2022,28-07-1999,24,Female,3,6520.108,4892.226861,3074.537623,29066.71724,None,Married,1,3,Human Resources,HR Intern
2224,jWasONPI,"YOKRxRXj St, AwWnZGfUOn, AMD 500604",82296.06,05-05-2008,07-02-1987,37,Other,4,6673.394,19422.67109,12206.24773,96185.87736,Life,Married,16,16,Finance,Senior Account Executive
2225,mrHIoCEa,"WMHawxpH St, iKUcSdkvHe, DEL 159798",87960.29,27-07-2007,02-02-1979,45,Other,,5192.971,20759.4845,13046.37294,100866.3726,None,,16,24,Sales,Regional Sales Manager
2226,xrxmEobq,"nCpTTuaT St, wCuPYzCtzB, PUN 354912",105261.77,21-10-2018,02-09-1986,37,Female,2,13816.823,24842.80217,15612.54866,128308.8465,Both,Married,5,16,Sales,Senior Executive
2227,BPNXhekA,"iHuNJbBE St, cYnSpfFWJz, DEL 754254",76778.85,06-05-2023,17-12-1988,35,Other,3,6154.115,18120.55584,11387.9287,89665.59214,Medical,Married,1,14,Sales,Senior Executive
2228,sOVonrke,"JsAEfoMp St, RWlYiLnVlq, AMD 954142",108491.37,25-04-2023,15-06-1980,44,Other,3,11864.863,25605.0192,16091.5667,129869.6855,Both,Married,1,23,Finance,Regional Account Head
2229,Lxopqulg,"BsuGBqII St, DWIYpHIWNX, PUN 980973",67695.39,09-07-2016,06-03-1995,29,Other,3,8247.461,15976.77088,10040.65931,81878.96257,Life,Married,8,8,Human Resources,HR Associate
2230,shiyHSuV,"LbqWxmuv St, PmWJnWlJCg, KOL 204573",54364.36,06-04-2024,02-04-1999,25,Other,0,6663.564,12830.51805,8063.385366,65795.05669,Life,Single,0,4,Human Resources,HR Executive
2231,GHPidzHi,"EKjvjpgI St, AjNItNXfkQ, CHN 117415",67297.06,28-11-2019,17-04-1997,27,Other,0,11127.294,15882.76112,9981.578534,84325.53658,None,Single,4,6,IT,Software Engineer II
2232,HVzWAGjm,"VFiohHFQ St, sJmttkrRqC, PUN 886723",98646.13,24-07-2011,04-01-1982,42,Other,3,5938.387,23281.44674,14631.30921,113234.6545,None,Married,12,21,Marketing,Regional Marketing Manager
2233,eWUkurOA,"BWQTneBS St, StUSAbFZtd, PUN 742541",105149.59,25-05-2022,02-06-1989,35,Male,3,12778.041,24816.32659,15595.90999,127148.0476,Medical,Married,2,14,IT,Software Engineer III
2234,oehwOEik,"cShweoyl St, QLbKnKdYBa, KOL 872976",97929.39,07-02-2009,09-09-1985,38,Other,4,4581.061,23112.28912,14525.00149,111097.7386,None,Married,15,17,Human Resources,ERP Head
2235,nXcLcTih,"rdBwYQWh St, gSRUIqTDdF, AMD 764282",93994.62,04-10-2017,20-12-1987,36,Other,2,3982.538,22183.64511,13941.39181,106219.4113,Medical,Married,6,15,Marketing,Senior Marketing Executive
2236,hGsLUfOb,"mAitiDLZ St, VAcSXnCKnd, HYD 401460",129131.05,19-11-1992,24-04-1964,60,Other,1,6269.895,30476.18455,19152.86815,146724.2614,Medical,Married,31,39,Sales,Sales Director
2237,HWqnzRTx,"mCeGgxEM St, NeMzRYbWsU, CHN 435725",107531.86,14-07-2014,23-11-1978,45,Female,,9445.814,25378.5655,15949.25106,126406.9884,None,,10,24,IT,Software Engineer III
2238,wrfMiYSr,"ZrjSUxJW St, rLGwniMqwr, BLR 293067",78786.6,26-10-2014,16-10-1984,39,Other,2,7789.34,18594.40438,11685.72053,93484.62385,Medical,Married,9,18,Human Resources,Senior HR
2239,kyciPGsV,"vDyhglwn St, qcsERuMprT, AMD 893663",140332.14,12-08-1988,20-02-1967,57,Male,2,9837.786,33119.7508,20814.2269,162475.4499,None,Widowed,35,36,Finance,Account Director
2240,eCrSJevp,"phbdYWBH St, KfIetdZMdc, PUN 899826",112060,06-04-2020,17-01-1975,49,Female,4,12954,26447.25061,16620.87007,134840.3805,Life,Married,4,28,IT,Technical Lead
2241,NRweWfpB,"KKAsjUXe St, wMICEgGcfM, PUN 732915",112866.03,18-10-2001,10-06-1971,53,Male,3,7934.397,26637.48153,16740.42138,130697.4871,None,Married,22,32,Sales,Sales Director
2242,bVjtxrHe,"aJkskwZK St, eiyZRzGTvr, HYD 917687",131494.01,15-12-2022,05-02-1965,59,Other,1,6793.599,31033.86611,19503.34513,149818.13,None,Married,1,38,Finance,Account Director
2243,kRMdWKoP,"lkxVzFPK St, MiwWlJeMkH, BLR 481248",74795.71,07-01-2024,08-06-1997,27,Female,0,6367.429,17652.5155,11093.78706,87721.86744,Medical,Single,0,6,IT,Software Engineer II
2244,fVAyuCbo,"SbOougbr St, oRUvHkQzKX, HYD 740408",60837.38,19-04-2018,19-11-1992,31,Other,2,11084.262,14358.21377,9023.471253,77256.38452,Both,Married,6,10,Marketing,Marketing Associate
2245,FCkRrSzq,"ahhyVCDy St, pIHhkHOwXf, BLR 661272",91969.36,06-01-2002,07-10-1980,43,Other,2,8666.064,21705.66404,13641.00288,108700.0852,None,Divorced,22,22,Finance,Regional Account Head
2246,xSxLahsF,"piGFfdES St, HdJlObXJpz, AMD 248486",44310.9,05-01-2021,05-10-1999,24,Other,1,6786.91,10457.80365,6572.244438,54983.36921,None,Married,3,3,Sales,Sales Development Representative
2247,sOYdjFrb,"vlsidJlG St, bBnkDKylFm, PUN 712013",57573.15,24-10-2015,28-08-1992,31,Female,4,5885.685,13587.82372,8539.316847,68507.34188,None,Married,8,10,Human Resources,HR Executive
2248,NQQUineN,"AAhWMWLG St, zQKMrcMInH, AMD 536600",113328.93,17-12-2004,04-07-1976,48,Female,1,10587.107,26746.73044,16809.07925,133853.6882,None,Married,19,27,IT,IT Manager
2249,pERTbfPO,"cGZdQxzL St, dPncsBsInB, PUN 629981",81192.97,20-04-2021,10-04-1985,39,Other,1,9167.703,19162.33112,12042.63613,97480.36798,Both,Married,3,18,Finance,Regional Account Head
2250,WrcRqEpk,"GqCyKHBe St, VEPqLGErcK, AMD 817805",93728.72,14-06-2008,21-02-1986,38,Other,1,8040.128,22120.89012,13901.95321,109987.7849,None,Divorced,16,17,Human Resources,ERP Head
2251,bUJHwWyf,"UssASyun St, PcLDssYjlY, MUB 736453",74330.65,07-01-2016,09-10-1993,30,Female,1,8941.935,17542.75681,11024.80882,89790.533,Life,Married,8,9,IT,Software Engineer II
2252,KcBNURRI,"PihyosuH St, RtaDfPNIoe, MUB 316675",45708.15,11-07-2021,16-01-1998,26,Other,0,5443.185,10787.56825,6779.48619,55159.41706,Life,Single,3,5,Human Resources,HR Executive
2253,HYVMeMAk,"NPMCGGzu St, feYipdWxwF, PUN 779996",86971.23,04-08-2023,01-05-1989,35,Female,4,8758.877,20526.05672,12899.67441,103356.4893,None,Married,0,14,Finance,Regional Account Head
2254,vlGIGecL,"yMSoJjAq St, mDBuPbvqHI, BLR 615897",125855.55,05-04-1994,21-11-1966,57,Other,4,11199.445,29703.13467,18667.04216,148091.0875,None,Married,30,36,Marketing,National Marketing Manager
2255,SHmAJUam,"ouQNXNvm St, RGOqruheZL, MUB 719926",108456.83,10-06-2021,09-03-1991,33,Male,4,11699.317,25596.86742,16086.44369,129666.5707,Medical,Married,3,12,Sales,Regional Sales Manager
2256,GCWMwDoi,"yUzxRerG St, BSgfkQKCVy, KOL 964717",106103.66,17-06-2013,24-01-1986,38,Other,1,11314.634,25041.4964,15737.41877,126722.3716,None,Married,11,17,Finance,Regional Account Head
2257,VMuJLqaJ,"FCkabYOm St, TfTgSvgTNP, CHN 938669",140279.77,09-09-2024,04-02-1976,48,Female,1,10954.023,33107.39097,20806.45932,163534.7247,Both,Married,-1,27,Sales,National Sales Manager
2258,MNdFyOoD,"rHYTIiOe St, ZpdjijkeTA, PUN 501125",49050.77,16-12-2020,10-02-1993,31,Other,4,7288.923,11576.4591,7275.267492,60640.88461,Life,Married,3,10,Human Resources,HR Associate
2259,QFuEcmSp,"lyvPffqM St, mDCGGISiBo, AMD 859926",45835.54,15-04-2023,09-11-1998,25,Male,2,6035.446,10817.63353,6798.380823,55890.2387,Life,Married,1,4,Finance,Account Associate
2260,jVqPFhnp,"PythcgsO St, hLKltoFXjl, CHN 631050",58509.77,04-07-2021,13-11-1996,27,Other,3,6420.023,13808.87516,8678.237419,70060.43074,None,Married,3,6,Finance,Account Associate
2261,HNKNKJVo,"QUqKzsDy St, nvOjlSIEqQ, AMD 698450",83326.94,16-11-2023,04-09-1984,39,Female,1,8685.306,19665.96881,12359.14906,99319.06575,None,Married,0,18,Sales,Regional Sales Manager
2262,JnkxyfgU,"BzaBDGWS St, mQVqsqPkwE, PUN 766380",43924.93,23-07-2023,16-09-2000,23,Male,0,6034.507,10366.71097,6514.996917,53811.15106,Both,Single,0,2,Marketing,Marketing Development Representative
2263,jSdWTZfm,"rpHIAYsS St, lPKuOStFbX, HYD 781347",98711.76,17-08-2016,24-06-1986,38,Male,2,7675.824,23296.93606,14641.04353,115043.4765,None,Divorced,7,17,Marketing,Regional Marketing Manager
2264,MrnwnPeJ,"orlmODVy St, BPPMMgKLvV, BLR 320102",74867.32,25-07-2020,01-12-1997,26,Male,0,7637.268,17669.41616,11104.40834,89069.59582,None,Single,3,5,Finance,Account Executive
2265,tqtcuMwv,"LXdgbPzd St, ihBfUBmBDr, DEL 958591",43613.97,26-08-2023,26-05-2002,22,Female,0,6365.603,10293.32139,6468.874966,53804.01942,None,Single,0,1,IT,QA Engineer I
2266,nqVTGDFQ,"NQOCQBds St, movajkggDW, DEL 590434",122423.66,09-04-2002,07-01-1965,59,Female,2,6468.634,28893.17523,18158.02023,139627.449,Both,Widowed,22,38,Marketing,National Marketing Manager
2267,GxhNZVpX,"SnxzAqwd St, XGFELCOMsK, HYD 973702",65263.13,05-05-2020,17-09-1994,29,Male,0,6982.687,15402.73384,9679.903661,77968.64718,Both,Single,4,8,IT,QA Engineer II
2268,IrOiVrjW,"qiqoPIHR St, KcCwlfrXdy, DEL 196774",100211.5,17-07-2011,10-12-1986,37,Male,3,13500.85,23650.88929,14863.48672,122499.7526,Life,Married,13,16,Human Resources,ERP Head
2269,dYJrIrzn,"JPjULRlw St, joCqVBHoUD, CHN 753414",110807.05,19-05-2011,11-07-1971,53,Female,1,8328.295,26151.54221,16435.03107,128851.8561,None,Widowed,13,32,Human Resources,HR Director
2270,aIEpfdMf,"OlVuSeux St, EZFmBFjaEL, AMD 247542",59260.19,23-01-2024,04-04-1997,27,Female,0,6440.981,13985.98158,8789.54059,70897.61199,Life,Single,0,6,IT,Software Engineer II
2271,rngnZgfc,"vUfpyVaE St, IjUAtbwLnc, CHN 311918",146073.37,27-07-2004,03-04-1965,59,Other,1,7854.663,34474.73696,21665.77284,166736.9971,None,Widowed,19,38,Finance,Account Director
2272,IkLKeLab,"YhpMWCph St, QPQubgMYCI, MUB 849013",101696.49,24-09-2014,16-04-1983,41,Male,1,8567.351,24001.36139,15083.74217,119181.4602,None,Married,9,20,Human Resources,Senior HR
2273,qfodNSJF,"fEmvrbMI St, LzSYOKxDgn, AMD 122490",63524.74,26-10-2021,05-10-1994,29,Male,3,7937.526,14992.45689,9422.063626,77032.65926,Life,Married,2,8,Human Resources,HR Associate
2274,BoGcOZTF,"XUZWZtov St, OhFqXIHdxl, BLR 189112",101946.11,12-06-2005,06-11-1983,40,Female,4,10951.389,24060.27414,15120.7661,121837.007,Medical,Married,19,19,Marketing,Regional Marketing Manager
2275,tCLLrFAs,"dkkOrLxU St, JwQjvDZyzi, HYD 599267",72904,25-07-2022,02-07-1998,26,Female,0,10099.6,17206.05353,10813.20642,89396.4471,Both,Single,1,5,Finance,Account Executive
2276,dLzWTbMB,"FHsTuBFi St, YjZemopJnx, DEL 412595",131841.48,20-01-1997,01-02-1974,50,Other,1,8498.852,31115.87241,19554.88229,151901.3221,Both,Married,27,29,Human Resources,Recruitment Manager
2277,YNbDKxvX,"mBCmYglQ St, RihPcOQIhM, HYD 460324",39672.51,23-12-2022,12-01-2000,24,Male,0,8558.749,9363.098467,5884.273016,51710.08445,Both,Single,1,3,Marketing,Marketing Intern
2278,JdkxwbFT,"AWfWvUJU St, ThgjNRMQwP, HYD 922928",108904.74,26-04-2021,21-01-1992,32,Female,2,13859.526,25702.57854,16152.87822,132313.9663,Life,Married,3,11,Human Resources,ERP Head
2279,FTznTVbc,"ndTSGYHJ St, tsTukETScJ, DEL 305047",90408.95,26-08-2014,11-05-1989,35,Other,4,8669.105,21337.39209,13409.56105,107005.886,None,Married,9,14,IT,Software Engineer III
2280,jKJsyjRb,"euCTJgkM St, VDZXOJEfJo, PUN 260969",82687.86,18-01-2020,13-10-1977,46,Male,2,8741.214,19515.13971,12264.35996,98679.85374,Both,Married,4,25,Sales,Senior Executive
2281,LSSayouc,"wbDxjPXO St, MYuUlxVPtl, PUN 184642",115984.68,01-09-2001,04-12-1976,47,Female,2,8919.532,27373.51328,17202.98319,135074.7421,Both,Widowed,22,26,IT,IT Manager
2282,rucujqAd,"yfzYQscn St, JGjqTPupaG, KOL 138716",79798.4,06-03-2018,02-10-1985,38,Other,2,8259.16,18833.19903,11835.79188,95054.96714,None,Divorced,6,17,Finance,Senior Account Executive
2283,JYFrpgsT,"esudynGH St, PrwxnOOBFm, CHN 456795",89940.35,06-07-2009,25-11-1984,39,Female,1,4008.965,21226.79793,13340.05775,101836.0552,Both,Divorced,15,18,Finance,Regional Account Head
2284,XTtoWXjk,"cBaivIMM St, SvBeaNyZVl, MUB 703931",144687.1,18-08-2006,27-11-1968,55,Other,1,6599.29,34147.56375,21460.15965,163973.7941,Medical,Widowed,17,34,Human Resources,Recruitment Manager
2285,VzJrppMM,"gjsCEdFx St, YnRsCEcwIt, MUB 762741",111288.02,28-07-2017,11-06-1975,49,Female,1,12759.198,26265.05582,16506.3691,133805.9047,Medical,Married,6,28,Sales,National Sales Manager
2286,UTncRURn,"qCxzqnNE St, qABACHCBcs, HYD 603308",79031.53,14-04-2022,12-04-1991,33,Male,4,5403.847,18652.21024,11722.04883,91365.53841,Medical,Married,2,12,Finance,Senior Account Executive
2287,IyxGLcLz,"siWGrVQH St, eMceQvhQYF, PUN 889975",137677.92,02-11-2021,03-04-1967,57,Female,2,5036.208,32493.32905,20420.54989,154786.9072,None,Married,2,36,Human Resources,HR Director
2288,dgPNBmAg,"zlhRkHBJ St, yRVcPUiLDE, MUB 668966",103488.49,26-11-2022,17-03-1978,46,Male,3,13959.151,24424.29083,15349.5337,126522.3981,None,Married,1,25,Finance,Regional Account Head
2289,EYaiAFfA,"sxfYlbPZ St, kvcFeLipGY, HYD 998237",128519.67,11-09-2013,23-09-1970,53,Female,2,11137.033,30331.89292,19062.18755,150926.4084,None,Divorced,10,32,Finance,Account Director
2290,AgtPXHXC,"sSPsBffQ St, lekaHgzQXC, MUB 920442",59826.62,13-12-2018,05-01-1996,28,Female,0,5645.338,14119.66457,8873.554149,70718.06843,Life,Single,5,7,Marketing,Marketing Representative
2291,TxLYPrfs,"TOYMjdlY St, YqtsTLPSPR, KOL 457247",97325.67,25-02-2008,12-02-1980,44,Male,2,8251.433,22969.80533,14435.45704,114111.4513,Medical,Married,16,23,Marketing,Regional Marketing Manager
2292,lTsHiHQn,"MqaYJGrO St, BtaUqpqloh, DEL 615323",87077.12,01-08-2020,25-08-1980,43,Male,2,6017.288,20551.04779,12915.38013,100730.0757,Life,Divorced,3,22,Human Resources,Senior HR
2293,GYDxZnfC,"pfoFWoyS St, CLHKxQInBl, CHN 123430",119704.36,24-07-1997,17-01-1976,48,Other,2,9780.564,28251.39397,17754.69048,139981.6275,Medical,Divorced,26,27,IT,Technical Lead
2294,OfeaKbPG,"ZiPcgGPe St, RioJNwbLtC, DEL 552289",124566.19,17-01-2019,13-07-1965,59,Male,2,10385.381,29398.83316,18475.80278,145874.6014,None,Widowed,5,38,Marketing,National Marketing Manager
2295,dHVbTgJb,"znjcczPP St, JYGLNlXAiq, MUB 562149",118751.59,28-05-2017,07-09-1975,48,Other,3,10482.841,28026.53097,17613.37452,139647.5875,None,Married,7,27,Sales,Sales Director
2296,JZCcYlUN,"yJlQpeLq St, OoGtyaPHhD, KOL 956364",119156.76,09-07-2023,21-09-1976,47,Female,4,8477.324,28122.15504,17673.4698,138082.7692,None,Married,1,26,Human Resources,HR Director
2297,QCrdynqX,"RZKVTmcq St, zrGWoaPUSh, KOL 522748",86690.24,20-03-2010,25-01-1989,35,Other,2,5019.976,20459.74034,12857.99764,99311.9587,None,Divorced,14,14,Finance,Regional Account Head
2298,TCQsPQgj,"JDYVwDFv St, fbOUeRHYoc, BLR 942147",47078.42,22-06-2019,26-04-1996,28,Other,0,8232.158,11110.9653,6982.726236,59438.81707,Both,Single,5,7,Sales,Sales Executive
2299,VhdbOhwX,"DqwAyMnF St, YcHWkvZcWs, AMD 734056",121059.93,28-04-2006,07-12-1975,48,Other,3,7013.007,28571.32168,17955.7502,138688.5085,None,Married,18,27,Finance,Account Director
2300,qGMPFKUo,"ARFZxTvy St, hziKxRtBcr, BLR 662410",41859.95,08-09-2021,15-04-2000,24,Male,0,5817.005,9879.355596,6208.716672,51347.59392,Life,Single,2,3,Marketing,Marketing Intern
2301,QSMgkcFc,"BcmgXlZo St, vClqbbkZlT, AMD 251478",58150.76,27-03-2016,06-05-1994,30,Other,0,6376.924,13724.1453,8624.988636,69626.84067,Life,Single,8,9,Finance,Account Associate
2302,kDcPWZuO,"LNmyRHqA St, MLWgKAAhOL, HYD 913381",140635,27-11-2008,15-03-1976,48,Other,1,8437.5,33191.22871,20859.14745,161404.5813,Life,Married,15,27,Human Resources,HR Director
2303,uqmOHlRF,"PmXrMfpC St, hGKYWDdvyj, AMD 628276",126542.58,28-01-2011,19-04-1974,50,Male,4,6726.742,29865.28044,18768.94325,144365.6592,Medical,Married,13,29,Finance,Account Director
2304,SkxmOgQU,"hwZOMmRp St, eNFViytNrD, DEL 987131",98824.05,26-07-2014,15-05-1990,34,Female,2,7641.595,23323.43759,14657.69851,115131.3841,None,Married,9,13,IT,QA Lead
2305,TOMQkShL,"IEKawhLh St, TVzFVskNhE, KOL 190532",54412.86,01-01-2019,06-01-1995,29,Other,0,6162.714,12841.96453,8070.578943,65346.95958,Life,Single,5,8,IT,QA Engineer II
2306,bPHwxoRw,"xQNuxuzN St, WrQHVCHzPW, PUN 601598",65926.35,12-06-2019,22-11-1995,28,Other,2,10557.365,15559.26022,9778.273226,82264.70199,None,Married,5,7,Sales,Sales Representative
2307,AirlRVLh,"MYwgMiyr St, sjDMvvqZxX, BLR 585821",141458.04,28-01-2016,23-09-1973,50,Female,2,6652.196,33385.47416,20981.2217,160514.4885,Medical,Divorced,8,29,Human Resources,HR Director
2308,cWuKcDXE,"IFjeUoqK St, bDYmkDbeVg, DEL 262738",100079.62,24-10-2019,08-05-1983,41,Female,1,13627.038,23619.76433,14843.92612,122482.4962,Both,Divorced,4,20,IT,QA Lead
2309,RUpWgpOS,"ImKdPFIV St, GlrBmqgSwh, CHN 956260",94189.97,26-01-2007,13-03-1983,41,Male,1,4946.003,22229.74961,13970.36635,107395.3563,Life,Married,17,20,Finance,Senior Account Executive
2310,pyuuUobe,"eWSeLMWg St, CDfzXjgBWm, KOL 446172",77771.93,12-02-2018,07-06-1982,42,Other,1,5433.807,18354.93238,11535.22349,90025.4459,Medical,Married,6,21,Sales,Regional Sales Manager
2311,HtpHSqeZ,"hjSDWEJt St, dFrorPQWlD, KOL 595023",99897.94,05-10-2007,08-09-1983,40,Male,1,7916.206,23576.88608,14816.97913,116574.053,Life,Married,16,19,Finance,Senior Account Executive
2312,mxPJvMhR,"KaisOUow St, iBcINLAIme, HYD 845237",79369.74,14-09-2019,12-02-1984,40,Female,1,5762.026,18732.03109,11772.21253,92091.58456,Life,Married,4,19,Sales,Regional Sales Manager
2313,gjnxLuFD,"ohagxzaH St, swBDiVprQP, PUN 950783",114313.22,09-06-2022,14-06-1971,53,Female,1,12211.678,26979.03246,16955.07029,136548.8602,Life,Widowed,2,32,Human Resources,Recruitment Manager
2314,GNYfzRXS,"mfOsJLwG St, wHFUwrSCju, CHN 773713",31385.96,05-05-2023,17-04-2000,24,Male,2,9112.404,7407.392019,4655.202242,43250.55378,None,Married,1,3,Human Resources,HR Representative
2315,rDMTJRxL,"MwNCNEfn St, qfcsyPDrWh, AMD 701229",142817.81,21-07-2002,15-04-1968,56,Male,3,7641.219,33706.39311,21182.90437,162982.5177,Medical,Married,21,35,IT,Technical Lead
2316,IasuBdom,"QSKytnlk St, gcHkVbAKxi, BLR 929971",93096.46,08-10-2010,15-08-1986,37,Male,2,5120.354,21971.67061,13808.17567,106380.3089,Both,Married,13,16,Sales,Senior Executive
2317,dysiBuKK,"GbFkmvDA St, SJtRMjaTgO, HYD 524055",85151.43,05-10-2019,27-08-1990,33,Female,2,4860.857,20096.5662,12629.75954,97479.09366,Both,Married,4,12,Finance,Senior Account Executive
2318,oLNtOauP,"uxUVlyeI St, qmeYLnkuwv, CHN 321817",122290.32,17-05-2021,06-03-1974,50,Female,3,8389.968,28861.70569,18138.24308,141403.7506,Life,Divorced,3,29,IT,Technical Lead
2319,PxqLcCnB,"yCrHXuNr St, yBKvdwKBms, KOL 730904",90246,11-09-2019,15-01-1979,45,Female,,7471.4,21298.93431,13385.39212,105630.9422,Medical,,4,24,Sales,Senior Executive
2320,heLorrSQ,"TNwNLwjo St, ZyJkRyMxCL, PUN 540217",130477.81,07-12-1999,17-11-1969,54,Male,3,9619.219,30794.03302,19352.62116,151538.4409,Life,Married,24,33,Sales,Sales Director
2321,GbeOXtFx,"gxYVkINZ St, UMRbVtOZjg, BLR 142465",98840.85,03-10-2024,04-06-1985,39,Male,3,4918.915,23327.40255,14660.19031,112426.9772,Both,Married,-1,18,Sales,Regional Sales Manager
2322,EpnrLdzT,"nubJacDr St, znMXUGPfmr, CHN 529360",15589.77,03-08-2021,20-09-1999,24,Female,3,6908.023,3679.337445,2312.292893,23864.83755,Life,Married,2,3,Marketing,Marketing Intern
2323,pYzEueXF,"quKusWgQ St, kqPygvvElK, HYD 399082",67806.88,04-09-2023,05-03-1998,26,Male,0,11007.312,16003.0836,10057.19563,84760.07997,Both,Single,0,5,IT,QA Engineer II
2324,LOVXmWLw,"fsVkawBp St, CgbmGywUSB, HYD 197377",106588.87,02-02-2020,03-10-1985,38,Male,2,9506.113,25156.01068,15809.38568,125441.608,None,Married,4,17,Sales,Regional Sales Manager
2325,CkyUIJOO,"ZkQjwKkp St, VnceCgWylH, HYD 138340",71215.02,25-08-2021,07-06-1997,27,Male,1,6555.498,16807.43781,10562.69494,84015.26087,None,Married,2,6,Finance,Account Executive
2326,dHNigwfG,"dGirOOBt St, XOXWIQMoaC, MUB 785028",112701.18,22-11-2024,04-06-1973,51,Female,4,12962.882,26598.57533,16715.97064,135546.6667,Both,Married,-1,30,Sales,National Sales Manager
2327,VyPtobJZ,"ULHyOoxB St, YJVgUbudyk, PUN 741109",64923.31,03-05-2020,13-01-1995,29,Other,1,6963.669,15322.53302,9629.501162,77580.01085,None,Married,4,8,Sales,Sales Executive
2328,YbOCeCzm,"wJpRJzQw St, lseLZIJnVz, PUN 880933",91919.17,15-09-2020,25-06-1987,37,Female,1,6091.083,21693.81871,13633.55865,106070.5131,None,Divorced,3,16,Sales,Regional Sales Manager
2329,YuDrdzul,"hcktrZvs St, GEBgADrWAJ, MUB 207635",138361.85,02-11-2021,27-02-1966,58,Other,2,5763.815,32654.74319,20521.99118,156258.417,Life,Married,2,37,Sales,National Sales Manager
2330,tYzFsBxA,"qRPIhgwo St, LUEkPDsIuw, KOL 441171",143825.68,15-08-2023,16-07-1972,52,Other,1,5872.432,33944.26024,21332.39283,162309.9794,None,Married,0,31,Human Resources,Recruitment Manager
2331,ehzPsPfS,"jcyFwjpc St, jkfkwIvnbj, MUB 220363",120348.57,05-01-2004,26-04-1966,58,Female,3,6845.143,28403.4338,17850.24046,137746.9063,Life,Married,20,37,Marketing,Marketing Director
2332,TnvPhamK,"WggdnWsc St, csfgWZzzDu, AMD 905003",119665.39,27-09-2003,20-07-1966,57,Other,2,9539.461,28242.19667,17748.9104,139698.1373,Life,Divorced,20,36,IT,IT Manager
2333,zyHxvzKU,"hmZpkrSj St, MMMJLysEvL, AMD 637914",47246.8,10-05-2023,08-02-1995,29,Other,0,8143.32,11150.70462,7007.700555,59533.12407,None,Single,1,8,Sales,Sales Executive
2334,xRSszqwD,"cCojFTQA St, kLUlzarlCP, HYD 321644",25085.55,10-03-2023,26-09-2000,23,Female,0,6638.445,5920.433942,3720.718073,33923.71087,None,Single,1,2,Finance,Account Representative
2335,Ccmhnilx,"suNePOyP St, TZBLXBKyXZ, AMD 318594",72273.77,18-11-2017,24-01-1993,31,Other,1,10031.623,17057.31311,10719.72997,88642.97614,Life,Married,6,10,Human Resources,HR Executive
2336,fVCkNseu,"NdzstICx St, qXfOxUzgqV, KOL 651888",95608.93,22-06-2024,22-06-1984,40,Other,2,6984.107,22564.63798,14180.82816,110976.8468,Life,Divorced,0,19,Marketing,Senior Marketing Executive
2337,xIAmmUro,"HVwJCSpR St, YcsTWecKKf, DEL 360967",20658.47,26-09-2022,09-03-2001,23,Other,0,5604.153,4875.599976,3064.088397,28074.13458,Life,Single,1,2,IT,QA Engineer I
2338,PMobWciS,"xnscgiUZ St, AMlNBHrVux, AMD 262733",132960.72,09-01-1994,19-08-1966,57,Female,4,6252.928,31380.02394,19720.88927,150872.7827,None,Married,30,36,Sales,Sales Director
2339,mJWBCPOD,"fBWeRtCg St, RNouEzbtCl, DEL 858450",93540.06,10-02-2009,24-07-1982,41,Female,2,5648.994,22076.36453,13873.97094,107391.4476,Life,Married,15,20,Marketing,Regional Marketing Manager
2340,bmpRWHJE,"EnWLlFts St, tOXApnjIxK, KOL 506860",49926.12,27-12-2020,01-10-1998,25,Other,0,7163.388,11783.05022,7405.100426,61467.45779,Life,Single,3,4,Sales,Sales Executive
2341,cOfBylfA,"iExoeQsJ St, LPkZCgyRKm, HYD 707720",45359.16,28-08-2022,19-04-1993,31,Female,2,7297.084,10705.20321,6727.723585,56633.72363,None,Married,1,10,Sales,Sales Executive
2342,ZbDuLjFp,"QaWQoKhm St, TXIAxDDZAB, PUN 514097",92655.76,24-10-2007,17-07-1979,45,Male,,6550.424,21867.66112,13742.81053,107331.0346,Both,,16,24,Human Resources,ERP Head
2343,oNAabefv,"kaBgiwhz St, vRRRysrPMg, KOL 591468",51854.37,24-03-2022,21-10-1998,25,Female,4,6557.563,12238.13599,7691.100718,62958.96827,Life,Married,2,4,Sales,Sales Executive
2344,qWMlcjAs,"USacoZbN St, ypDOCvtZOu, BLR 171086",102273.04,17-04-2020,04-05-1985,39,Female,2,10153.696,24137.4328,15169.25674,121394.9121,Life,Married,4,18,Human Resources,Senior HR
2345,MzeheecP,"vuUgVvWO St, joefeYfgOq, BLR 919655",50591.64,17-05-2022,07-08-1994,29,Male,0,5746.836,11940.11942,7503.81113,60774.78429,Medical,Single,2,8,Marketing,Marketing Representative
2346,CxezFoZp,"LzDifZUA St, uTOqFPYYKy, PUN 247698",67003.69,18-12-2018,26-07-1995,28,Male,1,7609.631,15813.52294,9938.065553,80488.77839,None,Married,5,7,Marketing,Marketing Associate
2347,aHvXofoE,"bxQKVfjH St, LkVHxPRbZI, DEL 377783",136260.35,04-02-2014,11-02-1971,53,Other,4,5819.965,32158.76873,20210.29425,154028.7895,None,Married,10,32,Sales,National Sales Manager
2348,qAmRDeor,"TQlZCnuu St, FsHhMwtPrC, HYD 769812",33786.17,25-02-2022,16-11-2000,23,Male,0,9533.383,7973.864939,5011.204193,46282.21375,Life,Single,2,2,Marketing,Marketing Intern
2349,rZTZxOTq,"nqDQArvU St, XnEuBarckM, CHN 322944",95842.48,20-08-2015,27-08-1984,39,Other,1,3789.752,22619.75805,14215.46857,108036.5215,Medical,Married,8,18,Sales,Regional Sales Manager
2350,dyWcEVmr,"gBtMyWVG St, ZmZAtboHxa, PUN 860027",105292.8,17-01-2017,21-01-1987,37,Other,1,14132.72,24850.12555,15617.15107,128658.4945,None,Married,7,16,Human Resources,Senior HR
2351,jEyydpAE,"SttwLJgy St, dWrmEYixoI, AMD 589470",53880.13,01-04-2022,03-08-1998,25,Male,1,5931.987,12716.23506,7991.563807,64536.78825,None,Married,2,4,Marketing,Marketing Representative
2352,cJHpFgkV,"BXPvZNcl St, boRgHMKAXz, MUB 594718",70242.7,13-02-2019,19-02-1996,28,Female,4,8068.73,16577.96083,10418.4793,84470.91153,Both,Married,5,7,IT,QA Engineer II
2353,dbAtDdif,"fTjpwafN St, dKwwSBmtFf, MUB 571645",115356.93,16-12-2019,28-04-1966,58,Female,1,9836.307,27225.35818,17109.87458,135308.7206,None,Widowed,4,37,Finance,National Account Head
2354,SVseRLTT,"VPSWbazC St, OkcFHkujUa, PUN 341162",73984.97,05-07-2021,26-06-1993,31,Other,4,8971.503,17461.17297,10973.53716,89444.10881,Life,Married,3,10,Human Resources,HR Associate
2355,zJngVuXV,"GAnuscmM St, QcfrvZFlFH, KOL 591488",94838.36,23-10-2000,03-07-1978,46,Male,2,4460.164,22382.77596,14066.53632,107614.7636,None,Widowed,23,25,Marketing,Regional Marketing Manager
2356,bdtyNgUa,"lkKKJjgB St, uIMJNqFcLb, PUN 190118",96174.11,23-07-2020,21-12-1979,44,Female,1,4829.589,22698.02596,14264.65632,109437.0686,None,Married,3,23,IT,Software Engineer III
2357,eGJYegyV,"SyIfHnnb St, gCLzrdKxzp, AMD 185783",92516.71,26-01-2022,06-01-1982,42,Female,1,5204.329,21834.84397,13722.18648,105833.6965,Both,Married,2,21,Sales,Regional Sales Manager
2358,QyOlBIPx,"jqsZwOYo St, OnLfLGNevq, DEL 185308",90057.96,11-05-2020,27-01-1992,32,Female,4,4168.204,21254.55504,13357.5018,102123.2172,Both,Married,4,11,Marketing,Regional Marketing Manager
2359,LRzAmUzJ,"daddLqFc St, uaYMiAgPgA, KOL 212200",61497.43,12-07-2015,19-08-1993,30,Male,0,10466.257,14513.992,9121.370639,77356.30836,Medical,Single,9,9,Human Resources,HR Executive
2360,AODtmUiB,"wSZlkpxi St, CyzbCrPmuK, PUN 543957",64146.77,10-02-2021,18-12-1996,27,Female,2,6685.323,15139.26202,9514.323842,76457.03118,Life,Married,3,6,Sales,Sales Representative
2361,asNwGrlF,"EbmEdnJY St, znsGsZOzQR, CHN 895370",89149.81,09-09-2016,03-09-1980,43,Female,2,4447.019,21040.2228,13222.80394,101414.2479,Both,Divorced,7,22,Sales,Senior Executive
2362,hMjqzveK,"zdBDJpRD St, UHNjtNawNU, BLR 726402",21968.2,01-07-2024,10-06-2002,22,Male,0,5763.18,5184.709002,3258.34908,29657.73992,None,Single,0,1,Marketing,Marketing Development Representative
2363,BebOPvEA,"icLyAtiV St, UUuamPiusP, AMD 116690",77498.26,11-05-2023,06-05-1983,41,Other,2,5765.174,18290.3436,11494.63243,90059.14517,None,Married,1,20,Marketing,Senior Marketing Executive
2364,TlSmysou,"FEFMpdNm St, vJrWmtJaIX, CHN 289366",69174.52,10-04-2020,18-10-1998,25,Other,0,8516.548,16325.85995,10260.04559,83756.88236,Life,Single,4,4,Finance,Account Associate
2365,HruorgLt,"eStAItqO St, qKaGqbAdyQ, MUB 279144",135587.55,20-09-2018,14-08-1973,50,Female,4,9856.245,31999.98139,20110.50377,157333.2726,None,Married,5,29,Marketing,National Marketing Manager
2366,Cwhdmcnq,"UtmeTgml St, MGceGttXxi, AMD 790960",26630.61,13-11-2021,14-12-1999,24,Other,3,5173.939,6285.083139,3949.883177,34139.74896,Medical,Married,2,3,Marketing,Marketing Development Representative
2367,ysebSRSe,"KfkuLcvn St, ZdKegSNGOW, DEL 539905",91406.06,04-04-2014,21-09-1989,34,Female,2,8097.394,21572.71976,13557.45357,107518.7202,Both,Divorced,10,13,Finance,Senior Account Executive
2368,YpOewwzt,"nTNCUyMQ St, khWxdAYTaS, MUB 589065",15300.39,25-09-2023,12-03-2000,24,Other,0,7478.961,3611.040949,2269.371714,24121.02024,Both,Single,0,3,IT,QA Engineer I
2369,hXqvoZaB,"sQNiBoGJ St, WBqlCtAJoT, PUN 189400",141511.24,24-01-2019,03-03-1972,52,Other,3,10187.876,33398.02988,20989.11239,164108.0335,Medical,Married,5,31,Sales,National Sales Manager
2370,ayFilAOU,"LEIcCcVr St, kBLiMNRVPH, DEL 969461",122752.6,21-02-2003,23-05-1976,48,Female,3,12658.74,28970.80827,18206.80899,146175.3393,None,Married,21,27,Marketing,National Marketing Manager
2371,PcknEHZv,"unXVRXJZ St, iNgRQSNoqE, KOL 292599",124470.03,28-05-2019,04-05-1977,47,Female,2,6586.997,29376.13847,18461.54022,141971.6253,Life,Married,5,26,Human Resources,HR Director
2372,WeYqxVPK,"GCfVufUP St, BCFDLWROrs, MUB 667831",80814.02,13-10-2004,05-07-1982,42,Female,1,7672.598,19072.89523,11986.42983,95573.0834,None,Divorced,19,21,Finance,Regional Account Head
2373,tVsFZmlV,"byJopzcj St, coVdefVPPy, KOL 265196",103511.5,12-11-2022,09-08-1978,45,Male,,9989.85,24429.72141,15352.94657,122578.1248,Life,,1,24,Finance,Senior Account Executive
2374,jIeLsbJQ,"KAItqmzS St, GZZdmjmhyU, KOL 917922",142754.37,01-03-1992,16-03-1965,59,Female,1,7406.563,33691.42066,21173.49488,162678.8588,None,Married,32,38,Human Resources,Recruitment Manager
2375,OFsbgERN,"fUJbzThi St, ioNTzpXTUH, KOL 614370",90804.82,17-12-2002,25-04-1979,45,Male,,5258.518,21430.82127,13468.27695,104025.8823,None,,21,24,IT,Software Engineer III
2376,eTfQTlgw,"cToLGAfn St, ZhjZmLZyEu, HYD 890487",143607.48,18-06-2006,04-11-1965,58,Male,1,4266.252,33892.76292,21300.02915,160466.4658,Medical,Married,18,37,Human Resources,Recruitment Manager
2377,GLMROVOK,"SOwfWsFy St, cpWpUBrSMp, HYD 142909",97720.29,09-02-2019,26-01-1991,33,Female,4,8092.971,23062.93949,14493.98754,114382.213,Both,Married,5,12,Finance,Senior Account Executive
2378,QlhOUKQJ,"lElAtNyL St, TBuOZyWsdQ, CHN 361721",146080.61,08-10-2014,07-01-1967,57,Other,2,3525.939,34476.44567,21666.84668,162416.148,Medical,Widowed,9,36,Sales,National Sales Manager
2379,BKpjGbGb,"qVUYXSZr St, VwxOzIZTCs, KOL 646602",81793.93,13-03-2022,02-08-1980,43,Other,2,5637.607,19304.16353,12131.77122,94603.9293,Both,Married,2,22,IT,Software Engineer III
2380,gLCUtYHS,"nvWxfskH St, VdwlUuqKII, MUB 305453",93050.25,16-09-2022,15-12-1989,34,Female,3,5079.975,21960.7646,13801.32175,106289.6678,Life,Divorced,1,13,Finance,Senior Account Executive
2381,NBxdsNFf,"fGUQnnmt St, SqoFHPoPaj, AMD 832619",61858.6,12-04-2020,28-07-1998,25,Female,0,11457.14,14599.23163,9174.939796,78740.03183,Medical,Single,4,4,IT,QA Engineer II
2382,uBLcOsqT,"RDOZFXSJ St, HZUnCxHvTw, AMD 794107",116453.85,21-01-2005,17-07-1965,59,Male,2,7429.615,27484.24197,17272.57104,134095.1359,None,Married,19,38,Sales,Sales Director
2383,sIPPzvBn,"MnaqpolS St, IOJXexFofH, HYD 920397",77685.2,01-05-2015,02-08-1986,37,Other,1,7315.48,18334.46326,11522.35959,91812.78367,Life,Married,9,16,Human Resources,Senior HR
2384,kGrHigch,"HdJToEne St, zoBIFjNiTs, MUB 620707",89900.13,02-11-2020,07-03-1984,40,Other,4,4177.987,21217.30562,13334.09227,101961.3303,Both,Married,3,19,Marketing,Senior Marketing Executive
2385,jxjYkKZB,"HgXIUqov St, zAnrTngrLF, DEL 152863",38003.69,19-02-2024,18-03-2001,23,Female,0,6917.631,8969.240706,5636.751685,48253.81002,Medical,Single,0,2,Finance,Accounts Intern
2386,saLndnXS,"hbnCZgYD St, sXKOANMuED, KOL 508019",45505.28,19-03-2020,19-01-1995,29,Female,2,6989.472,10739.68895,6749.396274,56485.04468,Medical,Married,4,8,IT,Software Engineer II
2387,ZRlIbqWv,"OWyOZmbN St, EfMxhsmBHq, DEL 290336",87224.03,14-08-2011,11-06-1989,35,Female,2,8696.597,20585.71998,12937.17,103569.177,None,Married,12,14,Human Resources,Senior HR
2388,CuUreNRv,"VfUSMScF St, hefixDVTwS, MUB 897063",108833.74,09-03-2018,16-06-1992,32,Male,3,10765.626,25685.82185,16142.34742,129142.8404,Medical,Married,6,11,IT,Software Engineer III
2389,cqiEEbSp,"umwlMpIH St, ObMUUURgkz, HYD 672372",100508.21,12-08-2009,18-01-1978,46,Male,1,12512.179,23720.91574,14907.49509,121833.8097,Life,Married,14,25,Human Resources,ERP Head
2390,TxXcHAAq,"CywhuyDm St, zKxQvoALxP, DEL 171494",108755.06,08-01-2022,05-08-1984,39,Male,1,12848.494,25667.2526,16130.67751,131140.1291,Life,Married,2,18,Finance,Senior Account Executive
2391,icoyZwaT,"JNFApRbx St, PogudgdKdP, HYD 675991",138216.44,07-10-2019,21-03-1968,56,Female,1,10040.356,32620.42501,20500.4238,160376.7972,Medical,Widowed,4,35,Human Resources,Recruitment Manager
2392,OEXILvdY,"xsQYwMtp St, NuecnXsrpf, AMD 290636",115420.9,23-03-2006,03-02-1974,50,Other,2,9722.91,27240.45572,17119.36269,135264.903,Medical,Divorced,18,29,IT,IT Manager
2393,BmpchjmJ,"qFJcYEsb St, lKiQzhwMxD, HYD 801269",102214.84,14-07-2018,28-01-1985,39,Other,1,13450.516,24123.69703,15160.62444,124628.4286,None,Divorced,6,18,Sales,Senior Executive
2394,NeqdtmFw,"mYhOKseo St, gAvLklJXuc, PUN 210056",111906.03,26-07-2010,14-10-1970,53,Female,4,11896.397,26410.91219,16598.03306,133615.3061,Life,Married,13,32,Finance,National Account Head
2395,DfCnMpPg,"GpqoCQCX St, QMZKNhxFhT, BLR 736513",80590.88,04-04-2000,16-03-1979,45,Female,,6221.912,19020.23202,11953.33344,93879.69058,Medical,,24,24,IT,QA Lead
2396,QVaENSKy,"jdADgRzs St, bbKzyLYFaI, PUN 986999",59681.63,08-01-2014,05-11-1993,30,Male,0,6286.837,14085.44552,8852.049063,71201.86346,None,Single,10,9,Marketing,Marketing Associate
2397,QslDddDU,"ksznErAz St, lFDPLwpyLC, CHN 531422",113828.86,14-05-1993,22-08-1964,59,Other,3,12085.114,26864.71878,16883.22945,135895.4633,None,Divorced,31,38,IT,Technical Lead
2398,xQUUcYGN,"ZvZASyUj St, GGGlnRKfnj, AMD 991844",127260.23,14-07-2014,18-10-1972,51,Female,2,11905.977,30034.65282,18875.38594,150325.4739,Medical,Widowed,10,30,Human Resources,HR Director
2399,BcYAOigH,"QRBFLVfs St, vDOGOKvaIr, MUB 669843",91350.04,16-07-2010,05-11-1977,46,Male,2,6817.996,21559.49849,13549.14462,106178.3899,Medical,Widowed,14,25,Sales,Senior Executive
2400,QndurHBj,"CARvkCua St, rsqHRSmSnc, DEL 140795",47318.85,26-05-2014,07-09-1992,31,Male,3,7713.115,11167.70912,7018.387095,59181.28703,Medical,Married,10,10,IT,QA Engineer II
2401,IGyLEwAo,"XeONhzqX St, gMwqtqoqSb, AMD 473729",106900.39,20-09-2014,10-03-1991,33,Other,1,11267.961,25229.53243,15855.59069,127542.2927,Both,Divorced,9,12,Human Resources,ERP Head
2402,aJMQTRTl,"HDAkOXez St, yurqTTLOBE, HYD 225024",58054.76,17-08-2021,22-08-1997,26,Female,0,4216.524,13701.48837,8610.749804,67362.02257,None,Single,2,5,Human Resources,HR Executive
2403,xAQEiHqK,"SSxcHYpm St, JXTUjQuAzB, KOL 745807",88536.72,02-05-2015,18-05-1992,32,Male,4,8835.328,20895.52759,13131.86971,105135.7059,Medical,Married,9,11,Human Resources,Senior HR
2404,eHIRQhRD,"slWkvPMy St, iLqaIkigjq, KOL 669157",53871.33,16-08-2020,14-07-1998,26,Other,3,5908.867,12714.15818,7990.258581,64504.09659,Life,Married,3,5,Marketing,Marketing Associate
2405,BZyJpSEw,"epEBUOTY St, qqIucKEFUO, AMD 246640",89676.29,23-07-2007,15-07-1978,46,Female,2,8923.371,21164.4772,13300.89206,106463.2461,Life,Married,16,25,Finance,Senior Account Executive
2406,POSrPPcU,"wfjpWPuR St, dbTDKLZNOw, HYD 731716",68102.54,22-01-2022,23-12-1993,30,Other,3,9652.746,16072.86224,10101.04827,83727.09997,None,Married,2,9,Human Resources,HR Executive
2407,JUiXLwdW,"lVFnzzIO St, mmChhNEDHa, CHN 683419",143273.8,04-06-2014,07-11-1969,54,Male,3,5039.62,33814.01119,21250.53734,160876.8938,None,Married,10,33,IT,Technical Lead
2408,cUDBuZwB,"VQKoICYy St, BgTyBiBgXS, AMD 986758",75326.22,24-09-2019,11-08-1991,32,Other,3,10460.378,17777.72102,11172.47292,92391.8461,Both,Married,4,11,Marketing,Senior Marketing Executive
2409,hjSuCJYc,"hfxkeCFj St, RNSdxftzyK, MUB 277897",119818.41,25-11-2014,27-01-1968,56,Other,2,12623.159,28278.31088,17771.60651,142948.2734,Life,Widowed,9,35,Marketing,National Marketing Manager
2410,gPUKmwpw,"yYmZSKkz St, jCxCXtYvBM, HYD 597502",148018.81,27-11-2013,12-05-1969,55,Other,1,10100.119,34933.87973,21954.32277,171098.486,Medical,Married,10,34,Finance,Account Director
2411,mGSQuIJY,"mxZxZIuD St, BkuQjTOPEQ, PUN 683360",76153.64,04-01-2018,18-04-1991,33,Female,2,9716.636,17973.00019,11295.19682,92548.07937,None,Married,6,12,Marketing,Senior Marketing Executive
2412,zHdeSSRG,"AoePbViw St, qIIBpHOyqT, PUN 419024",54290.16,06-05-2020,25-01-1996,28,Other,0,5650.984,12813.00613,8052.379936,64701.7702,Both,Single,4,7,Finance,Account Executive
2413,ACAExWqJ,"vpRjtczZ St, AnglhNeKhj, HYD 280841",147434.8,19-12-2016,11-01-1966,58,Female,3,7054.52,34796.04769,21867.70172,167417.666,None,Divorced,7,37,Human Resources,HR Director
2414,AjXAUOvX,"kjXBUPUT St, XHFRDuWrIF, BLR 843402",61860.66,20-07-2013,17-09-1992,31,Female,1,7657.934,14599.71781,9175.245337,74943.06647,Both,Married,10,10,Finance,Account Associate
2415,mRmLmVQg,"IBfjvGdW St, OttzgCtoRc, HYD 628808",111679.22,28-01-2023,07-05-1973,51,Female,4,10387.078,26357.38282,16564.39234,131859.2885,Both,Married,1,30,Sales,Sales Director
2416,HERsGuov,"eQSNwKlT St, loZUZEJzQt, KOL 495127",127481.47,06-05-2002,01-07-1970,54,Male,2,11566.853,30086.86762,18908.20051,150226.9901,Both,Married,22,33,Human Resources,Recruitment Manager
2417,tGcdQVIB,"dpUJLmTw St, qNaJcrvhzl, CHN 770005",94878.34,19-06-2021,19-10-1991,32,Male,3,6855.166,22392.21163,14072.4662,110053.2514,Life,Divorced,3,11,Marketing,Senior Marketing Executive
2418,mXfKkMQH,"soOZSoFx St, mmtYIroiAA, CHN 341582",75840.14,24-07-2018,04-03-1987,37,Female,4,5979.986,17899.01114,11248.69814,88470.43901,None,Married,5,16,Sales,Senior Executive
2419,tldqJxsV,"onRhSOej St, DJuoqJovja, AMD 433822",81025.15,03-06-2023,05-10-1988,35,Other,4,5541.485,19122.72397,12017.74488,93671.61409,Life,Married,1,14,Sales,Regional Sales Manager
2420,tYWXGpoi,"NBwwHiLn St, TvWQaAlBCG, KOL 973942",121324.89,10-12-2007,20-08-1964,59,Male,1,11751.511,28633.85482,17995.04938,143715.2064,Both,Divorced,16,38,IT,Technical Lead
2421,oEjqDkpC,"WKttCQDz St, YnAjmiqXeB, AMD 768560",34961.77,17-11-2021,06-02-2000,24,Other,0,9369.823,8251.317981,5185.570558,47397.34042,None,Single,2,3,Human Resources,HR Intern
2422,hwewasDn,"kWzlidUR St, gWJBEvDguo, BLR 712036",32159.5,28-11-2024,11-04-2000,24,Other,0,9363.05,7589.954988,4769.934599,44342.57039,Both,Single,-1,3,Human Resources,HR Representative
2423,SqqupgBx,"AZWnfMqN St, eYGxggAhNC, AMD 401173",102198.02,06-04-2017,21-06-1989,35,Female,3,8227.198,24119.72735,15158.12968,119386.8157,None,Divorced,7,14,Sales,Regional Sales Manager
2424,croGoIxJ,"xnsHtOts St, pYgmeWvdMD, MUB 610386",83777.93,12-07-2021,15-06-1991,33,Female,2,7735.207,19772.40684,12426.04042,98859.50342,Life,Divorced,3,12,Finance,Regional Account Head
2425,yDxAUFAx,"RvFcPqhM St, bgYTjFCYLZ, BLR 586190",124016.99,05-09-2010,18-09-1966,57,Other,4,9770.301,29269.21662,18394.34479,144662.1628,Life,Married,13,36,Finance,Account Director
2426,luoVDqyI,"VXpHPunD St, sVjFPheFwt, DEL 483586",60774.32,08-11-2021,11-10-1994,29,Female,0,8468.568,14343.331,9014.11812,74572.10088,Both,Single,2,8,Finance,Account Associate
2427,FimHdQVP,"RztSmoCW St, WZKGVAqZUi, KOL 317243",147360.22,23-05-1999,15-04-1972,52,Male,3,6233.978,34778.44608,21856.63993,166516.0042,Life,Divorced,25,31,Sales,National Sales Manager
2428,kRfxNDwA,"MWIuKOAn St, nKdILGxqnx, CHN 593372",99730.48,22-08-2006,18-08-1984,39,Male,3,5672.952,23537.36389,14792.14127,114148.6546,Medical,Married,17,18,Finance,Senior Account Executive
2429,MtaIDRQU,"IfCEDApi St, UkTjSZYIjW, DEL 447883",100663.87,14-11-2007,08-10-1982,41,Other,3,9233.613,23757.65302,14930.58276,118724.5533,None,Married,16,20,Sales,Senior Executive
2430,jCIABGDt,"WHvIufNj St, sqshQAgrNh, AMD 189447",130736.99,03-01-2016,04-01-1976,48,Female,1,6045.301,30855.20202,19391.06304,148246.43,Both,Widowed,8,27,Sales,Sales Director
2431,MwHwDunk,"qdNvhLyT St, KUHsYQpecQ, MUB 129740",51728.54,22-05-2019,06-05-1996,28,Other,0,5660.146,12208.43888,7672.437466,61924.68742,None,Single,5,7,Finance,Account Associate
2432,RDHLrxsf,"HZDFiuZG St, vfPsyXrEQn, AMD 496808",80696.49,08-02-2021,19-04-1986,38,Female,2,8442.351,19045.15701,11968.99764,96215.00037,Medical,Married,3,17,IT,Software Engineer III
2433,TuGUHZdG,"kCGFsPdR St, gwChoQfwZa, CHN 555228",49267.85,21-05-2024,03-04-1998,26,Other,0,6774.215,11627.69209,7307.465051,60362.29204,Both,Single,0,5,IT,Software Engineer II
2434,VKzcPKgO,"XlcAxIcC St, CJSYSqrzuF, HYD 346522",93838.23,23-11-2000,26-10-1977,46,Female,2,8410.177,22146.73555,13918.19587,110476.9467,Medical,Married,23,25,IT,QA Lead
2435,hrpqZPON,"oKCjwDhe St, ORtoHWzKLU, AMD 263847",100485.66,13-04-2013,06-03-1986,38,Other,2,9578.434,23715.59372,14904.15045,118875.5373,Both,Married,11,17,Finance,Regional Account Head
2436,cWgoxaTZ,"eAanoQRj St, PZHZTPjSnU, PUN 762143",100887.77,05-07-2003,28-03-1980,44,Other,3,8361.223,23810.4956,14963.79187,118095.6967,Medical,Married,21,23,Finance,Senior Account Executive
2437,JdTUaBlY,"oujvpJgy St, wmrkyeUQdb, HYD 151730",92176.34,18-01-2021,16-05-1982,42,Other,2,4736.366,21754.51333,13671.7024,104995.5169,None,Married,3,21,Human Resources,ERP Head
2438,eITvebFm,"uVRLblBW St, lUdrXpIRlT, CHN 419291",146245.87,07-07-1990,13-08-1965,58,Other,2,7639.413,34515.44864,21691.35824,166709.3734,Medical,Married,34,37,Human Resources,HR Director
2439,FbfuiDOB,"swJYjLew St, mJgCUnkEnp, HYD 524103",97970.94,28-06-2019,22-12-1986,37,Female,3,6210.906,23122.09533,14531.16424,112772.7771,Medical,Married,5,16,Finance,Senior Account Executive
2440,eQXcDkwr,"oXsJKowp St, OFVLMBEGhD, BLR 640698",118827.92,08-05-2008,14-12-1975,48,Female,2,8095.208,28044.5456,17624.69587,137342.9777,Life,Divorced,16,27,Human Resources,HR Director
2441,UdCjwQiG,"FeRolMHm St, CWFIYJdUfm, PUN 792255",27661.17,16-12-2023,10-10-2002,21,Female,0,6260.883,6528.305328,4102.737039,36347.62129,Life,Single,0,0,IT,Software Engineer I
2442,VGKYomDw,"JxrVJPMw St, mbptSYoKYH, HYD 926493",135916.88,25-07-2014,10-11-1968,55,Male,1,10180.312,32077.70647,20159.35038,158015.5481,None,Divorced,9,34,Human Resources,Recruitment Manager
2443,AKzKIZKz,"HEMMCkOd St, agXVzpLVxp, HYD 311418",120108.99,02-10-2005,20-11-1966,57,Male,2,10332.101,28346.89058,17814.70567,140973.2759,Both,Married,18,36,Marketing,Marketing Director
2444,vwjrAKsp,"YPgZCDub St, otRgCHFNfZ, CHN 247639",137130.85,03-10-2008,02-06-1965,59,Male,1,6048.915,32364.21521,20339.40782,155204.5724,Life,Widowed,15,38,Human Resources,Recruitment Manager
2445,AtoQgZRp,"lIabbPQz St, mECuuGppsf, MUB 290065",111693.09,06-08-2008,14-05-1968,56,Female,3,8197.691,26360.65628,16566.44955,129684.9877,Life,Divorced,15,35,Finance,Account Director
2446,ZfEvAMFz,"bpPWPrWq St, fxtaTdUTqy, PUN 340866",43937.1,10-02-2023,14-09-2001,22,Other,0,7469.29,10369.58321,6516.801985,55259.17123,Medical,Single,1,1,Human Resources,HR Representative
2447,lhHjlkPF,"zKSbLrnN St, cilalbaZIz, HYD 852034",60111.72,21-01-2022,09-12-1997,26,Male,1,8254.828,14186.95095,8915.840514,73637.65844,Medical,Married,2,5,Human Resources,HR Associate
2448,wsVSDxtI,"XWPVmzUF St, MjIRGuogRB, HYD 167128",72001.02,05-05-2019,28-11-1994,29,Other,0,9287.898,16992.94146,10679.27538,87602.58408,Medical,Single,5,8,IT,QA Engineer II
2449,alHVWEIq,"PvjLBWNX St, GICkUcAibp, BLR 375774",131291.49,20-12-1994,11-12-1972,51,Male,1,11605.851,30986.06942,19473.30713,154410.1033,Both,Widowed,29,30,Human Resources,Recruitment Manager
2450,BuUKcvxF,"ZoTjQbcs St, OQsmjUhLRk, KOL 458819",66484.45,01-01-2016,15-10-1992,31,Male,3,10903.555,15690.97725,9861.05127,83217.93098,Both,Married,8,10,Sales,Sales Executive
2451,XFKNqwUl,"MlwzTfad St, paGuVeqVhs, CHN 227418",133411.87,21-04-2018,07-02-1967,57,Other,1,11410.813,31486.49973,19787.80437,156521.3784,Both,Married,6,36,Marketing,National Marketing Manager
2452,iTAXuKlr,"hgVeoYOr St, TwscjnsvZs, BLR 889727",87171.44,07-06-2011,08-02-1979,45,Female,,6003.856,20573.30822,12929.36979,100819.2344,Life,,13,24,Sales,Regional Sales Manager
2453,oVtJNIJC,"cvWkQaFo St, ItUmCVdKPV, HYD 285673",92596.26,06-12-2013,03-01-1980,44,Male,3,7172.374,21853.61854,13733.98542,107888.2671,Both,Divorced,10,23,Human Resources,ERP Head
2454,nhYvrDqQ,"PgWkRNvV St, uyOgsncymg, CHN 473676",104442.35,09-12-2017,08-09-1989,34,Male,3,11306.765,24649.41107,15491.01133,124907.5147,Life,Married,6,13,Marketing,Senior Marketing Executive
2455,WlGrhoKl,"OGhXxlGx St, aCmJeUUPqZ, BLR 714484",83797.29,25-04-2014,24-12-1985,38,Male,3,6424.271,19776.97599,12428.91192,97569.62507,Both,Divorced,10,17,Marketing,Senior Marketing Executive
2456,uJsqBfCa,"LHdiFDzf St, GalfxZvYze, KOL 413336",103154.35,18-04-2002,03-04-1978,46,Male,2,12511.565,24345.43054,15299.97366,124711.3719,Both,Married,22,25,Marketing,Senior Marketing Executive
2457,ukNbNyDR,"bzTRSatA St, aQZPsdvXXD, AMD 937845",133630.41,02-11-2002,17-08-1967,56,Other,2,10637.959,31538.0773,19820.21848,155986.2278,Both,Widowed,21,35,IT,IT Manager
2458,sXQVAtXN,"zaQjMsEO St, mwBzOeFZuz, PUN 584120",84927.52,08-04-2023,03-05-1985,39,Other,1,6170.248,20043.72127,12596.54895,98544.94031,Both,Married,1,18,IT,Software Engineer III
2459,BVrwcbhL,"lUNChoTk St, JCyCiABERq, DEL 510944",137494.65,25-12-2019,14-06-1966,58,Female,2,9083.535,32450.07555,20393.36707,158634.8935,Medical,Widowed,4,37,Sales,Sales Director
2460,IEuLofGd,"wvTDRdWa St, GkAmIgNOGq, BLR 148019",29456.93,10-01-2024,12-02-2002,22,Female,0,4221.307,6952.122165,4369.08626,36261.27291,Medical,Single,0,1,IT,QA Engineer I
2461,YLmiZhqe,"qyqHeIBP St, GvWaVWpRvm, PUN 138399",108337.04,19-12-2024,27-04-1988,36,Male,4,9233.296,25568.59582,16068.6763,127070.2555,None,Married,-1,15,Finance,Regional Account Head
2462,eQhaclpK,"rYRfzdLt St, GaKFAsqLKi, HYD 210191",53279.2,06-03-2016,01-06-1995,29,Male,0,5427.08,12574.40973,7902.433168,63378.25656,Life,Single,8,8,Human Resources,HR Associate
2463,ToQSqkrF,"OvJaHsQk St, IyGsuBQODn, DEL 295527",89449.81,25-06-2022,20-09-1988,35,Female,2,5816.019,21111.02572,13267.30029,103109.5544,Medical,Married,2,14,Human Resources,Senior HR
2464,mfkbRxnd,"WYoxdtVM St, maasZQUCTE, HYD 667874",117613.22,15-06-2019,04-05-1972,52,Female,3,7719.678,27757.86457,17444.53015,135646.2324,Medical,Married,5,31,Marketing,National Marketing Manager
2465,PHQHntVB,"wUuTcbdJ St, MhWApoaftR, AMD 276159",92524.22,26-06-2013,24-09-1987,36,Male,3,5828.578,21836.6164,13723.30037,106466.114,None,Married,11,15,Marketing,Senior Marketing Executive
2466,NswKAvIU,"VAoBsmne St, lTllMcZGNt, HYD 628554",51078.46,26-01-2022,16-02-1994,30,Female,0,4930.154,12055.01367,7576.016841,60487.61083,None,Single,2,9,Finance,Account Associate
2467,gaQwBRYb,"WYvAoYgu St, tPUiTkFSXc, DEL 603631",16210.14,26-02-2023,19-12-1999,24,Other,0,8319.986,3825.750803,2404.306896,25951.56991,None,Single,1,3,Sales,Business Development Representative
2468,amudaQEP,"ZoQBEnDM St, hPuHrvuZqV, HYD 156477",79700.08,14-03-2013,28-06-1985,39,Female,3,9146.992,18809.99455,11821.20895,95835.8576,Medical,Married,11,18,Finance,Senior Account Executive
2469,TUkFeRhB,"yUBXwlWx St, pivCpGlkqm, KOL 834340",21847.51,21-03-2024,25-06-2002,22,Female,0,6877.249,5156.224988,3240.448199,30640.53579,Life,Single,0,1,IT,Software Engineer I
2470,qZlGPsfn,"ufJlAOIf St, sxsZUoYVKE, BLR 711918",107826.55,15-10-2001,14-08-1980,43,Male,4,10226.345,25448.11521,15992.95982,127508.0504,Both,Married,22,22,Human Resources,ERP Head
2471,aVWgEiDY,"feTrXtJI St, AFZSymaqOF, AMD 685717",67694.86,08-09-2024,09-03-1999,25,Female,0,8757.514,15976.64579,10040.58069,82388.4391,None,Single,-1,4,Sales,Sales Executive
2472,NPoPyPQR,"fhurlPeg St, MSiyGSfQZh, BLR 871232",116991.02,06-04-2018,24-05-1973,51,Female,3,12927.898,27611.01932,17352.24472,140177.6926,Both,Married,6,30,Marketing,National Marketing Manager
2473,knfvoQUX,"GMMchHVJ St, aFVqunrsxm, HYD 297602",76838.5,05-03-2023,21-11-1989,34,Female,1,8490.15,18134.63382,11396.77606,92066.50776,None,Married,1,13,Human Resources,ERP Head
2474,UYABVqIp,"RfTfVDCf St, amddbERPVc, HYD 224685",112993.6,23-09-2000,04-04-1967,57,Male,2,13488.64,26667.58929,16759.34272,136390.4866,Life,Married,23,36,Finance,National Account Head
2475,ohXmNtHW,"uYimeWdS St, bgAvtnrXde, KOL 621379",76620.36,15-01-2023,18-01-1988,36,Female,2,5538.964,18083.15066,11364.42128,88878.05338,Life,Married,1,15,Finance,Regional Account Head
2476,oKYIIUsj,"XNEYBFzc St, hxzhywpwyP, BLR 285520",133318.76,08-10-1995,19-07-1974,49,Male,1,5956.124,31464.52487,19773.99418,150965.4147,None,Divorced,28,28,Finance,Account Director
2477,REaclORE,"NhuMFHMg St, jjrMIdnHjK, HYD 205907",48271.57,17-01-2018,02-09-1994,29,Female,4,6276.843,11392.56032,7159.695638,58781.27768,Life,Married,6,8,Finance,Account Executive
2478,ZmaYuZLJ,"XDpakpkB St, nlslZyCfpR, DEL 588815",79716.59,06-04-2018,06-05-1986,38,Female,2,5437.341,18813.89107,11823.65773,92144.16434,Medical,Married,6,17,Human Resources,Senior HR
2479,wntSMxQa,"ceGXRNPK St, pjrheyKByT, DEL 901164",109176.49,09-08-2007,20-09-1983,40,Other,1,12872.351,25766.71418,16193.1845,131622.3707,Medical,Married,16,19,Human Resources,ERP Head
2480,YfqHOiqx,"xHrxUQyp St, NuRDujjtzi, CHN 312415",117696.18,28-01-1998,20-07-1972,51,Other,2,9843.382,27777.44394,17456.83487,137860.1711,Life,Married,26,30,Marketing,National Marketing Manager
2481,MxSaqwzp,"ueNfPhvT St, iXZEbzcnos, CHN 805689",81421.07,24-04-2020,18-03-1989,35,Male,2,5271.893,19216.16494,12076.46819,93832.65975,Life,Married,4,14,Finance,Senior Account Executive
2482,XvSgVACe,"wjBSYrhn St, srFAzIIPbv, CHN 749036",54553.58,19-08-2019,25-06-1996,28,Female,4,4586.642,12875.17582,8091.450698,63923.94712,Medical,Married,4,7,IT,QA Engineer II
2483,UmJhHszN,"xxJLFfKg St, YQYrXWzhvI, DEL 494224",67339.6,11-07-2023,23-04-1998,26,Male,0,9397.04,15892.80097,9987.888117,82641.55286,None,Single,1,5,Finance,Account Executive
2484,mVKCISic,"rYILpnCq St, VMgLqBZoFn, DEL 343044",26111.35,03-08-2021,04-10-2000,23,Female,0,5246.865,6162.532725,3872.865927,33647.8818,Medical,Single,2,2,IT,Software Engineer I
2485,dMZEjmmE,"UZMrkVVV St, yHaowdXJuW, CHN 692700",66310.29,20-10-2016,14-08-1992,31,Other,4,7010.971,15649.8738,9835.219655,79135.91514,Both,Married,7,10,Marketing,Marketing Associate
2486,ScOsAZob,"lJNSefpW St, YxGtLbfWUz, AMD 364903",21002.76,25-08-2023,28-07-1999,24,Female,0,6538.724,4956.855766,3115.153892,29383.18587,Medical,Single,0,3,Finance,Account Representative
2487,WJIXrffk,"uAbMuHOj St, GsaODRhWDF, PUN 300384",121206.7,25-02-2024,27-05-1969,55,Other,2,7823.33,28605.96083,17977.5193,139658.4715,Medical,Widowed,0,34,Marketing,Marketing Director
2488,jEsdMsao,"gMNlxfWo St, ejqZZoYCGq, AMD 851895",54973.99,22-10-2019,10-07-1995,29,Female,2,4676.601,12974.39667,8153.8064,64471.18127,Both,Married,4,8,Finance,Account Associate
2489,XkUBwyjH,"TwQhPcgO St, muBrWZDNrN, KOL 138832",118786.16,21-03-2009,26-11-1968,55,Other,4,9080.384,28034.68983,17618.50198,138282.7319,Both,Married,15,34,Marketing,Marketing Director
2490,rSzBRfIf,"FPLWRyWA St, KjkYlQYCxD, PUN 991752",146440.84,06-11-2008,26-01-1965,59,Other,1,9062.916,34561.46345,21720.27641,168344.943,Both,Married,15,38,Sales,Sales Director
2491,MtyBinOJ,"uJGJsqde St, OOdzHirLbi, MUB 494037",87354.02,10-05-2021,01-02-1991,33,Female,3,8756.598,20616.39888,12956.45027,103770.5666,Both,Married,3,12,Marketing,Regional Marketing Manager
2492,AhkgHkZj,"ugfBTTOM St, LkInwBENVn, AMD 746350",70578.51,06-06-2022,14-04-1996,28,Other,1,7566.149,16657.21526,10468.28703,84333.58722,Life,Married,2,7,Human Resources,HR Executive
2493,irlYfsSy,"kAqDZwYJ St, QgJOsMqqSU, HYD 905594",99874.05,10-06-2022,08-09-1977,46,Male,4,5948.595,23571.24781,14813.43574,114580.4571,Medical,Married,2,25,IT,QA Lead
2494,vOAwteby,"YspVhPJj St, iwpFSvudEq, CHN 446051",126776.26,03-10-2010,03-09-1972,51,Male,2,8437.374,29920.43119,18803.60294,146330.4622,Both,Married,13,30,Human Resources,HR Director
2495,xLYCLgEa,"tLLNREmX St, nFMfFeMsnt, CHN 807747",80768.32,02-02-2012,06-04-1989,35,Other,1,9240.168,19062.10959,11979.65155,97090.94604,Both,Divorced,12,14,Human Resources,ERP Head
2496,nXlSLSum,"jeJCZPuk St, ArsTMQgQyO, CHN 119881",58308.26,06-12-2019,07-06-1997,27,Female,0,6016.174,13761.31684,8648.34922,69437.40162,Life,Single,4,6,Sales,Sales Executive
2497,xKDwwlWL,"OACggSVH St, IgiXAUnOfz, MUB 147049",45886.49,11-07-2018,28-11-1997,26,Other,3,8250.351,10829.65822,6805.937787,58160.56144,Both,Married,6,5,Sales,Sales Representative
2498,MebYOPqn,"gmGNQfbO St, gpHVWKdkgE, HYD 820821",138681.06,16-05-2004,03-07-1970,54,Other,2,4263.894,32730.07985,20569.33678,155105.6971,None,Married,20,33,Finance,Account Director
2499,gMMMWpBu,"OPcjUoLU St, yYUuuUgFUA, AMD 669941",80272.75,13-05-2019,15-10-1978,45,Other,,9852.725,18945.15024,11906.14803,97164.47721,Both,,5,24,Finance,Senior Account Executive
2500,eVMYbjGn,"EOCTUvPm St, ulBqmEnXQf, PUN 366813",118911.52,13-06-1992,03-11-1969,54,Other,4,7000.848,28064.27601,17637.09552,136339.5485,Both,Married,32,33,IT,Technical Lead
2501,NPvCZHVN,"DcEVOERG St, AscDCzsMMg, BLR 172287",147577.56,15-02-2010,11-07-1970,54,Male,1,5015.244,34829.74044,21888.87605,165533.6684,Medical,Married,14,33,IT,IT Manager
2502,cSiMMTly,"YFzJxqpe St, VpwihOSHxE, MUB 855810",62122.43,05-08-2022,15-08-1998,25,Female,2,7852.757,14661.49808,9214.071369,75422.61371,Life,Married,1,4,Human Resources,HR Executive
2503,FjTrDoOW,"MfIZTFRA St, sXFAezfBKA, MUB 163750",103617.23,23-11-2011,12-10-1980,43,Male,4,12821.277,24454.67472,15368.62857,125524.5532,Both,Married,12,22,Marketing,Senior Marketing Executive
2504,hzKcExyn,"FpwNvftr St, oInCvLqNwn, KOL 900380",26319.91,19-06-2023,21-12-2001,22,Other,0,4511.009,6211.754915,3903.79979,33138.87413,Both,Single,1,1,IT,Software Engineer I
2505,yyWfJnnU,"nsUPNiGK St, uAWPoZPttm, CHN 281663",33171.2,16-12-2023,24-04-2001,23,Male,0,9647.88,7828.726034,4919.991124,45727.81491,None,Single,0,2,Marketing,Marketing Development Representative
2506,QtEoIObT,"jFfaidJZ St, CAQmOYMWmc, KOL 237272",139271.34,09-12-2008,28-02-1968,56,Other,2,7714.866,32869.39168,20656.8878,159198.7099,None,Married,15,35,Marketing,National Marketing Manager
2507,oYskmaKw,"XmpgOqcR St, BUvgJYRERC, AMD 257320",140749.13,04-04-2014,22-02-1977,47,Other,1,6616.087,33218.1645,20876.07534,159707.3062,None,Widowed,10,26,Human Resources,HR Director
2508,DFBDyiqi,"cbNVmGVg St, GcaeoyQXnE, BLR 440104",148573.04,17-05-2006,02-04-1977,47,Female,1,4501.696,35064.68341,22036.52681,166102.8926,None,Divorced,18,26,Finance,National Account Head
2509,ibhSvbIa,"KsczISUP St, tKLJwuqtTe, BLR 626088",59445.08,07-01-2021,21-06-1996,28,Female,0,4384.492,14029.61742,8816.963691,69042.22573,Both,Single,3,7,Finance,Account Associate
2510,isVBVSQC,"ASJSZVXr St, urbZBdzUJO, AMD 837267",69698.91,28-07-2019,28-08-1997,26,Other,0,7444.109,16449.62109,10337.82373,83254.81636,Both,Single,4,5,IT,QA Engineer II
2511,UqbGeFYm,"iHVKYGIe St, eNrxPRvjMp, KOL 609084",74826.24,28-04-2021,17-03-1997,27,Female,0,6522.376,17659.72088,11098.31531,87910.02157,Both,Single,3,6,Sales,Sales Representative
2512,ATAOcQOi,"iFKejRxN St, oMliLYKYui, CHN 913450",139165.85,26-04-2008,14-07-1970,54,Male,1,7049.415,32844.49501,20641.2414,158418.5186,Both,Widowed,16,33,IT,IT Manager
2513,ZqXhKKOx,"xzltOaKQ St, fZYTqbevWh, KOL 434952",39280.39,11-07-2021,03-04-2000,24,Male,1,8903.961,9270.554331,5826.11332,51628.79201,Medical,Married,3,3,Marketing,Marketing Intern
2514,lktSQXuX,"hdQLjLID St, QrrFMpwXLS, KOL 597242",63908.72,27-06-2021,04-11-1996,27,Male,0,10498.128,15083.0799,9479.015988,80010.91191,Life,Single,3,6,Human Resources,HR Associate
2515,KiXgiuDA,"zbyHUyDY St, bGueQQkIgU, KOL 640568",131123.59,14-07-2017,21-08-1966,57,Male,1,6172.641,30946.44338,19448.40401,148794.2704,Medical,Married,7,36,Sales,National Sales Manager
2516,CrTMQoUS,"KKXsrxEV St, KNKJgfzUxH, HYD 924619",123764.72,08-08-2007,04-05-1964,60,Other,3,8728.528,29209.67844,18356.92781,143345.9986,Life,Divorced,16,39,Finance,Account Director
2517,WJUVJqJR,"mucbbJZz St, IYJotTNgOO, BLR 818049",121028.74,15-05-2003,25-03-1970,54,Male,3,12287.126,28563.96054,17951.12406,143928.7025,Both,Married,21,33,Marketing,National Marketing Manager
2518,upcfPZtE,"UEYOzwBr St, CUhJKvpLRY, KOL 279584",129184.24,14-11-2021,13-03-1965,59,Female,2,8936.576,30488.73791,19160.75735,149448.7966,Life,Divorced,2,38,Human Resources,HR Director
2519,woUVJxEq,"HODEWWmF St, McuEEDJWhI, MUB 929413",140946.68,25-07-1985,10-01-1964,60,Female,2,7197.332,33264.78822,20905.37619,160503.424,None,Married,38,39,IT,Technical Lead
2520,mdWmHaVR,"jKFDlEXj St, kSliBEVbkG, HYD 503542",149515.42,03-06-1999,17-01-1964,60,Other,3,9546.458,35287.09426,22176.30171,172172.6705,Medical,Married,25,39,Human Resources,HR Director
2521,zalbGhYw,"xyRwoiTb St, IRBUthoIHy, AMD 762964",59772.53,23-04-2020,15-01-1995,29,Female,0,4874.747,14106.89881,8865.531457,69888.64435,Both,Single,4,8,Finance,Account Associate
2522,nuDpsNEb,"BPcVadkI St, UPjVoogUcx, MUB 277546",143458.09,16-08-1988,11-05-1967,57,Male,2,8052.191,33857.50543,21277.87145,164089.915,Life,Widowed,35,36,Marketing,National Marketing Manager
2523,prhAvHYf,"meZgWbUx St, dvnBMZfvvl, AMD 909738",53783.89,28-02-2024,17-03-1998,26,Other,0,4655.611,12693.52148,7977.289378,63155.73311,Both,Single,0,5,Marketing,Marketing Representative
2524,hoVpNHeN,"tyHcOKCR St, sRyxyeAxev, AMD 294594",126569.18,11-11-1996,27-10-1974,49,Other,1,11288.082,29871.5583,18772.8886,148955.9317,None,Widowed,27,28,Marketing,Marketing Director
2525,asFZqETA,"kqWKuPRZ St, ssZYZAXfFo, BLR 269693",47583.47,26-07-2023,04-09-1994,29,Female,0,7143.653,11230.16202,7057.635842,58899.64918,Both,Single,0,8,IT,QA Engineer II
2526,ajJJhbsw,"juUXnVfG St, eSicUHYhEY, PUN 835007",63073.05,13-05-2019,25-06-1997,27,Female,1,7565.695,14885.85365,9355.068438,76169.53021,Both,Married,5,6,IT,Software Engineer II
2527,bJkEsiDS,"Vjvisihs St, LIcFvZyfgh, KOL 797574",99990.54,15-07-2014,11-03-1991,33,Male,3,3496.946,23598.74058,14830.71367,112255.5129,None,Married,10,12,Marketing,Regional Marketing Manager
2528,QgReZKtI,"hzrrmeJW St, yHqtoKOSeF, KOL 268708",102421.35,05-02-2020,06-12-1989,34,Male,2,12502.865,24172.4354,15191.25425,123905.3962,Life,Divorced,4,13,Finance,Regional Account Head
2529,dPPyvxPG,"MNyipMsx St, IsmlVyCiyl, KOL 814795",127167.74,15-02-2012,12-11-1967,56,Other,1,6398.226,30012.82428,18861.66771,144717.1226,None,Married,12,35,Finance,Account Director
2530,hrwJfsKx,"LFNJneev St, qSIQVtTzMW, MUB 782094",29144.9,17-11-2023,13-08-2001,22,Other,0,4886.51,6878.480049,4322.805606,36587.08444,Life,Single,0,1,Human Resources,HR Representative
2531,oXFcHhBi,"YntxbVqj St, GswbXvBmej, PUN 688529",91085.12,02-03-2003,05-04-1980,44,Female,1,6729.488,21496.97479,13509.85138,105801.7314,Medical,Divorced,21,23,Sales,Regional Sales Manager
2532,NPeJSkbY,"HsSWURrl St, xmGLNXSdSM, DEL 601062",72908.51,07-02-2020,17-02-1998,26,Other,2,8081.149,17207.11793,10813.87535,87382.90158,Life,Married,4,5,Finance,Account Associate
2533,UjFHvTvs,"fILFMPxr St, zCzEIrHDTa, CHN 164713",134522.68,07-06-2011,18-06-1969,55,Male,2,10006.732,31748.6617,19952.561,156325.5127,Medical,Married,13,34,IT,IT Manager
2534,wmZqNscK,"kaHgWFXO St, nrkzDNvaZI, BLR 462906",100463.52,28-01-2018,04-12-1979,44,Male,2,13461.648,23710.36847,14900.86662,122734.6699,Life,Married,6,23,Marketing,Senior Marketing Executive
2535,mnTjHGkw,"VORkzWqV St, hnLuJFIyRY, CHN 324225",114206.77,16-08-2007,12-01-1976,48,Male,2,9577.323,26953.90922,16939.28151,133798.7207,Life,Married,16,27,IT,Technical Lead
2536,ronkIuFH,"bSjGacpd St, lCSssOsDii, MUB 184558",52182.13,06-05-2020,18-08-1997,26,Female,0,5979.787,12315.49054,7739.714464,62737.69307,None,Single,4,5,Sales,Sales Executive
2537,mRKaJmcd,"iauMDjdh St, kQIkREKQIo, BLR 818767",110646.24,25-05-2005,08-05-1967,57,Male,2,12408.376,26113.58949,16411.17954,132757.026,None,Divorced,19,36,Human Resources,Recruitment Manager
2538,OtMCTgfV,"PLnrWiMS St, axfqQcTHCg, MUB 749692",94952.63,28-03-2009,02-03-1979,45,Other,,7338.737,22409.74479,14083.48498,110617.6268,Both,,15,24,Marketing,Senior Marketing Executive
2539,WmpfQYcu,"yAsysgKo St, wOeFWJSYRu, KOL 698047",94139.53,01-09-2013,24-11-1991,32,Other,4,7099.047,22217.84528,13962.88503,109493.5372,Both,Married,10,11,Sales,Regional Sales Manager
2540,FQWSCrdf,"ItzdAbhD St, tjwRQxpUlv, AMD 263951",76870.88,23-02-2021,16-12-1987,36,Female,2,10092.912,18142.27582,11401.5787,93704.48912,Life,Divorced,3,15,Finance,Senior Account Executive
2541,dLLASEwG,"OicdwSLK St, bTjmYbTOwa, BLR 493193",87004.98,08-04-2004,08-10-1977,46,Other,2,4846.502,20534.02204,12904.68025,99480.8238,Medical,Widowed,20,25,Finance,Senior Account Executive
2542,iWcudpyo,"FzFSYAwh St, gZgQENPMhe, KOL 561011",116049.75,27-01-2019,13-02-1970,54,Male,1,11952.025,27388.87044,17212.63445,138178.011,None,Widowed,5,33,Human Resources,Recruitment Manager
2543,uPsmjzbO,"GzexfiRc St, GibVAKCYQk, AMD 365061",42802.54,13-10-2023,24-12-2000,23,Other,0,8338.746,10101.81601,6348.522721,54894.57929,Medical,Single,0,2,Marketing,Marketing Development Representative
2544,Rfpdvqgg,"msyUCdoK St, OvGsyUCktd, KOL 254122",92546.43,20-05-2017,18-10-1984,39,Other,1,6149.357,21841.85818,13726.59458,106811.0506,Medical,Divorced,7,18,IT,QA Lead
2545,wcYuMBbI,"ziCpMozX St, pyzTcgiJYc, AMD 764653",52611.42,09-04-2015,15-11-1992,31,Male,3,5136.858,12416.80715,7803.387258,62361.69789,None,Married,9,10,Human Resources,HR Associate
2546,qHtEPPIa,"jujMLHlw St, KGxQCjrvSI, HYD 963357",125361.8,14-08-1989,06-02-1965,59,Male,1,5986.82,29586.60487,18593.80858,142341.4163,Life,Married,34,38,IT,IT Manager
2547,oiAMkslE,"XvnIrSGc St, bxRaNLzuDf, MUB 544629",112677.11,19-12-1993,06-12-1972,51,Other,1,10629.289,26592.89457,16712.40055,133186.893,Medical,Widowed,30,30,Human Resources,HR Director
2548,adfpjcxs,"dUIEYNaX St, KarGIJvWQM, PUN 880148",46229.68,09-03-2022,21-08-1995,28,Female,0,7486.032,10910.6544,6856.840128,57769.52628,Life,Single,2,7,Marketing,Marketing Associate
2549,mgIObipN,"ESfNJsso St, iqnBwhUdIj, CHN 202328",123540.31,27-11-2004,22-11-1974,49,Female,2,11766.969,29156.7155,18323.64306,146140.3514,Medical,Divorced,19,28,Marketing,Marketing Director
2550,lxHuIFic,"UDeXMzfy St, tLDOLwakMd, BLR 311978",61019.75,15-12-2020,04-02-1998,26,Female,4,7634.025,14401.25487,9050.520584,74004.50928,Medical,Married,3,5,Human Resources,HR Executive
2551,oaAJhvrT,"vultmFYs St, koNYZYwQFM, PUN 819028",97741.78,13-06-2023,02-12-1991,32,Male,4,7365.822,23068.01134,14497.17496,113678.4384,None,Married,1,11,Sales,Senior Executive
2552,winXaAnw,"IhpUyWaW St, eDimdcFhQV, PUN 131614",20343.77,12-08-2022,10-04-2000,24,Female,0,7263.623,4801.327713,3017.411726,29391.30899,None,Single,1,3,IT,QA Engineer I
2553,vayfnZDm,"oUDezoZD St, YorINyjWYl, PUN 212952",114134.82,16-01-1990,21-02-1966,58,Female,1,6638.518,26936.92832,16928.6098,130781.6565,Medical,Married,34,37,Marketing,Marketing Director
2554,DjzGTXwa,"LfUZxNqE St, nBjgiKyGOL, MUB 920384",84612.49,04-03-2022,09-10-1984,39,Other,4,6974.751,19969.37112,12549.82333,99006.78878,Medical,Married,2,18,IT,QA Lead
2555,jeVcesMV,"TVTaKeIt St, iiptbyfJYg, HYD 709604",28845.39,09-08-2022,09-03-2000,24,Other,0,6863.461,6807.792774,4278.381933,38238.26184,None,Single,1,3,Marketing,Marketing Development Representative
2556,JgSKjyal,"gHUhzMzi St, rZvIDcBwLn, CHN 966235",77964.61,28-09-2017,04-06-1989,35,Male,2,9117.539,18400.40674,11563.80201,93918.75373,Medical,Married,6,14,IT,Software Engineer III
2557,dMxWujPz,"UanjNurd St, RTzhokqacu, MUB 477491",58893.19,11-06-2022,05-01-1993,31,Female,1,6599.681,13899.36601,8735.106721,70657.13029,Medical,Married,2,10,IT,Software Engineer II
2558,cCrKRnzc,"CDColhaC St, LXUvPxpAls, AMD 466457",135265.55,09-01-1993,17-12-1967,56,Other,2,11233.445,31923.98625,20062.74435,158360.2369,Life,Married,31,35,Finance,Account Director
2559,XLAnqikB,"QypAlKRe St, ezHAEFwIke, MUB 729829",137318.33,01-03-2010,10-03-1977,47,Female,1,9945.167,32408.46231,20367.21508,159304.7442,Life,Divorced,14,26,Finance,Account Director
2560,MCIYyBXX,"buakiuhC St, vBaOMjNwiZ, HYD 437464",67599.89,19-10-2020,13-10-1993,30,Other,0,10078.011,15954.23195,10026.49463,83605.63831,Both,Single,3,9,Finance,Account Associate
2561,BJpAIzxf,"zpaUpkUm St, TFvfIAYRQX, BLR 642895",69307.58,18-06-2018,26-08-1995,28,Female,2,8555.242,16357.26341,10279.78121,83940.3042,Life,Married,6,7,Sales,Sales Representative
2562,wEnFtWqu,"yyEMxvYt St, agtzHjsRwe, PUN 954227",18432.98,02-07-2021,03-05-2000,24,Female,3,7267.702,4350.362676,2734.001121,27317.04356,None,Married,3,3,Sales,Sales Development Representative
2563,PuPSZqzl,"GjYgBbEU St, RfxHThasAw, HYD 927856",105518.11,03-07-2020,10-05-1980,44,Male,3,11795.189,24903.3009,15650.56931,126566.0306,Medical,Divorced,4,23,Human Resources,ERP Head
2564,arlhUOkw,"mKJXcfVo St, bMHJRbbZRi, MUB 743089",147912.27,24-09-2007,05-06-1977,47,Female,4,6946.773,34908.73526,21938.52063,167829.2576,None,Married,16,26,Human Resources,Recruitment Manager
2565,MulasvOv,"ZAfRrFuS St, mVHGqqDslT, KOL 810648",147981.47,25-02-1995,16-09-1969,54,Male,3,3690.853,34925.06713,21948.78446,164648.6057,None,Married,29,33,IT,IT Manager
2566,UQDEAaim,"vAaDmyhz St, OoouVDHjEv, BLR 409405",85695.54,22-05-2021,04-07-1988,36,Female,3,9192.446,20224.98146,12710.46258,102402.5049,None,Married,3,15,Human Resources,Senior HR
2567,DzLEQPTi,"BuiwQSic St, tHInAlhfbf, CHN 293029",139127.92,21-10-2003,01-04-1968,56,Other,1,10709.208,32835.54316,20635.61558,162037.0556,None,Married,20,35,Sales,Sales Director
2568,LXCGotqM,"kExBdkBG St, nsdNDBxwGM, DEL 207888",135591.51,23-05-2006,22-07-1973,50,Other,2,8024.849,32000.91599,20111.09112,155506.1839,Both,Married,18,29,Human Resources,HR Director
2569,eKXJRLzK,"WxhIAdAI St, kcQhbluylQ, DEL 622145",83570.35,21-12-2015,10-06-1989,35,Other,4,7492.965,19723.41594,12395.25191,98391.47902,Life,Married,8,14,Marketing,Regional Marketing Manager
2570,hPvaEmGi,"lKvUeFGn St, gnsvYoCJTr, HYD 132960",104507.65,14-02-2023,18-09-1981,42,Female,1,13696.235,24664.82251,15500.6967,127368.0108,None,Married,1,21,IT,QA Lead
2571,kBDReJFQ,"KJWEPCHg St, eAxiYhSdLN, AMD 900151",101937.26,25-11-2020,20-11-1980,43,Male,2,11556.274,24058.18545,15119.45345,122432.266,Medical,Married,3,22,Sales,Regional Sales Manager
2572,fDbWYJWY,"JYfvtmYP St, ZOdOpQcukV, AMD 898884",44890.29,09-11-2022,28-10-1999,24,Other,0,6259.971,10594.54533,6658.180239,55086.62609,Both,Single,1,3,Human Resources,HR Representative
2573,abKPWmWA,"TGoZCmKK St, VUJHzZfYdn, KOL 816675",105916.75,16-03-2018,21-05-1981,43,Male,4,13688.325,24997.38382,15709.69606,128892.7628,Medical,Married,6,22,Marketing,Senior Marketing Executive
2574,toFNulDx,"dnRfCexZ St, ohlxcsEDgd, BLR 931491",66224.69,18-08-2023,22-11-1996,27,Female,0,7301.531,15629.67136,9822.523364,79333.369,None,Single,0,6,Human Resources,HR Executive
2575,bUwFdocX,"ZateAKTl St, lgdNrqYqTr, DEL 559913",96983.4,20-06-2018,15-06-1988,36,Female,2,7448.66,22889.02628,14384.69115,112936.3951,Both,Divorced,6,15,IT,Software Engineer III
2576,SFUuVHCE,"tDmoHiUe St, IUoancuOhy, MUB 444144",105990.11,21-06-2010,23-06-1986,38,Female,2,12901.989,25014.69749,15720.5769,128186.2196,None,Divorced,14,17,Sales,Senior Executive
2577,VynPUFjK,"YIpYymmJ St, HdRlbOSqDd, DEL 582651",95972.79,27-12-2013,01-03-1988,36,Other,3,5304.721,22650.51248,14234.7963,109693.2272,Life,Married,10,15,IT,Software Engineer III
2578,DPffvsnm,"WqKxMcaF St, xbBHZDDjep, CHN 563226",34468.5,19-02-2023,22-05-2002,22,Male,0,9198.15,8134.90146,5112.408175,46689.14328,Medical,Single,1,1,Human Resources,HR Intern
2579,TlHyVmoT,"hmshCAKw St, RomWWqECRt, AMD 187630",120783.68,02-05-1996,24-02-1970,54,Male,2,7155.632,28506.12399,17914.77648,138530.6595,Both,Widowed,28,33,Finance,National Account Head
2580,NpSAZrYB,"ACHCqEnt St, vgDsERCnyC, HYD 484845",142924.59,28-09-2022,13-11-1974,49,Female,3,3920.541,33731.59423,21198.74211,159377.9831,Both,Married,1,28,IT,Technical Lead
2581,oLGFoLEv,"STuNwauv St, GYhJfzoHbS, CHN 246758",83071.51,15-06-2018,07-02-1990,34,Other,2,4928.849,19605.68484,12321.26338,95284.78046,Life,Divorced,6,13,Finance,Senior Account Executive
2582,SMlysiGy,"dIdTGtPQ St, WaguoAeEvD, PUN 416574",84885.94,17-01-2015,14-02-1981,43,Male,2,8829.406,20033.90798,12590.38176,101158.8722,Both,Divorced,9,22,Human Resources,ERP Head
2583,bxXlMMMm,"HwXZqFEt St, DjHFueKSqC, CHN 648351",127590.77,21-04-2012,26-02-1964,60,Male,4,6946.923,30112.66348,18924.41202,145725.9445,Medical,Married,12,39,Sales,Sales Director
2584,tfXbMzGn,"BSuelNQJ St, ftWhZWfYVB, DEL 487958",116217.61,02-01-2021,16-05-1967,57,Male,4,13338.239,27428.48703,17237.53164,139746.8044,None,Married,3,36,Finance,National Account Head
2585,LBzyNKLo,"XJIljLHm St, WAiLKKuoZg, KOL 233568",85621.93,25-06-2023,02-08-1984,39,Female,1,8246.807,20207.60878,12699.54465,101376.8011,Life,Married,1,18,IT,Software Engineer III
2586,RUOiRDrG,"brPkkORt St, ncaehmWaFM, HYD 195889",34484.4,26-10-2023,22-03-2002,22,Other,0,9113.56,8138.654015,5114.766482,46621.84753,Life,Single,0,1,Marketing,Marketing Intern
2587,lTLvapyx,"NFEJzKtA St, RgLmRoNdFt, PUN 422604",140601.22,01-03-1991,15-08-1970,53,Female,1,8386.878,33183.2563,20854.13716,161317.2171,Both,Widowed,33,32,Marketing,National Marketing Manager
2588,afLAgpsY,"QxyOguqh St, lfeTyiChms, HYD 984168",18484.42,19-03-2023,15-10-2002,21,Other,0,7823.558,4362.503017,2741.630762,27928.85025,Both,Single,1,0,Marketing,Marketing Development Representative
2589,AIuaTaRj,"uSEEhHCH St, sMJRCeDkFE, AMD 355345",72790.75,21-03-2019,12-02-1995,29,Male,0,8213.925,17179.32543,10796.40905,87387.59137,None,Single,5,8,Finance,Account Executive
2590,vSlrNCfK,"XJzyWCEC St, vydzAeoCiw, MUB 836285",90354.56,07-02-2007,17-06-1981,43,Male,3,4708.544,21324.55552,13401.49386,102986.1657,Life,Divorced,17,22,Sales,Senior Executive
2591,HEUhwtJg,"AAJKuosB St, ZhhmgeMoaj, CHN 296416",138079.79,21-01-2012,16-02-1972,52,Female,1,9299.021,32588.17428,20480.15571,159486.8296,Both,Married,12,31,Sales,National Sales Manager
2592,dvkXcgUd,"CXvNHttw St, snljfYnaUw, CHN 914236",90018.84,14-04-2020,21-01-1984,40,Other,4,6744.116,21245.32234,13351.69948,104656.5789,Medical,Married,4,19,Sales,Regional Sales Manager
2593,ZkkFMaSx,"LxjQteAF St, uXsegfEKve, BLR 601233",93217.98,07-05-2011,15-07-1984,40,Female,3,7675.202,22000.35051,13826.19966,109067.3328,None,Married,13,19,Finance,Regional Account Head
2594,MtZFUAOF,"BmHzeqDb St, zlmZvGNfZy, CHN 758487",144390.26,19-04-2006,26-07-1968,55,Female,1,10072.974,34077.50662,21416.13199,167124.6086,None,Widowed,18,34,IT,Technical Lead
2595,mEDnbiMG,"NfXZjLwz St, MmnfgZVcqM, BLR 794870",76172.24,19-08-2013,11-11-1983,40,Other,3,7206.776,17977.38998,11297.9556,90058.45038,Life,Married,10,19,Human Resources,Senior HR
2596,dcVmWdpy,"DMYLMDky St, AWMdWyHmtg, PUN 431382",136711.28,07-04-2013,03-06-1977,47,Female,1,7166.872,32265.1926,20277.17671,155866.1679,Both,Widowed,11,26,Marketing,Marketing Director
2597,xpkkfeOE,"LClFdLmS St, ObqgozKYWx, PUN 346725",79540.93,06-01-2024,16-02-1985,39,Male,3,7659.907,18772.4336,11797.60363,94175.66697,Life,Married,0,18,Sales,Senior Executive
2598,TDcOKjfB,"kAHoTDfc St, DjOhPsLGyB, HYD 253000",106166.42,15-05-2012,04-02-1985,39,Male,4,13932.358,25056.30837,15746.7274,129408.359,Medical,Married,12,18,Marketing,Regional Marketing Manager
2599,oAmbmpTG,"SXXjMpog St, yktThCQxId, HYD 151682",141107.17,20-12-2023,16-09-1969,54,Female,1,9265.283,33302.66543,20929.18025,162745.9382,None,Divorced,0,33,Sales,Sales Director
2600,mRzBKncp,"IlkObtwm St, vMoAeqldfQ, BLR 357771",121263.55,06-01-2000,02-04-1969,55,Other,1,8516.645,28619.37798,17985.95136,140413.6216,Medical,Married,24,34,Sales,National Sales Manager
2601,gpTQZbwV,"wBikjVTi St, IkMuCNCQRC, BLR 590522",141161.77,01-08-1988,13-06-1964,60,Female,1,8342.823,33315.55156,20937.27859,161882.866,Life,Married,35,39,Sales,National Sales Manager
2602,qKkQxxkS,"BAOAuAAi St, MIoTggQjFF, KOL 344049",98384.86,05-02-2022,18-03-1992,32,Female,1,3581.514,23219.78448,14592.55734,110593.6011,Both,Married,2,11,Human Resources,Senior HR
2603,CoNdBNRE,"KgPSXpiX St, wbZsFIyJmt, CHN 623046",87518.88,19-03-2017,03-12-1980,43,Male,2,6241.112,20655.30745,12980.90249,101434.397,None,Married,7,22,Finance,Senior Account Executive
2604,eouPlBMc,"doNSjDJC St, kFtpLuqlmN, BLR 533461",105189.64,17-06-2017,09-11-1982,41,Male,1,11170.036,24825.77878,15601.85025,125583.6045,Both,Divorced,7,20,Human Resources,Senior HR
2605,PaGiUbOF,"UIRsUnLO St, SkFiWYmfSJ, KOL 753111",37806.71,26-11-2022,04-12-2001,22,Female,0,7077.329,8922.751509,5607.535381,48199.25513,Both,Single,1,1,IT,QA Engineer I
2606,PUgUSLQQ,"DUsOYhaw St, CcwUAiHLcx, MUB 773711",125893.52,25-02-2010,28-07-1969,54,Other,1,11656.648,29712.09596,18672.67392,148589.59,Life,Divorced,14,33,Human Resources,HR Director
2607,xniOGCfL,"pRNTzAvh St, HMXTWZkPAx, PUN 165913",112332.93,08-10-2006,02-10-1975,48,Female,1,9871.707,26511.66474,16661.35137,132054.9504,Medical,Widowed,17,27,Marketing,National Marketing Manager
2608,sgDIEqIo,"jgmHaRYw St, EioDLnWAvH, CHN 129465",104741.47,19-09-2013,17-03-1988,36,Female,4,13665.853,24720.0063,15535.37716,127591.9521,Life,Married,10,15,Marketing,Regional Marketing Manager
2609,gOdFxwMK,"GxgcpnIT St, zPmrXnaqIr, DEL 426127",84449.52,19-10-2001,25-07-1977,46,Other,1,6603.048,19930.90861,12525.65143,98457.82518,Both,Widowed,22,25,Marketing,Senior Marketing Executive
2610,QpsxYyeq,"ZbYtrbrd St, WmtQSfVEBU, KOL 674582",79507.75,27-08-2022,07-04-1983,41,Other,3,7552.225,18764.6028,11792.68234,94031.89546,None,Divorced,1,20,IT,Software Engineer III
2611,seBXBYDf,"StNcNlpU St, CorHTUiHsl, MUB 383592",126284.53,17-05-2019,02-06-1977,47,Female,2,10972.547,29804.37813,18730.66898,148330.7862,Both,Married,5,26,Sales,National Sales Manager
2612,KnugGsTv,"AoZFYXlp St, RbeKZaUeYI, MUB 435409",76310.43,10-12-2012,10-04-1979,45,Female,,10083.957,18010.00416,11318.4521,93085.93906,Medical,,11,24,Human Resources,Senior HR
2613,WBjHadPr,"FNBjCNwA St, HdaNUQWPLi, CHN 889406",67546.49,10-11-2022,14-04-1996,28,Other,0,9858.351,15941.62903,10018.57428,83327.89574,None,Single,1,7,Human Resources,HR Executive
2614,glLBdHHf,"PQcVVVkq St, VxdTqfqDQq, KOL 865427",77209.31,16-02-2010,06-05-1989,35,Other,3,6443.069,18222.14859,11451.77503,90422.75256,None,Married,14,14,Human Resources,ERP Head
2615,wHRvoHLK,"DcZOcxOP St, fhYYYNuRVH, BLR 823174",22963.52,21-11-2021,08-01-2000,24,Female,0,5679.648,5419.614209,3405.976105,30656.8061,None,Single,2,3,Marketing,Marketing Intern
2616,IzBRncvp,"IbQYJUgU St, MEsFSNmCWa, MUB 840891",117228.95,18-10-2008,12-08-1976,47,Male,1,9248.105,27667.17311,17387.53477,136756.6933,Life,Widowed,15,26,Finance,National Account Head
2617,kfRWvaRv,"ilHBxhYG St, SoDWSHWCZo, KOL 417102",99942.88,07-01-2017,12-06-1978,46,Male,2,5424.712,23587.49236,14823.64468,114131.4397,Life,Married,7,25,Finance,Senior Account Executive
2618,GWAdBZZw,"Lqccvhcu St, MCIqkzrPna, HYD 794079",114956.76,12-08-2020,08-05-1972,52,Male,3,6999.324,27130.91416,17050.5209,132036.4773,Both,Married,3,31,Human Resources,HR Director
2619,nnvatMKF,"vCvstTHK St, XYplfGNjVs, HYD 427017",139809.78,12-05-2017,01-04-1969,55,Other,1,5160.022,32996.46876,20736.74985,157229.5209,Medical,Widowed,7,34,IT,Technical Lead
2620,oNCGWume,"wKBvIaWG St, TzjBICGWUs, AMD 485537",81789.43,02-12-2010,20-11-1981,42,Female,3,8574.057,19303.10148,12131.10378,97535.48471,None,Married,13,21,Human Resources,Senior HR
2621,gsewHcPh,"EYIHRasO St, PtTGmHwGme, CHN 733999",120558.99,16-10-2016,21-11-1970,53,Female,1,7486.101,28453.09496,17881.4502,138616.7358,None,Married,7,32,Marketing,Marketing Director
2622,lVEeIykw,"wVQtgkgZ St, edbkfMaGwg, HYD 861680",134961.52,22-11-2014,18-11-1974,49,Male,4,6313.848,31852.23221,20017.65027,153109.9499,None,Married,9,28,Sales,Sales Director
2623,QbDbsYoX,"qbqMnNpS St, iZKYIDKDnw, DEL 750722",92365.98,19-03-2018,11-07-1986,38,Female,2,3938.402,21799.27022,13699.83003,104403.8222,None,Divorced,6,17,Finance,Regional Account Head
2624,rdoHKrBR,"GMtIwqpd St, GucNctfzJy, BLR 446629",85889.42,20-10-2014,16-02-1991,33,Male,2,6517.058,20270.73903,12739.21908,99937.99794,Both,Divorced,9,12,IT,QA Lead
2625,OHdwVaJM,"msIqxinm St, JBCWpEHTyz, BLR 600905",118761.7,24-02-2007,21-12-1965,58,Male,1,11325.83,28028.91703,17614.87404,140501.573,Both,Divorced,17,37,Human Resources,HR Director
2626,tyqvqODJ,"swsvJPSw St, PurmcfPjln, CHN 738056",149690.71,23-12-2023,09-11-1973,50,Other,2,6498.929,35328.4644,22202.30093,169315.8025,Both,Married,0,29,IT,IT Manager
2627,DbQMRSGW,"xcXkTrfU St, wUQUDFHqQr, BLR 533912",67104.2,24-03-2019,11-05-1998,26,Other,0,9985.58,15837.24428,9952.973314,82974.05097,Medical,Single,5,5,IT,QA Engineer II
2628,GNtYczIT,"BfkMOmTD St, EwemWsPYyS, PUN 890609",89269.6,17-04-2016,10-08-1979,44,Female,4,7177.04,21068.4944,13240.57133,104274.5631,Medical,Married,8,23,Marketing,Senior Marketing Executive
2629,IeTtiVxQ,"vuzpPCUL St, wvlilaVgzI, DEL 942842",106699.56,14-11-2013,19-04-1986,38,Male,4,8114.044,25182.1346,15825.80335,124169.9352,Both,Married,10,17,IT,Software Engineer III
2630,bteIrxWT,"XiGZCpbV St, BtQrQOLPvP, BLR 362059",29973.8,09-03-2023,05-03-2000,24,Female,4,4076.62,7074.108516,4445.749022,36678.77949,Both,Married,1,3,Sales,Business Development Representative
2631,KMNhRIbt,"cnesUaZg St, CvbJYNOONF, BLR 713438",127343.04,21-06-2003,11-09-1969,54,Other,1,11255.696,30054.19679,18887.66841,149765.2644,Life,Divorced,21,33,Marketing,National Marketing Manager
2632,iiUyNphY,"bxUjqEQh St, aJFsDeBdQy, AMD 898653",108570.25,14-06-2004,25-07-1978,45,Female,,14103.975,25623.63564,16103.26628,132194.5944,Medical,,20,24,Finance,Senior Account Executive
2633,BPgTLUiE,"JrEkEhCn St, ezefySkJDb, AMD 998444",79790.92,19-03-2020,05-10-1989,34,Female,1,6406.908,18831.43367,11834.68244,93194.57923,Life,Married,4,13,Marketing,Regional Marketing Manager
2634,lbMQPysf,"GlcFEBhH St, vZbbxAjUcO, HYD 541516",59631.75,07-07-2024,08-03-1999,25,Male,3,5470.825,14073.67336,8844.650803,70331.59755,Life,Married,0,4,IT,Software Engineer II
2635,UUlvoumO,"LHotAPWZ St, JJtRtgJTTt, DEL 631855",47646.65,10-02-2015,26-12-1994,29,Other,0,6251.335,11245.07311,7067.006774,58076.05134,Medical,Single,9,8,Human Resources,HR Executive
2636,uRnPBqNA,"QxFJbpFp St, xOiGxILYIg, PUN 426842",130628.36,11-06-1989,21-01-1966,58,Male,1,9870.164,30829.56428,19374.95091,151953.1374,Both,Married,35,37,Human Resources,HR Director
2637,mrAQXyiC,"ZSDeRdCJ St, VBnRaiIEVE, MUB 340670",106230.88,07-10-2014,11-08-1988,35,Other,3,13371.912,25071.52156,15756.28819,128918.0254,Life,Married,9,14,Marketing,Senior Marketing Executive
2638,AZIOTaTT,"aWSCkvbI St, vypuvBXfCC, DEL 603208",32788.9,07-02-2022,25-03-2000,24,Male,4,7588.11,7738.499513,4863.287942,43252.22157,Medical,Married,2,3,Finance,Account Representative
2639,jgVbsLwr,"KQraUlfJ St, CqknMaxvvc, MUB 470002",107238.61,18-11-2012,13-04-1991,33,Male,4,9867.139,25309.35564,15905.75588,126509.3488,Both,Married,11,12,Human Resources,ERP Head
2640,iQhLepRY,"AERtLYhT St, YnJiVQudMJ, DEL 253792",46816.71,28-08-2019,10-07-1993,31,Other,1,7975.329,11049.1992,6943.909104,58897.32909,Life,Divorced,4,10,Human Resources,HR Executive
2641,cpdvBEfX,"hJVyaIIR St, OIaosXcVjX, BLR 415700",123490.45,04-12-1996,19-03-1964,60,Female,2,12188.955,29144.94805,18316.24777,146508.1053,Both,Married,27,39,Finance,Account Director
2642,rLSuvLjb,"lqNSqayL St, lDBiGITuvy, CHN 846710",87322.48,18-08-2018,18-06-1989,35,Female,2,8163.752,20608.95513,12951.77222,103143.4149,None,Married,5,14,IT,QA Lead
2643,XyuYkpBU,"KaocwSaK St, putbOjqazI, HYD 440202",136191.99,10-07-2024,16-06-1975,49,Male,1,7149.801,32142.63511,20200.15501,155284.2711,Medical,Married,0,28,Finance,Account Director
2644,CxOXanVm,"sWYwCycI St, wQovxAtohu, HYD 441007",65714.43,05-12-2022,08-08-1995,28,Male,2,7739.557,15509.24504,9746.841004,79216.39103,Life,Married,1,7,Finance,Account Associate
2645,nBuWxfrM,"iUZvenjQ St, eNeHsKdwDi, CHN 174150",65669.66,01-02-2014,27-07-1993,30,Female,0,7888.034,15498.67888,9740.200666,79316.17222,Life,Single,10,9,Human Resources,HR Associate
2646,hevLAxQq,"qZeMgTGX St, FOlDJHWtmI, MUB 837073",102026.9,02-06-2012,26-02-1988,36,Male,1,11711.31,24079.34136,15132.74896,122684.8024,Both,Married,12,15,Finance,Senior Account Executive
2647,aXpQBREk,"mxmobctb St, qyxJVRAOrs, AMD 512185",96529.03,05-03-2016,17-02-1989,35,Female,2,6617.097,22781.79054,14317.29846,111610.6191,Medical,Divorced,8,14,Marketing,Senior Marketing Executive
2648,cIJhAeJg,"GBKIPZor St, PCvVnpCudi, BLR 523299",130268.38,17-02-2009,11-05-1969,55,Female,3,10933.162,30744.6055,19321.55826,152624.5892,Life,Married,15,34,Human Resources,HR Director
2649,gUxunumc,"NsjfpGbL St, DYSyURcbNB, CHN 197644",107132.91,15-01-2022,02-07-1983,41,Male,2,9996.709,25284.40942,15890.07833,126523.9501,None,Divorced,2,20,Marketing,Senior Marketing Executive
2650,sifskIIT,"DoSFJUOB St, slPrJtcdXF, PUN 198558",149186.97,17-01-2007,12-03-1965,59,Other,3,6572.303,35209.57686,22127.58562,168841.2642,None,Married,17,38,Human Resources,Recruitment Manager
2651,lkMTosRz,"pJXfKGoF St, tiHBjQvZHl, CHN 459590",50517.93,11-05-2017,13-11-1994,29,Other,3,7225.207,11922.72314,7492.878377,62172.98176,Life,Married,7,8,IT,Software Engineer II
2652,tcDtyDHz,"uBuSlmaR St, VdXLmiFLUD, AMD 223931",127066.91,14-09-2022,01-12-1968,55,Other,4,9986.309,29989.02742,18846.71249,148195.5339,None,Married,1,34,Marketing,Marketing Director
2653,jXwNUmkn,"ZUOWCtyg St, ZRSRCTnyTo, PUN 207819",135935.59,25-04-1992,03-07-1970,54,Other,3,8804.441,32082.12221,20162.12547,156660.0277,None,Married,32,33,Finance,National Account Head
2654,biKZbNUY,"psiCyRKl St, pOMZEmUOhH, KOL 570521",122602.93,14-10-2019,14-05-1976,48,Female,3,8449.707,28935.4847,18184.60976,141803.5119,Medical,Divorced,4,27,Sales,Sales Director
2655,aJfaygYi,"GkCFmDAM St, QeaqgWAoWf, HYD 179330",102319.97,25-01-2022,02-05-1990,34,Other,2,12631.003,24148.50873,15176.21745,123923.2643,Medical,Married,2,13,Marketing,Regional Marketing Manager
2656,kekHqrsL,"yBGQMkcE St, phPHJXsNKs, MUB 773062",138989.79,18-02-1999,28-02-1968,56,Male,2,8502.021,32802.94314,20615.12798,159679.6262,Life,Married,25,35,Marketing,Marketing Director
2657,biimXSSL,"uYXijfNV St, WEfEdlLaNM, AMD 538353",96595.87,26-01-2021,28-10-1979,44,Other,4,4939.413,22797.56543,14327.21225,110005.6362,Life,Married,3,23,Human Resources,Senior HR
2658,aixYkkeH,"pUFpYKOD St, sRgUWcsaOn, MUB 366480",131563.42,02-03-2023,28-04-1973,51,Male,4,9406.658,31050.24754,19513.64011,152506.6854,Medical,Married,1,30,Human Resources,HR Director
2659,zSwGGMmr,"DKLnSKDN St, SPdwEvAxkP, HYD 184835",47027.32,04-10-2022,22-11-1996,27,Female,0,5509.268,11098.90521,6975.147025,56660.34618,None,Single,1,6,Human Resources,HR Executive
2660,oigNCHxK,"hQWeekZM St, CmHdcXWvsp, KOL 826784",110205.03,06-11-2011,19-12-1973,50,Male,3,8508.497,26009.45964,16345.73876,128377.2479,Both,Divorced,12,29,Sales,National Sales Manager
2661,WKnQBlLa,"vQGftdYG St, gljhezLgLP, CHN 737740",79664.78,04-12-2011,04-06-1985,39,Male,1,9030.522,18801.66341,11815.97321,95680.9922,Life,Divorced,12,18,Human Resources,ERP Head
2662,JIKYBTFS,"olrYJHUH St, PQRvbDxtVO, PUN 168454",83755.78,14-07-2006,09-02-1985,39,Male,1,8517.422,19767.17922,12422.75511,99617.62611,Both,Divorced,18,18,Finance,Senior Account Executive
2663,dgrXNfHA,"SNJzWATi St, wvVfrZLGOD, BLR 222842",99262.59,24-11-2017,22-12-1986,37,Female,3,3518.741,23426.9373,14722.74328,111485.525,None,Married,6,16,Human Resources,ERP Head
2664,DoMgTdfK,"qjnuQtLd St, BedTuNMwcX, PUN 457945",59992.93,06-02-2022,19-04-1994,30,Female,0,6987.707,14158.91535,8898.221442,72241.33091,Medical,Single,2,9,Marketing,Marketing Representative
2665,BwkekHXh,"aheFHaue St, MUaViHOlCe, HYD 511886",15686.72,07-02-2023,10-02-2000,24,Male,0,6405.328,3702.218589,2326.672631,23467.59396,Life,Single,1,3,Sales,Business Development Representative
2666,UnBmJJdk,"acgMQDob St, sxpJAiPwJP, KOL 780298",104207.52,16-04-2015,05-09-1984,39,Male,2,9365.248,24593.98891,15456.18107,122710.5758,Both,Married,9,18,Finance,Regional Account Head
2667,NkLvGyaR,"ftsXPfio St, kafBlKWVjZ, PUN 467308",101356.63,17-05-2022,01-02-1989,35,Male,3,9776.337,23921.15112,15033.33373,120020.7844,Life,Married,2,14,Human Resources,Senior HR
2668,AnnvBwUi,"WKeZChMo St, CAZflfQXAy, KOL 741271",137162.9,03-10-2009,11-12-1966,57,Female,3,4741.71,32371.77932,20344.16152,153932.2278,Both,Married,14,36,Sales,National Sales Manager
2669,wkZCAvZV,"nziZTcOZ St, aoLGJwgOcH, DEL 445721",56155.47,23-07-2018,14-01-1994,30,Male,0,6067.453,13253.23745,8329.044893,67147.11555,Both,Single,5,9,Finance,Account Associate
2670,CiCJnWbj,"sfkwnKEu St, tibLZtnTdb, MUB 596024",138187.14,16-02-2015,21-12-1970,53,Male,3,7018.286,32613.50993,20496.07799,157322.8579,Life,Married,9,32,Finance,National Account Head
2671,wEwIffsP,"kTcWSRhp St, oDZHPGCXOa, MUB 893510",106003.57,14-07-2017,11-07-1991,33,Male,2,9496.643,25017.87418,15722.5733,124795.5139,Medical,Divorced,7,12,Finance,Senior Account Executive
2672,sLjgtlko,"mCMaEYaL St, ICFqqdbGpr, HYD 380589",91412.44,06-05-2020,10-12-1989,34,Other,3,6550.756,21574.2255,13558.39986,105979.0216,Both,Divorced,4,13,Human Resources,Senior HR
2673,FBFAwbTR,"HldMNNRp St, rBUTrKzKBe, MUB 838949",143057.98,11-02-2008,28-06-1967,57,Other,3,4847.202,33763.07557,21218.52667,160449.7309,Medical,Married,16,36,Marketing,Marketing Director
2674,xfsKqRvd,"mXkxDxpT St, rkbAqqObhp, BLR 592403",108831.67,06-05-2015,26-09-1987,36,Male,2,10162.833,25685.33331,16142.0404,128537.7959,Both,Divorced,9,15,Sales,Regional Sales Manager
2675,zwchoKHs,"LHsjiRpH St, AqFJHwtzoq, AMD 970158",119988.94,08-08-1998,14-09-1971,52,Male,4,10804.106,28318.55762,17796.89971,141314.7039,Both,Married,25,31,Finance,Account Director
2676,TROucDJs,"KJuvccBx St, XeEWZOsxep, AMD 394330",16022.71,08-06-2023,01-09-2000,23,Female,0,7848.729,3781.515499,2376.50706,25276.44744,Both,Single,1,2,Marketing,Marketing Intern
2677,hCoFxsPO,"gVMbgvXh St, uzsMsmkYRG, HYD 477179",108412.98,20-03-2018,12-12-1980,43,Male,3,10962.702,25586.51839,16079.93981,128882.2606,Life,Married,6,22,Sales,Senior Executive
2678,ZvnNourI,"BgTGIQXH St, kKdBLtdixo, MUB 410934",100433.27,11-07-2017,22-06-1985,39,Other,3,13851.673,23703.22917,14896.3799,123091.7923,Life,Married,7,18,Human Resources,ERP Head
2679,dCOCNKNs,"DZowZqrH St, XMQqKSEnLe, KOL 670236",122922.12,02-05-2016,12-02-1964,60,Male,2,8602.788,29010.81664,18231.9524,142303.7722,Life,Married,8,39,Human Resources,HR Director
2680,olWYtbYG,"yeVkdieQ St, SYGXBEIsuk, BLR 909020",68692.84,26-10-2022,03-11-1996,27,Other,0,8902.716,16212.17878,10188.60225,83619.13253,Medical,Single,1,6,Marketing,Marketing Associate
2681,piScBYul,"JYzzTSiL St, EBdRxSIRVV, PUN 297699",148841.05,23-11-2014,19-10-1972,51,Female,3,5765.895,35127.93637,22076.27836,167658.603,Life,Married,9,30,Human Resources,Recruitment Manager
2682,MdlzSoEA,"Quxotlue St, gvvIvxSxxi, BLR 688394",133858.98,20-06-1992,28-09-1965,58,Other,2,8933.102,31592.02204,19854.12025,154529.9838,Medical,Married,32,37,Marketing,Marketing Director
2683,ZLZnqhoq,"vcodpCuc St, tlTeDAzIIa, HYD 812481",56266.84,17-04-2022,11-03-1994,30,Female,0,5450.316,13279.52185,8345.563422,66651.11443,None,Single,2,9,IT,Software Engineer II
2684,iMCWdwjJ,"FtWWztTV St, EHoDntoKrL, PUN 157316",123350.56,07-04-2002,16-05-1969,55,Other,2,7707.944,29111.93265,18295.49912,141874.9375,Life,Married,22,34,IT,Technical Lead
2685,aVlFwPyT,"phbRzGDY St, DiqwIknasA, KOL 377998",138144.58,05-12-2014,27-01-1964,60,Female,2,10762.542,32603.46535,20489.76544,161020.8219,None,Married,9,39,IT,Technical Lead
2686,SVWBtQWQ,"gqUZhyLM St, gtniCbDNEC, CHN 412895",103421.95,03-02-2017,25-09-1988,35,Male,3,10950.805,24408.58674,15339.66441,123441.6773,Life,Divorced,7,14,Sales,Regional Sales Manager
2687,GVDeBFyf,"wspFyLwX St, uvayjTdQnh, MUB 749355",42512.72,16-04-2022,14-12-1999,24,Female,0,8538.728,10033.41567,6305.53628,54779.32739,Both,Single,2,3,Marketing,Marketing Intern
2688,tjWWbRcw,"OTrvYYxn St, NiUHbnjdCt, AMD 719467",125311.52,11-06-2012,24-03-1972,52,Male,2,9246.848,29574.7383,18586.351,145546.7553,Life,Widowed,12,31,Human Resources,Recruitment Manager
2689,IAQMxkqR,"IHlBCFFw St, KyFuTetoUM, CHN 271332",96423.35,09-03-2002,08-02-1981,43,Male,3,4370.665,22756.84903,14301.62388,109249.2401,Medical,Married,22,22,Finance,Regional Account Head
2690,bLpcOlNJ,"EorxRJpR St, fgPXaSWlOk, KOL 903102",138464.05,09-12-2009,10-10-1967,56,Female,2,9836.595,32678.86338,20537.14961,160442.3588,Medical,Divorced,14,35,Sales,Sales Director
2691,rPzxpDvN,"dJdTHODH St, aOeWhRItwn, CHN 468239",105695,27-12-2017,11-01-1986,38,Other,4,8051.5,24945.04866,15676.80584,123014.7428,Both,Married,6,17,IT,Software Engineer III
2692,QnMRyjZU,"kFgQOkrD St, QPULvopaOp, HYD 545199",104610.39,24-12-2017,18-12-1979,44,Female,4,8072.961,24689.07015,15515.93522,121856.4859,Life,Married,6,23,Finance,Regional Account Head
2693,iFiIbnLX,"XJIHuSIK St, ZEXLkRlmLX, CHN 131163",47396,03-05-2017,13-06-1996,28,Male,0,5556.4,11185.91727,7029.830073,57108.4872,Both,Single,7,7,Sales,Sales Executive
2694,Kezjtyfs,"tuayjIhy St, kbQuNVGDcl, AMD 904822",107900.65,02-05-2014,02-06-1989,35,Female,2,7852.935,25465.60353,16003.95042,125215.2381,Medical,Married,10,14,Marketing,Senior Marketing Executive
2695,vvoYjtJY,"TtACueuF St, PtkcgyxuvL, CHN 746522",146908.48,01-06-2012,02-09-1966,57,Male,1,6857.152,34671.83105,21789.63733,166647.8257,None,Widowed,12,36,IT,IT Manager
2696,bwpkuLDC,"jCrHXkME St, jULJyNizEu, KOL 933240",121583.29,20-10-2000,21-11-1964,59,Male,4,11065.671,28694.83973,18033.37557,143310.4252,None,Married,23,38,Marketing,National Marketing Manager
2697,BnCyZObN,"UCoFEbaA St, WxZcrLYXUY, AMD 920276",21671.73,17-06-2021,17-03-2000,24,Other,0,5646.827,5114.739197,3214.376304,29218.91989,Life,Single,3,3,Marketing,Marketing Intern
2698,UayXVSvg,"OFZXUruy St, pKORrIvqwn, DEL 353111",103620.53,08-02-2011,14-05-1984,40,Female,1,11353.947,24455.45355,15369.11803,124060.8125,None,Married,13,19,IT,Software Engineer III
2699,VbXAWsIu,"aGXgIJrP St, XPEbFlgiFq, AMD 885415",146660.24,09-12-2017,01-05-1971,53,Other,3,9402.976,34613.24399,21752.81808,168923.6419,Life,Divorced,6,32,Sales,National Sales Manager
2700,DzHUCbAU,"taxcpyOO St, qeKZbuaVyW, BLR 957879",82779.43,20-06-2012,08-05-1988,36,Male,2,6464.057,19536.75112,12277.94173,96502.29638,Medical,Married,12,15,Human Resources,Senior HR
2701,JnFMGjSu,"hjhogUrW St, NFUhkxQYYc, BLR 969823",63976.14,23-10-2019,06-04-1998,26,Male,3,8723.386,15098.99168,9489.015801,78309.50188,Both,Married,4,5,Human Resources,HR Associate
2702,czHMsPlC,"aAmErnKI St, vDwaryLbpa, BLR 798414",61567.83,24-02-2016,28-07-1993,30,Female,4,9227.217,14530.60708,9131.81245,76193.84163,Medical,Married,8,9,Human Resources,HR Associate
2703,VJbePnNz,"OlRLBjzK St, AdguAVRFEC, DEL 677650",79084.83,09-03-2021,24-09-1979,44,Male,2,7425.517,18664.78956,11729.95435,93445.18221,Life,Married,3,23,IT,Software Engineer III
2704,zqGPICWT,"GIzNoqKr St, JVuvgsxBWz, CHN 433719",115669.84,10-05-2019,21-07-1973,50,Male,1,9301.016,27299.20798,17156.28576,135113.7782,Life,Married,5,29,Sales,National Sales Manager
2705,XJavqXkO,"iQXpLFYm St, mUErLdpNKn, PUN 456957",119863.56,14-09-1998,24-11-1973,50,Other,3,10170.644,28288.96672,17778.30321,140544.8675,Medical,Married,25,29,IT,IT Manager
2706,evOaVMMN,"LcXlkdNe St, QtCfybIgPD, DEL 993300",105954.75,21-03-2007,10-03-1980,44,Other,3,9820.525,25006.35219,15715.33226,125066.2949,Both,Married,17,23,Human Resources,Senior HR
2707,tJsreCNr,"RvnZJoOo St, MPjotvxBAx, HYD 652702",109997.88,09-02-2018,27-08-1984,39,Male,2,9127.212,25960.57022,16315.01403,128770.6482,Medical,Married,6,18,Sales,Senior Executive
2708,KPMHIaTq,"OGYkMMhi St, zlcmqCbAVr, DEL 906200",90686.31,19-07-2013,18-06-1988,36,Other,4,6488.369,21402.85175,13450.69941,105126.8313,Life,Married,10,15,IT,QA Lead
2709,jitbcbrD,"TWTJWvkj St, ODXxBaGveo, PUN 861322",81152.87,19-01-2012,07-06-1986,38,Other,3,6313.713,19152.86713,12036.68846,94582.76167,Life,Married,12,17,Finance,Senior Account Executive
2710,XRDPiPeL,"DqoofhFC St, QtYqPoJfpp, BLR 980481",70284.87,01-08-2024,15-06-1995,29,Other,0,6674.513,16587.91336,10424.734,83122.56235,Life,Single,-1,8,Human Resources,HR Associate
2711,thxafHUO,"hhCQqrNw St, ADIBgONlzL, MUB 784216",127070.04,02-04-2018,03-01-1974,50,Male,3,6766.996,29989.76613,18847.17674,144979.6254,None,Married,6,29,Marketing,National Marketing Manager
2712,TbIPENWM,"kXduMyKw St, XWsmouVrnT, KOL 239918",87991.25,18-06-2013,27-08-1985,38,Male,4,6774.875,20766.79136,13050.96496,102481.9514,None,Married,11,17,Finance,Regional Account Head
2713,WlSldRTx,"bTvqKEVB St, iBeURmQhpk, PUN 903497",89599.75,15-09-2011,06-09-1986,37,Other,2,8467.025,21146.41302,13289.53956,105923.6485,Life,Married,12,16,Sales,Regional Sales Manager
2714,beAvlCSU,"OMLGSdjK St, PkbeplnYDM, DEL 543052",118335.62,15-04-2006,28-05-1968,56,Male,3,9187.438,27928.358,17551.67736,137899.7386,Medical,Married,18,35,Finance,National Account Head
2715,MRIuzCEU,"TRKZbRpK St, nSOXItEpSs, DEL 399301",145404.71,08-10-1989,22-06-1968,56,Male,1,9365.529,34316.92669,21566.5964,167520.5693,None,Widowed,34,35,Sales,National Sales Manager
2716,vyLKtTeW,"LDxSpKMx St, BRztMDdUPi, KOL 679208",113459.83,03-10-2018,27-05-1970,54,Female,2,8596.017,26777.62411,16828.49449,132004.9766,Both,Married,5,33,Sales,National Sales Manager
2717,kDfAgnWC,"eiJzLFOF St, kPRirgpMWm, MUB 404934",52696.45,10-09-2020,04-12-1997,26,Other,0,6815.355,12436.87506,7815.999007,64132.68105,None,Single,3,5,Marketing,Marketing Associate
2718,tUHPDomE,"nguOelvy St, YsbHBhkpew, PUN 310651",89013.35,17-04-2003,21-07-1982,41,Male,4,8734.665,21008.01691,13202.56403,105553.4679,None,Married,21,20,Finance,Regional Account Head
2719,CLkKitco,"qKENgpmT St, EiicMvFJrD, MUB 304723",47835.31,27-11-2021,17-08-1992,31,Male,4,6190.469,11289.59871,7094.989045,58220.38867,Both,Married,2,10,Marketing,Marketing Associate
2720,cBXipboJ,"ZbqbxgjS St, ilDEzKKVvO, BLR 634823",87174.14,02-12-2014,08-03-1991,33,Female,4,5869.586,20573.94545,12929.77025,100687.9012,Medical,Married,9,12,IT,QA Lead
2721,DKJpyIiR,"sUGfpGbQ St, PKcGoSgfsQ, MUB 204807",64892.03,26-04-2022,23-04-1995,29,Other,0,9759.797,15315.15063,9624.861676,80342.11596,None,Single,2,8,Sales,Sales Executive
2722,jdvcBcwG,"TUOvhznw St, rXpqJVnxFj, BLR 477823",60224.01,18-08-2021,18-06-1995,29,Male,0,9500.599,14213.45248,8932.495498,75005.56598,Both,Single,2,8,Finance,Account Associate
2723,RfLivSgq,"XhJwfThE St, kwvqCxwnWD, HYD 897603",121652.42,07-02-2020,05-11-1975,48,Male,1,7975.758,28711.15509,18043.62901,140295.7041,None,Married,4,27,Finance,Account Director
2724,bfaHkIsG,"ojTVriqd St, ZTNskOQsot, KOL 217936",53440.43,24-03-2020,05-05-1994,30,Male,0,6326.957,12612.46158,7926.34699,64453.50159,Both,Single,4,9,Marketing,Marketing Representative
2725,nJkyQxIQ,"itAavnhI St, lUFujjOuvE, MUB 204424",97130.89,27-08-2012,24-10-1988,35,Female,2,3920.911,22923.83535,14406.56704,109569.0693,None,Married,11,14,Marketing,Regional Marketing Manager
2726,NfmTkHVY,"MrtaobmM St, mVjhsCiVUB, HYD 591074",30331.19,18-11-2023,16-05-2001,23,Male,0,8944.881,7158.456034,4498.757524,41935.76951,None,Single,0,2,Human Resources,HR Representative
2727,TyLYrkzH,"pZiPfmPg St, VbFFHINXcY, HYD 663197",114474.36,12-03-2018,08-02-1973,51,Female,3,9748.564,27017.06307,16978.97077,134261.0163,None,Divorced,6,30,Human Resources,HR Director
2728,ferqnNVR,"ThBPsAWw St, QaXJvvvdgP, BLR 564036",125222.95,09-09-2020,22-04-1965,59,Male,2,12100.705,29553.83491,18573.21419,148304.2757,Life,Widowed,3,38,Human Resources,Recruitment Manager
2729,icuHtGSp,"XWzJqRZQ St, TNTuNOmPhH, PUN 353294",53579.1,09-05-2021,24-05-1997,27,Male,0,7423.09,12645.18905,7946.914686,65700.46436,None,Single,3,6,Finance,Account Associate
2730,jfqTvZmg,"ARbASXzS St, olFufZhRhI, HYD 721247",137742.12,24-08-2021,19-07-1970,53,Male,2,8017.788,32508.48088,20430.07211,157838.3168,None,Widowed,2,32,IT,Technical Lead
2731,ATOfxvbq,"RavZJewB St, szFBXaAtGJ, BLR 821375",117855.71,17-01-2021,11-02-1970,54,Other,2,12742.429,27815.09457,17480.49655,140932.737,Medical,Married,3,33,Marketing,National Marketing Manager
2732,sJCIXUYy,"vOPLEgFh St, bexQIhBhrB, MUB 988540",47132.7,17-05-2021,04-10-1996,27,Male,2,6644.73,11123.77591,6990.777109,57910.4288,None,Married,3,6,Human Resources,HR Executive
2733,BhmUbNWg,"xSQlVktq St, tqXBvfKjZK, DEL 284483",102026.87,23-12-2014,25-05-1991,33,Other,4,9109.313,24079.33428,15132.74451,120082.7728,None,Married,9,12,IT,Software Engineer III
2734,HkMFSDko,"HRWGrUyE St, PysrNBPqgg, KOL 552742",129468.53,05-10-2014,14-01-1974,50,Other,3,7730.147,30555.83311,19202.92357,148551.5865,Life,Married,9,29,Marketing,National Marketing Manager
2735,CRjNwzMY,"awjTZnQX St, xUrPXdHTLq, DEL 931622",109241.85,16-08-2012,21-01-1987,37,Female,2,13349.815,25782.13978,16202.87877,132170.926,Life,Divorced,11,16,Sales,Regional Sales Manager
2736,kzCdyMdf,"MqzMoUZE St, oteuSctBce, PUN 190003",93138.38,22-05-2024,21-06-1991,33,Female,3,7310.162,21981.56414,13814.3933,108615.7128,Medical,Divorced,0,12,Marketing,Regional Marketing Manager
2737,AUrBpGww,"urcMDGAW St, xpHPoTtilC, HYD 676729",110556.31,04-08-1999,24-10-1967,56,Other,1,7103.369,26092.36513,16397.84102,127354.2031,Both,Married,24,35,Finance,Account Director
2738,zZRjIjEv,"JQNMokTb St, uyNhHtXZgG, BLR 815032",148468.31,21-04-2024,02-04-1971,53,Other,2,3517.169,35039.96611,22020.99313,165004.452,Life,Divorced,0,32,IT,IT Manager
2739,WEgIPycw,"RMhfrgfx St, gHgfIJalUO, CHN 466691",109927.29,07-10-2006,24-10-1980,43,Male,4,12497.271,25943.91029,16304.54404,132063.9273,Medical,Married,17,22,Sales,Senior Executive
2740,CXpCwnJj,"tpcgTwMx St, NNHGCfJWYy, HYD 548407",65993.47,02-03-2019,13-07-1997,27,Male,0,9529.653,15575.10119,9788.228543,81309.99565,Medical,Single,5,6,IT,QA Engineer II
2741,SSXVZGJg,"iBnFwOdp St, gpaZImHeVa, PUN 992923",16630.71,14-02-2023,13-01-2001,23,Other,0,6279.929,3925.009416,2466.68633,24368.96209,Medical,Single,1,2,Human Resources,HR Representative
2742,JYyrkKnO,"AvLMnAXn St, tpdLXRmMCa, PUN 315121",88212,04-12-2002,12-07-1981,43,Female,3,4623.8,20818.89051,13083.70686,100570.9836,Life,Divorced,21,22,Human Resources,Senior HR
2743,jFXGxjay,"ORGKLKNA St, PUYSUVQQPQ, CHN 560967",89292.9,11-12-2010,11-02-1984,40,Male,4,4888.71,21073.99343,13244.02721,102011.5762,Both,Married,13,19,Marketing,Senior Marketing Executive
2744,HTfESiBX,"giZuTHjx St, zdpTFFCqgx, KOL 474651",115212.86,01-01-2005,21-01-1965,59,Male,4,9613.714,27191.35625,17088.50595,134929.4243,Medical,Married,19,38,IT,Technical Lead
2745,vFMHZBSD,"YFWnqwpY St, MNzMCkziSN, KOL 834468",85569.9,09-04-2005,28-09-1981,42,Other,3,5159.01,20195.3292,12691.8275,98232.41169,Life,Divorced,19,21,Marketing,Regional Marketing Manager
2746,OgpIMmRj,"lNpOXgze St, ahGYNRokfv, CHN 606211",55776.36,22-08-2021,05-07-1996,28,Other,4,6036.364,13163.7638,8272.814855,66703.67294,Both,Married,2,7,Sales,Sales Executive
2747,daLTDrPK,"nHjKGBVX St, LXBNwcCVzZ, DEL 294053",124400.44,01-02-2023,06-09-1976,47,Female,4,10119.956,29359.71455,18451.21855,145428.892,None,Married,1,26,IT,IT Manager
2748,ZCspFalb,"ZAaIieEi St, zoTPwHgALc, PUN 981872",132638.51,13-05-2024,04-05-1974,50,Male,1,10961.149,31303.97925,19673.09871,155230.5395,Medical,Married,0,29,IT,Technical Lead
2749,eGGPIgpz,"GFvYoesh St, NZOrbAQQln, PUN 124376",116723.21,23-02-1996,04-07-1970,54,Male,2,7694.679,27547.81355,17312.52283,134653.1797,Both,Married,28,33,Marketing,National Marketing Manager
2750,TRVIZOId,"FkPxSwhM St, gmtFsMQAEX, AMD 554435",78377.22,03-07-2019,26-07-1981,42,Female,2,8811.278,18497.78672,11625.00081,94061.28391,None,Married,5,21,Finance,Regional Account Head
2751,cTjqKVjd,"aYXcrCVf St, acmDmmDxPb, CHN 172005",108794.55,26-10-2007,13-11-1982,41,Male,1,13974.545,25676.57263,16136.53472,132309.1329,Life,Married,16,20,Sales,Senior Executive
2752,UntGdErT,"IrAesojO St, uTKaxkjGhg, PUN 738104",83599.24,03-11-2017,09-07-1985,39,Male,3,8694.076,19730.23426,12399.53691,99624.01335,Both,Divorced,6,18,Marketing,Senior Marketing Executive
2753,vEUJsBVj,"sentahDK St, gDgIwANtXR, KOL 190158",94969.61,12-01-2014,03-04-1991,33,Male,2,4044.039,22413.75224,14086.00347,107341.3978,Both,Married,10,12,Marketing,Regional Marketing Manager
2754,iPXNCWFw,"lzHaHvea St, QlJyMclypA, DEL 942948",113133.6,07-12-2003,25-10-1976,47,Other,3,11841.64,26700.63066,16780.10768,134895.763,Both,Married,20,26,IT,Technical Lead
2755,QsJBzZFY,"HzgSZIZI St, KpfaghTavH, BLR 758235",39463.9,25-12-2023,01-11-2002,21,Male,0,7964.61,9313.864477,5853.331737,50889.04274,Medical,Single,0,0,Marketing,Marketing Intern
2756,invKYrTX,"VORVCYhX St, PTCqiYxjHo, AMD 993967",83070.3,10-12-2017,16-10-1982,41,Male,2,8476.97,19605.39927,12321.08391,98831.58536,Both,Married,6,20,IT,QA Lead
2757,isaQtOba,"ikEJEgYt St, MdsVXVWEvU, HYD 557261",91742.72,25-01-2018,08-02-1986,38,Male,4,3844.728,21652.17479,13607.38738,103632.2354,Life,Married,6,17,Marketing,Regional Marketing Manager
2758,wvyHIiDu,"minXxqeD St, AlyuHBDmoq, HYD 689214",106765.76,22-04-2008,21-05-1983,41,Other,3,12990.424,25197.75844,15835.62221,129118.3202,Medical,Divorced,16,20,Marketing,Senior Marketing Executive
2759,zETylois,"PnOoQeKA St, WkMzafOzwa, PUN 822836",32201.15,10-10-2022,20-07-2000,23,Male,0,6785.885,7599.784793,4776.112175,41810.70762,Life,Single,1,2,Human Resources,HR Representative
2760,HcBZmagl,"KqKhJcRY St, AVaMLsyJlB, CHN 273920",78081.92,04-05-2019,23-01-1992,32,Other,1,9080.808,18428.09304,11581.20156,94009.61948,Both,Married,5,11,Marketing,Senior Marketing Executive
2761,GZRuVLxn,"XVOjxzbq St, rCghMLEKEq, KOL 653567",134509.73,11-09-2004,11-02-1964,60,Other,3,7108.027,31745.60538,19950.64025,153412.7221,Life,Married,19,39,Finance,Account Director
2762,wklFDVaS,"fnIhSTgY St, NQuSNIHCDZ, BLR 332689",64188.98,08-03-2020,10-01-1999,25,Other,0,11391.102,15149.22399,9520.584479,81208.72151,Medical,Single,4,4,Marketing,Marketing Associate
2763,LRLwXWOP,"Plhzbing St, YtjWyFFdlw, DEL 562269",83227.99,04-11-2009,23-06-1980,44,Other,1,7982.201,19642.61564,12344.47268,98508.33397,Life,Married,14,23,IT,Software Engineer III
2764,axIdPsqb,"MuqfrHnC St, lQPcbTrIla, MUB 248780",112142.52,09-03-2017,23-08-1970,53,Female,1,12992.748,26466.72613,16633.10954,134968.8846,Medical,Married,7,32,IT,Technical Lead
2765,lwVXcsjI,"PKydyBfh St, hqybeLooMn, PUN 690869",85897.59,04-02-2002,20-06-1980,44,Female,2,8879.241,20272.66723,12740.43087,102309.0674,None,Divorced,22,23,Sales,Regional Sales Manager
2766,zErtYucH,"eMFGBUln St, lUXicewBiy, MUB 192981",100158.83,18-03-2007,05-07-1979,45,Female,,7992.117,23638.45866,14855.67464,116933.731,Both,,17,24,Sales,Senior Executive
2767,mFwWPhDI,"oEXxfdic St, BoTBoWoVIK, HYD 953139",107623.69,21-04-2014,15-12-1982,41,Male,1,10266.631,25400.23827,15962.87139,127327.6879,Both,Married,10,20,Sales,Regional Sales Manager
2768,pGrIyhDo,"oVKYNfrc St, PESxXJKuFO, AMD 884778",66091.39,15-03-2024,17-03-1994,30,Male,0,11229.861,15598.21127,9802.752152,83116.71011,Life,Single,0,9,Finance,Account Associate
2769,nGgQWgej,"vCeUkVaf St, HwVTJEtPfb, CHN 286828",131222.97,24-08-1998,08-06-1970,54,Other,1,7729.703,30969.89803,19463.14416,150459.4269,Life,Married,25,33,Human Resources,Recruitment Manager
2770,qhqiUTJU,"BMjrkTrj St, UIOdQDgZaN, PUN 689407",135740.49,13-11-2005,11-11-1967,56,Male,1,6112.951,32036.07672,20133.18801,153756.3297,Both,Married,18,35,Finance,Account Director
2771,JhBENQhs,"ludgrfKl St, FexZrPMzrC, BLR 809195",75833.87,06-04-2021,07-04-1980,44,Female,1,6242.613,17897.53136,11247.76816,88726.2462,None,Married,3,23,Finance,Regional Account Head
2772,RjXdqAca,"DRcXctnC St, GanyOKckyJ, DEL 420178",35754.17,17-04-2023,14-11-2002,21,Male,0,7533.583,8438.332092,5303.100251,46422.98484,None,Single,1,0,Human Resources,HR Representative
2773,bXuBMteJ,"ciBmeYrs St, gtqimQqmGv, DEL 267247",79446.66,27-04-2022,10-05-1992,32,Other,3,9178.334,18750.18496,11783.6214,95591.55757,Life,Married,2,11,Human Resources,ERP Head
2774,VPwwOtjo,"eqMIsZHF St, YVDEKHgbya, BLR 518121",115064.31,12-12-2007,08-04-1974,50,Female,2,11443.569,27156.29701,17066.47284,136597.7032,Medical,Married,16,29,Sales,National Sales Manager
2775,AJILLMCA,"JRiqdEry St, sdcpPPCsOk, MUB 331530",110251.74,23-03-1996,20-01-1967,57,Female,2,10394.826,26020.48365,16352.66684,130314.3828,Both,Married,28,36,Sales,Sales Director
2776,TCcCdwee,"JAENAsCe St, oXzOYxVHOO, HYD 670362",58699.04,13-03-2019,04-04-1997,27,Male,2,6162.096,13853.54472,8706.310166,70008.37055,Both,Married,5,6,Marketing,Marketing Associate
2777,cpdBPTOa,"gOEljpgd St, bWhbdHpcmO, PUN 987359",101756.31,21-08-2012,14-09-1988,35,Female,1,9035.369,24015.47949,15092.61474,119714.5438,Medical,Married,11,14,IT,Software Engineer III
2778,AMvzDrsE,"LjulCxzW St, zofwXTSADG, HYD 886295",125775.3,18-07-2004,09-03-1974,50,Female,1,11325.47,29684.19489,18655.13939,148129.8255,Medical,Married,20,29,Sales,Sales Director
2779,HRiGnKiE,"HhSpRbNh St, AQIrNQqODb, KOL 126793",65067.86,04-12-2020,22-09-1992,31,Female,3,7962.214,15356.64822,9650.940987,78735.78124,None,Married,3,10,Finance,Account Associate
2780,OXVwUlRT,"OvPbVpae St, JbNfSVIhuO, MUB 575446",103282.18,12-08-2020,01-01-1987,37,Male,4,9652.782,24375.59966,15318.93356,121991.6281,Medical,Married,3,16,IT,Software Engineer III
2781,VBgrKjiH,"jWQOomnL St, YshkqMKacD, AMD 343046",140928.67,15-08-2011,11-03-1966,58,Other,3,8732.133,33260.53769,20902.70492,162018.6358,Medical,Married,12,37,Sales,Sales Director
2782,KmyHlhlu,"KsiMHKdw St, IQySpDVzDC, DEL 351317",79130.81,28-01-2010,12-07-1985,39,Female,2,5720.919,18675.64129,11736.77415,91790.59613,Life,Married,14,18,Finance,Regional Account Head
2783,hsQpagYe,"hcuPsOuX St, BqcQTOGNPG, MUB 156620",31485.75,05-11-2022,25-06-2000,24,Female,1,7283.425,7430.943431,4670.003212,41530.11522,Life,Married,1,3,Human Resources,HR Intern
2784,ptiCIMoA,"AltrQjLC St, kbYrKJcmkp, PUN 348993",124358.64,17-10-1997,16-12-1975,48,Female,2,6877.136,29349.84934,18445.01872,142140.6066,Medical,Married,26,27,IT,IT Manager
2785,lwettGXH,"tEVgZHvu St, MHKLQILDsm, HYD 958425",129424.2,17-07-1994,05-06-1968,56,Male,2,8103.58,30545.3708,19196.3485,148876.8023,Life,Divorced,30,35,Finance,Account Director
2786,ObnrSGXX,"YIzgOJXo St, kvPauBjWUz, PUN 253310",36714.78,24-03-2021,05-02-2000,24,Male,0,8967.522,8665.045401,5445.579048,48901.76835,Both,Single,3,3,Finance,Account Representative
2787,sQBaufHY,"DDufyKvR St, XuYehEbBIo, CHN 509651",134170.47,25-04-1995,17-06-1966,58,Male,3,6659.953,31665.53672,19900.32081,152595.6389,Medical,Married,29,37,IT,Technical Lead
2788,tvsoaCLZ,"RUdrkZrJ St, qVuGMyclmQ, BLR 707012",68493.84,11-03-2017,06-03-1995,29,Female,1,10746.616,16165.21285,10159.08634,85246.58251,Medical,Married,7,8,Human Resources,HR Executive
2789,byWPQnhE,"ieZcMeYg St, MhlzTjLFfg, CHN 889461",111753.55,09-01-1998,21-05-1976,48,Male,1,12734.645,26374.92543,16575.41705,134287.7034,Life,Married,26,27,Marketing,National Marketing Manager
2790,rYMOGoUS,"kYaLSKta St, WUxIkycFZV, CHN 601523",115182.29,25-02-1996,02-01-1973,51,Female,1,10943.771,27184.14144,17083.97177,136226.2307,Both,Married,28,30,Finance,National Account Head
2791,RyukCnpw,"dYrIccrx St, jKgRCrLwnn, CHN 544253",76034.47,21-10-2017,13-01-1984,40,Female,4,8725.553,17944.87491,11277.52139,91427.37653,Medical,Married,6,19,Human Resources,ERP Head
2792,WoclpZZH,"bzlRvutj St, CLxoyJyVQk, AMD 244113",147672.77,28-06-2016,11-08-1973,50,Other,2,5468.723,34852.21092,21902.99771,166090.7062,None,Widowed,8,29,Marketing,Marketing Director
2793,ohZioyMQ,"GJqWQHYy St, lrhOxvAyKV, DEL 884612",102750.43,17-09-2012,06-08-1990,33,Other,3,7836.957,24250.10148,15240.06378,119597.4247,None,Married,11,12,Marketing,Regional Marketing Manager
2794,RQKuFubI,"ifleZQeQ St, hdDaNzTRAM, KOL 572144",65811.1,19-04-2021,07-02-1997,27,Male,0,8604.89,15532.0601,9761.179212,80186.87089,Life,Single,3,6,Sales,Sales Representative
2795,PlgytlKD,"GrfDBBSx St, DTBHFOmYio, HYD 814941",148129.62,24-01-1997,02-04-1975,49,Male,3,9491.038,34960.03197,21970.75824,170609.9317,None,Married,27,28,Marketing,National Marketing Manager
2796,NmezyamB,"WCYzgonL St, PYlZBvMskG, MUB 591070",104543.46,14-12-2018,11-08-1982,41,Male,1,9439.654,24673.27401,15506.00808,123150.3799,Life,Married,5,20,Sales,Senior Executive
2797,jLtrKzOl,"HwOJGRQt St, fDWvdrBcWF, AMD 589457",126954.88,25-04-2022,13-10-1975,48,Female,2,10392.512,29962.58725,18830.09607,148479.8832,Both,Widowed,2,27,Human Resources,Recruitment Manager
2798,sAggiEhP,"akiwHrUe St, huzGCFOaWq, AMD 651313",46444.5,12-01-2021,06-07-1995,29,Male,0,6970.55,10961.35401,6888.702482,57487.70153,Life,Single,3,8,IT,Software Engineer II
2799,lzmCJzuq,"ZOguqKfG St, rGrVsYINai, PUN 476446",78423.8,07-01-2018,02-04-1989,35,Male,2,7372.62,18508.78005,11631.90961,92673.29044,Life,Married,6,14,Finance,Senior Account Executive
2800,BgqEiAlz,"EEIgmsxP St, MGSFqTWhDB, MUB 266033",110522.61,25-09-1989,26-01-1966,58,Other,2,12473.739,26084.41161,16392.84259,132687.918,Both,Married,34,37,Finance,National Account Head
2801,twVBzNYs,"tXZjbMAr St, BmItjZVMdy, AMD 973154",146224.16,12-08-2001,06-04-1966,58,Female,3,9325.584,34510.32487,21688.13818,168371.9307,None,Divorced,22,37,Sales,National Sales Manager
2802,XcnYEnxf,"VeXGPVpG St, PjDSzhjhZi, DEL 823438",76676.84,28-02-2004,03-08-1980,43,Male,2,6751.316,18096.48049,11372.79846,90151.83803,Life,Married,20,22,Human Resources,ERP Head
2803,PZJsmTji,"TjxToRuW St, KYGRPfNCzd, KOL 293712",129220.3,15-11-2001,28-09-1964,59,Male,3,9027.97,30497.24842,19166.10581,149579.4126,Both,Married,22,38,Human Resources,Recruitment Manager
2804,UGpofRZb,"zTTpfKFz St, YZmpXTkSLQ, MUB 287667",134330.5,24-05-2016,20-11-1976,47,Female,1,6667.95,31703.30535,19924.05664,152777.6987,None,Married,8,26,IT,Technical Lead
2805,SsVkWsYV,"LwwmrzCe St, cktXCWAQKJ, BLR 995141",51984.95,26-06-2018,11-09-1995,28,Female,0,5942.505,12268.95414,7710.468496,62485.94064,Medical,Single,6,7,Human Resources,HR Associate
2806,BsbsfyFJ,"lotMuqTi St, ffuCrHqfek, KOL 613032",102350.67,23-08-2016,27-02-1979,45,Male,,10815.933,24155.75423,15180.77091,122141.5863,Both,,7,24,Human Resources,ERP Head
2807,NhNDHSoK,"qZZZUSLr St, vDIxhoOXAC, HYD 941334",103853.87,22-01-2011,04-04-1982,42,Male,1,9456.613,24510.52406,15403.72729,122417.2798,Both,Married,13,21,Sales,Regional Sales Manager
2808,bwbuvQxW,"XMUPyTZW St, rTuPzDZEXD, HYD 552394",42781.01,01-11-2021,15-10-2000,23,Other,0,7256.899,10096.73472,6345.329366,53789.31435,None,Single,2,2,Marketing,Marketing Intern
2809,hcbicDqu,"JVRormck St, jQGgCYQVdS, KOL 281464",44744.71,01-07-2022,16-11-2000,23,Female,0,5737.529,10560.18703,6636.587644,54405.83839,Medical,Single,2,2,Human Resources,HR Representative
2810,RzBXMNNL,"WSyvlkzj St, GmwvsaCwEk, MUB 538610",84401.08,25-02-2018,21-07-1979,44,Male,1,7179.892,19919.4763,12518.46676,98981.98155,Both,Married,6,23,Finance,Senior Account Executive
2811,FyxkFJUU,"wmbJdkID St, rsmYZDPqje, PUN 627104",104400.02,26-07-2018,27-05-1987,37,Female,3,11723.998,24639.42078,15484.73289,125278.7059,Life,Married,5,16,Marketing,Senior Marketing Executive
2812,tzGYvNxT,"VnTliNVI St, kCfuaFEbLk, DEL 168658",96675.79,06-01-2016,27-06-1980,44,Other,2,4428.421,22816.42732,14339.06608,109581.5722,Both,Divorced,8,23,Sales,Regional Sales Manager
2813,YfSRdqLu,"CrQsbwIe St, kCrizKAzkg, BLR 401694",58730.44,20-12-2018,13-11-1995,28,Female,0,5481.956,13860.95543,8710.967451,69362.38397,Life,Single,5,7,IT,QA Engineer II
2814,MBYCloul,"LimXrMWH St, SGhLoZOXZx, MUB 821374",107444.09,13-05-2013,09-10-1979,44,Other,1,10793.591,25357.85092,15936.23291,127659.299,Medical,Married,11,23,Sales,Regional Sales Manager
2815,AcdliZBB,"XrjJcDtU St, VPvUeZsUUP, BLR 236749",66208.02,20-11-2021,09-02-1999,25,Female,1,8710.198,15625.73708,9820.05085,80723.90423,Life,Married,2,4,Human Resources,HR Associate
2816,CEsOoPyO,"jBvlHeYH St, TzcMKcMMLc, MUB 555550",27326.59,08-05-2022,10-10-2001,22,Other,0,6589.341,6449.341192,4053.111743,36312.16045,Life,Single,2,1,IT,QA Engineer I
2817,VZnBvFHW,"YnCehISm St, hROHBjUMez, BLR 336061",145488.2,20-01-2015,17-07-1965,59,Other,2,5434.18,34336.63114,21578.97974,163680.0314,None,Widowed,9,38,Sales,National Sales Manager
2818,jNvYMsCv,"FtVYimHi St, kENWlvhKkC, BLR 899740",61727.63,08-01-2017,09-12-1995,28,Male,1,7303.237,14568.32144,9155.514172,74443.67426,Life,Married,7,7,IT,Software Engineer II
2819,AlUZFRll,"rwMDRKcX St, DwOsuTfdlk, PUN 308997",58941.22,08-08-2024,20-06-1995,29,Male,0,6062.878,13910.70156,8742.230587,70172.56897,Life,Single,-1,8,Human Resources,HR Associate
2820,tSeEQgVP,"IIUTAkTw St, FVApBzGIsc, HYD 453953",117163.48,25-02-2002,22-05-1974,50,Male,1,12170.652,27651.72156,17377.82419,139608.0294,Life,Widowed,22,29,Sales,Sales Director
2821,sOdRbQTF,"rgZJYoIy St, cZJhxcnpFQ, AMD 177302",124245.88,04-03-1991,27-12-1967,56,Other,1,7077.412,29323.23689,18428.29403,142218.2349,None,Divorced,33,35,IT,Technical Lead
2822,EzIsDaLj,"DipFfrLO St, EBdbdOGcht, DEL 410188",80151.78,17-06-2020,26-08-1982,41,Female,4,5522.822,18916.60015,11888.20562,92702.99653,Both,Married,4,20,Finance,Regional Account Head
2823,PYjBHrxg,"ryVRRPAx St, xTFsNpNptx, AMD 756429",87477.14,02-11-2009,27-06-1983,41,Female,1,5562.286,20645.4564,12974.71157,100710.1708,Both,Married,14,20,IT,QA Lead
2824,RHdtlakW,"FTrtuHLN St, gioxohbYBS, MUB 226811",101834.69,28-07-2014,12-01-1980,44,Female,2,12319.531,24033.97793,15104.24015,123083.9588,Medical,Married,9,23,Human Resources,ERP Head
2825,uGFHDXrU,"zqHOvbic St, IjyINmOFov, PUN 824151",148226.09,15-06-2022,24-12-1975,48,Female,2,9591.391,34982.79983,21985.06678,170815.2141,None,Married,2,27,Human Resources,Recruitment Manager
2826,ZnKkcWhU,"hVeLKgvL St, ORsSXECmoX, MUB 437185",106470.36,20-02-2018,04-07-1992,32,Male,2,14169.964,25128.04117,15791.80814,129976.557,Life,Married,6,11,Sales,Regional Sales Manager
2827,EDpVyyLC,"TFyLLyGX St, ZaXdmHPPfs, MUB 256095",88722.95,02-10-2007,20-06-1981,43,Other,3,8932.705,20939.47968,13159.49156,105435.6431,Life,Divorced,16,22,Sales,Senior Executive
2828,NrMVqOUj,"YJsmdIgh St, KxccGLKIgu, HYD 350506",70089.48,12-01-2016,21-10-1993,30,Female,1,8423.052,16541.79942,10395.75353,84658.57789,None,Married,8,9,IT,QA Engineer II
2829,IUbDtrDA,"rvLEjhbm St, fsXCLyMFeb, CHN 380109",127047.43,17-05-2018,10-01-1965,59,Male,1,9311.257,29984.42995,18843.82319,147499.2938,Medical,Widowed,6,38,IT,IT Manager
2830,DaRzwdjp,"vVnOMYNo St, JibvgXxClP, PUN 777115",77194.27,26-06-2014,17-05-1983,41,Other,3,7201.573,18218.599,11449.54428,91164.89772,Life,Married,10,20,Sales,Regional Sales Manager
2831,RIEqJZEF,"dRQEEnbX St, FebnTbKhDr, KOL 426555",40578.56,25-09-2023,13-03-2001,23,Other,0,6012.144,9576.935085,6018.65941,50148.97967,Medical,Single,0,2,Human Resources,HR Representative
2832,uuPMaSNj,"HNdUmXpn St, oRuKlqPauu, PUN 305326",117202.56,21-06-1999,01-07-1972,52,Male,1,8716.744,27660.94482,17383.62058,136196.6282,None,Widowed,25,31,IT,Technical Lead
2833,wnfSnGXo,"KVFBtUYD St, ooTssehfxS, KOL 988980",142344.42,07-11-2001,24-09-1968,55,Female,1,10655.558,33594.66847,21112.69062,165481.9559,Medical,Married,22,34,Human Resources,HR Director
2834,KtchDacp,"iVjvdXbm St, yDkMnCrItW, PUN 590864",76105.3,07-09-2022,18-05-1989,35,Male,2,6491.47,17961.59148,11288.02698,89270.33451,Life,Married,1,14,Human Resources,Senior HR
2835,moVCiaPt,"iSFHmtgb St, ZXGSJAkgXD, DEL 636223",72735.23,25-02-2021,28-01-1997,27,Other,0,5768.477,17166.22217,10788.17426,84881.75491,Life,Single,3,6,Marketing,Marketing Associate
2836,HxesNUlU,"uEzItFUX St, EkOSkNhbdF, MUB 453687",45905.35,13-03-2023,12-10-1995,28,Other,0,8090.465,10834.10937,6808.735124,58021.18924,Both,Single,1,7,IT,QA Engineer II
2837,nVkDENyD,"WZHfWMWf St, nLueCKfVZR, BLR 161090",74420.25,06-09-2020,28-03-1996,28,Female,3,9463.975,17563.90328,11038.09839,90410.02989,Life,Married,3,7,Finance,Account Associate
2838,kytsIkhR,"MiOULYEV St, PYlRWpODST, AMD 596337",92479.9,07-10-2005,24-03-1980,44,Other,2,8335.01,21826.15645,13716.72677,108924.3397,Both,Married,18,23,Sales,Regional Sales Manager
2839,RthbHnUu,"LnjCDEZB St, wfdyYWKvXt, PUN 893820",34781.4,10-07-2024,18-05-2002,22,Female,0,8168.86,8208.748905,5158.817869,46000.19104,None,Single,0,1,IT,QA Engineer I
2840,RCKvjEMJ,"hVuJMowV St, ztUYotiSsN, PUN 112830",27911.19,04-12-2023,03-04-2000,24,Male,3,4305.881,6587.312482,4139.820298,34664.56318,Medical,Married,0,3,Human Resources,HR Representative
2841,VxbVsDSf,"fMpSHmgu St, AWsFPZGbNq, PUN 733732",127881.51,04-05-2019,26-05-1968,56,Male,1,5656.849,30181.28095,18967.53491,144752.105,Medical,Married,5,35,Marketing,Marketing Director
2842,YeBiKVNV,"eMiYfcqH St, XqvGqOUwic, AMD 377954",42203.44,15-11-2024,10-04-2002,22,Other,0,7788.656,9960.422579,6259.663509,53692.85507,None,Single,-1,1,Marketing,Marketing Development Representative
2843,ZAPSCBAU,"RWGdnGoG St, HBdyWYWHxz, DEL 771753",135332.87,03-03-2023,19-08-1965,58,Male,1,8511.713,31939.87443,20072.72933,155711.7281,Medical,Married,1,37,Sales,National Sales Manager
2844,DBSJqodo,"SmZOuKcE St, bgqpNzBDbQ, CHN 261834",118969.9,13-08-2018,04-05-1973,51,Other,4,11008.01,28078.05426,17645.75451,140410.2097,Both,Married,5,30,Sales,Sales Director
2845,SpjfSDDM,"lXRChbjc St, OTkAwCUjzt, HYD 603566",125589.39,12-03-2024,25-03-1965,59,Other,2,11104.061,29640.31832,18627.565,147706.2043,None,Married,0,38,Marketing,Marketing Director
2846,RPitSTok,"WucjDyVD St, WZsRWSmCRn, HYD 494745",147588.77,16-06-1995,13-04-1970,54,Other,2,7777.123,34832.38611,21890.53873,168307.7404,Medical,Married,29,33,IT,IT Manager
2847,dWqNsQch,"aRHvtIez St, NTzQZhzVLe, CHN 898802",88513.96,16-03-2015,04-01-1982,42,Female,4,8829.604,20890.15601,13128.49392,105105.2261,Medical,Married,9,21,Sales,Senior Executive
2848,RobgEtci,"pnpDfnPx St, TDkkGcqMae, PUN 271861",70925.01,06-07-2020,28-02-1999,25,Other,0,10737.499,16738.99263,10519.68032,87881.82131,Both,Single,4,4,Human Resources,HR Associate
2849,IJcxWAem,"bDgTEtwu St, MGnhcqWIbA, MUB 633249",69147.25,09-08-2018,01-08-1993,30,Female,0,9804.275,16319.42397,10256.00088,85014.94809,Both,Single,5,9,Marketing,Marketing Representative
2850,EnPIaXrw,"AsTqinUB St, jSGwHIGvUV, BLR 866345",123635.21,21-06-1993,07-05-1969,55,Female,3,7981.479,29179.11282,18337.71874,142458.0831,None,Divorced,31,34,Sales,National Sales Manager
2851,auxhOZPj,"RFqCZyui St, LnqEEYQKge, DEL 512442",43795.36,27-08-2023,18-08-2002,21,Male,0,6975.464,10336.13119,6495.778943,54611.17625,Medical,Single,0,0,Human Resources,HR Intern
2852,otXJkPBS,"qDuVLzGp St, HTvsDJCGiw, KOL 273558",72014.68,06-01-2021,17-12-1997,26,Male,0,10675.532,16996.16535,10681.30144,89005.07591,Life,Single,3,5,IT,QA Engineer II
2853,YBQHmsel,"FTWjKFGQ St, OHiduKJnMs, BLR 945716",103472.86,22-09-2020,10-12-1989,34,Female,1,12052.714,24420.602,15347.21544,124598.9606,None,Married,3,13,Human Resources,Senior HR
2854,TXjRtfTQ,"AhPGboGx St, OUfmeAWgex, KOL 847677",134710.74,02-11-1996,28-02-1964,60,Female,1,8015.926,31793.04569,19980.45428,154539.2574,Life,Widowed,27,39,Marketing,Marketing Director
2855,fGsgKXnf,"oCvGxcpT St, HOGHGgnbLV, BLR 182900",28734.73,01-09-2022,11-03-2000,24,Female,0,5901.527,6781.675937,4261.968712,37155.96422,Both,Single,1,3,Human Resources,HR Representative
2856,gdkqxYtc,"cPVLdvOx St, TGueTHiQfY, HYD 616542",65555.16,14-04-2024,04-01-1997,27,Other,1,9812.484,15471.65577,9723.217892,81116.08187,None,Married,0,6,Finance,Account Associate
2857,bXumoVbG,"ZBjOSsPW St, BecHDyoHpW, DEL 904136",132863.33,22-08-2016,16-11-1975,48,Female,2,9966.667,31357.03895,19706.44427,154480.5917,Medical,Widowed,7,27,Human Resources,HR Director
2858,bckdaONd,"jomXBuka St, qgrlibGQnX, MUB 226763",60215.08,18-01-2021,27-05-1996,28,Female,0,11203.492,14211.34491,8931.17099,76698.74593,Both,Single,3,7,Finance,Account Executive
2859,RxwCDLdb,"CwcWIPIN St, UZhCUcscHT, HYD 144668",116717.13,27-12-2022,19-07-1969,54,Female,3,7748.287,27546.37861,17311.62103,134700.1746,Both,Married,1,33,Marketing,National Marketing Manager
2860,cepjrkOe,"PlJJYeUJ St, mqmOXvIuVb, MUB 452832",117755.86,19-07-2006,19-08-1971,52,Female,2,12141.414,27791.529,17465.68668,140223.1163,Medical,Married,17,31,Human Resources,Recruitment Manager
2861,LJVclRzt,"VxPpiKqI St, XHkaeTJSqa, BLR 477218",28855.04,28-03-2021,04-01-2000,24,Male,4,6219.496,6810.070268,4279.813232,37604.79304,Medical,Married,3,3,Marketing,Marketing Intern
2862,ipSlgbBW,"HEstxaCd St, NxKQoRAwvU, BLR 394144",77491.86,22-04-2004,27-07-1978,45,Female,,8132.814,18288.83314,11493.68318,92419.82396,Medical,,20,24,Human Resources,ERP Head
2863,hLsONVPz,"sGqWSTEe St, WGXqDzwMCt, AMD 414788",90864.82,03-02-2009,07-02-1986,38,Other,4,4771.518,21444.98185,13477.17622,103604.1436,Medical,Married,15,17,Marketing,Regional Marketing Manager
2864,KaTXSWgY,"RNBJBkTm St, twjNCluuiD, MUB 190129",70657.71,14-03-2021,16-03-1997,27,Other,0,9189.229,16675.90723,10480.03407,86042.81216,Both,Single,3,6,Sales,Sales Representative
2865,SJzKWusn,"IFUmtpde St, UMDmdnIbUB, PUN 692495",109636.89,04-03-2014,20-04-1990,34,Other,4,8590.311,25875.37307,16261.47157,127841.1025,Life,Married,10,13,Finance,Regional Account Head
2866,kYrQEezH,"SKoSYzff St, soviKFQcie, AMD 137386",70928.37,25-09-2021,21-09-1998,25,Female,2,6712.163,16739.78562,10520.17867,83860.13995,Life,Married,2,4,Marketing,Marketing Associate
2867,fZlpfIth,"QQIXlgbJ St, IqmSFUwXjn, DEL 468936",120851.86,28-06-2023,25-05-1976,48,Other,3,7936.814,28522.21513,17924.88902,139386.0001,Medical,Married,1,27,Sales,National Sales Manager
2868,juHmorzV,"YRLMqCDE St, fDNshHOega, CHN 233810",56504.12,04-08-2019,17-04-1993,31,Female,2,5522.588,13335.52224,8380.757069,66981.47317,Life,Married,4,10,Marketing,Marketing Representative
2869,UEirvROi,"MAQjdhhS St, ggqeTPhhxA, AMD 497659",31788.86,13-02-2021,17-11-2000,23,Other,0,8752.114,7502.480341,4714.960841,43328.4935,Medical,Single,3,2,Marketing,Marketing Development Representative
2870,ZMuTaJtW,"vgxosTHX St, FkhwTnErYF, PUN 897129",83630.6,08-11-2011,18-02-1980,44,Male,3,8829.94,19737.63552,12404.18826,99793.98726,None,Divorced,12,23,Human Resources,Senior HR
2871,qUHUbjfZ,"BpSaaUEv St, wLPzwNEGwS, CHN 275567",74928.3,06-04-2016,06-11-1995,28,Female,3,10240.17,17683.80803,11113.45296,91738.82507,Medical,Married,8,7,Human Resources,HR Executive
2872,sdyjmzvq,"xDMvVMre St, rJlUYnRGOk, HYD 773960",54348.96,08-04-2019,19-04-1995,29,Other,0,5707.104,12826.8835,8061.10122,64821.84628,None,Single,5,8,Marketing,Marketing Representative
2873,AhLkrabY,"yOfujEyW St, vucjJWsjcV, HYD 785396",108664.34,02-03-2012,16-02-1988,36,Female,1,12056.566,25645.8418,16117.22182,130249.526,Medical,Married,12,15,Finance,Regional Account Head
2874,OBdasFMM,"XoThhDkJ St, KbKZiATOUN, CHN 259979",99001.86,09-09-2011,02-07-1986,38,Female,3,6318.814,23365.40248,14684.0715,114002.005,Life,Married,12,17,Finance,Regional Account Head
2875,JvenOtDp,"sKCaBOhi St, nLYHXBmZuv, BLR 710494",67352.63,14-05-2024,24-06-1997,27,Other,0,6758.737,15895.87618,9989.820742,80017.42244,Life,Single,0,6,IT,QA Engineer II
2876,xnBWHaQT,"ebJxpxdY St, KgLpfDaMsK, HYD 228731",131542.64,14-03-1993,05-05-1969,55,Male,1,6612.736,31045.34326,19510.55799,149690.1613,Life,Married,31,34,Sales,Sales Director
2877,bHHWIEEY,"iNiqBwge St, lpbzLPZusS, KOL 412542",89340.53,16-01-2017,03-03-1978,46,Male,3,7468.947,21085.23457,13251.09175,104643.6198,Both,Divorced,7,25,Finance,Regional Account Head
2878,TDRQDyqC,"HEhJzWfE St, cUGlCLXmsd, PUN 527936",79177.69,02-07-2015,03-04-1991,33,Female,1,8798.231,18686.70543,11743.72745,94918.89897,Both,Married,9,12,IT,QA Lead
2879,XhsBEzFu,"jFOYdFLE St, afseiXESSv, CHN 934769",81540.66,09-11-2013,09-10-1986,37,Male,2,5471.934,19244.38934,12094.20592,94162.77742,Both,Married,10,16,Finance,Regional Account Head
2880,FqTksnNc,"cYCixXcB St, BOUtVIhRNk, CHN 392817",101396.96,21-01-2010,13-02-1987,37,Male,2,10718.304,23930.66939,15039.31553,121006.6179,Medical,Married,14,16,Marketing,Regional Marketing Manager
2881,pIkmezCv,"eEDeNqmb St, XXliCUxgDu, AMD 562250",44740.62,07-02-2021,06-12-2000,23,Female,0,6060.938,10559.22175,6635.98101,54724.79874,None,Single,3,2,Human Resources,HR Intern
2882,KtNNmMUa,"XpckjfbQ St, lKmYQOaHpt, AMD 607286",87989.88,04-03-2021,28-07-1989,34,Female,1,8700.012,20766.46803,13050.76176,104405.5983,Both,Married,3,13,Marketing,Senior Marketing Executive
2883,ohtUpWIO,"xPtYeMDb St, ttEgEYzleB, CHN 988332",89996.61,20-12-2012,12-10-1983,40,Male,2,8121.339,21240.07584,13348.4023,106009.6225,Both,Married,11,19,Sales,Regional Sales Manager
2884,scLCpiPo,"FfSbaPgf St, vInoSEwXyG, HYD 433492",96346.06,01-11-2015,14-11-1988,35,Other,2,4673.394,22738.60783,14290.16014,109467.9017,Life,Married,8,14,Sales,Senior Executive
2885,gTcOEgUO,"NEsAAfVk St, shOnalKaLT, AMD 421058",60224.22,15-10-2017,16-08-1995,28,Other,2,7454.578,14213.50204,8932.526645,72959.7734,Life,Married,6,7,Marketing,Marketing Associate
2886,gTJEBVdV,"ohhwgWlu St, DhxYJiIIAj, AMD 590771",94393.73,20-09-2009,05-11-1978,45,Female,,3618.627,22277.83895,14000.58827,106289.6077,Life,,14,24,Human Resources,Senior HR
2887,nUQTzAnI,"doraPkdA St, fdCzCamzgO, CHN 641441",48404.35,04-12-2023,19-10-1994,29,Male,2,6826.565,11423.89769,7179.389723,59475.42297,None,Married,0,8,Finance,Account Executive
2888,mBzoXwQX,"MqMqZMnE St, UfKRxWuVdB, KOL 802486",98560.95,27-01-2020,20-04-1987,37,Other,4,7248.905,23261.34343,14618.67521,114452.5232,Medical,Married,4,16,Marketing,Senior Marketing Executive
2889,AIXakoch,"VyYTreGm St, rVxrFAzEdW, CHN 230147",116839.85,09-09-2017,04-04-1966,58,Female,2,12359.015,27575.34173,17329.82301,139444.3837,None,Married,6,37,Finance,Account Director
2890,ZPrSQHfK,"SQrgnwar St, TTjDtbZCFu, HYD 175030",144171.74,12-08-1993,26-01-1972,52,Other,1,6223.826,34025.93377,21383.72085,163037.7789,Both,Married,30,31,Finance,National Account Head
2891,MGladtPr,"IUowLeWA St, PWRmYWkTGY, MUB 451064",73838.07,20-11-2020,22-04-1997,27,Other,2,6049.193,17426.50314,10951.74878,86362.01736,Both,Married,3,6,Sales,Sales Executive
2892,pzjfigCO,"byTHORgV St, krPVjSTwDr, DEL 639974",70210.87,04-07-2014,15-11-1992,31,Other,1,9256.913,16570.44864,10413.75824,85624.4734,Medical,Divorced,10,10,Finance,Account Executive
2893,YdVtanCr,"cQkFUEWY St, dJLAJdZpxh, BLR 398821",34900.51,21-03-2024,10-06-2001,23,Other,0,9361.949,8236.860024,5176.484403,47322.83462,Both,Single,0,2,IT,QA Engineer I
2894,jKXGcZsn,"oKVVPDbw St, rvTzrsLYnX, MUB 882743",110148.95,28-03-1998,22-06-1971,53,Other,4,9610.105,25996.22421,16337.42091,129417.8583,Medical,Married,26,32,Sales,National Sales Manager
2895,zADHZXlL,"nHUFHKnc St, rWkkPAtBlS, AMD 670716",106665.31,20-10-2009,07-01-1986,38,Female,3,8225.469,25174.05127,15820.72335,124244.1069,Medical,Married,14,17,Human Resources,Senior HR
2896,WdAuuWWO,"XuEiqMwn St, ngonPwwMZX, MUB 279827",103248.29,14-06-2001,27-04-1979,45,Female,,7978.171,24367.60129,15313.90695,120280.1553,Life,,23,24,Human Resources,Senior HR
2897,tGtISxws,"IDjfbrLB St, OIGUbByyki, AMD 190150",30453.38,17-05-2023,11-08-2000,23,Male,0,8266.662,7187.294063,4516.880888,41390.45518,Both,Single,1,2,Marketing,Marketing Intern
2898,ZWsrHFBS,"vKuyVlnZ St, ZlrXtKODJm, DEL 202080",74366.66,09-09-2019,24-06-1997,27,Other,0,9386.334,17551.25552,11030.14986,90274.09966,Life,Single,4,6,IT,Software Engineer II
2899,SymjwlrY,"nANTychx St, avmowKmQNk, HYD 730890",106911.16,17-08-2017,21-02-1978,46,Female,4,10404.884,25232.07426,15857.18811,126690.9301,None,Married,6,25,Sales,Senior Executive
2900,VCvXrjLC,"PHZCYxdF St, qyVQMxbLnn, PUN 588072",108337.99,28-01-2001,23-10-1980,43,Male,1,11377.201,25568.82002,16068.8172,129215.1938,Life,Married,23,22,Finance,Senior Account Executive
2901,PmvIcmXp,"dpPNEopF St, KMRqToQkXf, CHN 240753",109034.86,12-08-2023,21-03-1988,36,Male,4,12228.514,25733.28813,16172.17778,130824.4844,Medical,Married,0,15,Finance,Regional Account Head
2902,ZJYIcsHU,"bTySiaRT St, iFfICoPKwz, HYD 913706",125229.72,22-08-2021,02-05-1972,52,Other,2,7215.028,29555.4327,18574.21832,143425.9624,Life,Divorced,2,31,IT,IT Manager
2903,TLyJIBIC,"EXMRAwbI St, mYBPgkiraJ, MUB 780732",113105.87,08-05-2002,05-05-1965,59,Female,4,12183.413,26694.08611,16775.99473,135207.3744,Life,Married,22,38,IT,IT Manager
2904,XAwyBLNJ,"ZomdQYtM St, zcYuEyIOmi, KOL 855012",146304.14,17-06-2008,05-08-1973,50,Other,2,9464.586,34529.20092,21700.00091,168597.926,Both,Widowed,16,29,Finance,National Account Head
2905,CHtCQXWa,"rjoRStTG St, kGgSuegaIR, AMD 880934",85497.42,05-01-2018,25-01-1984,40,Male,1,8435.258,20178.22321,12681.07719,101429.824,Both,Married,6,19,Human Resources,ERP Head
2906,VwGjeqwc,"uLxHmCuS St, ygYWreiISQ, MUB 576188",114440.05,13-04-2020,12-07-1972,52,Other,2,6870.995,27008.96557,16973.88187,131346.1287,Life,Divorced,4,31,Finance,National Account Head
2907,fsMaXXCj,"uxVGEFZh St, slPCgBShMp, BLR 362935",124175.16,09-06-2014,06-11-1974,49,Female,2,9209.484,29306.54628,18417.80475,144273.3855,Life,Widowed,10,28,Human Resources,Recruitment Manager
2908,CVtILrpF,"MLeKXHNA St, joKDQtTjTe, BLR 497857",109117.02,12-05-2015,28-08-1989,34,Female,1,10866.298,25752.67869,16184.36384,129551.6328,Medical,Married,9,13,IT,QA Lead
2909,RMQevVwX,"qmHyQjeu St, gZRGreODdL, KOL 615869",147862.35,13-05-2011,10-01-1975,49,Male,1,7045.765,34896.95365,21931.11644,167873.9522,Both,Married,13,28,Human Resources,Recruitment Manager
2910,vXcOvRAo,"cTXPSeqa St, gOtvJesJXU, HYD 546287",119540,18-12-1996,07-05-1969,55,Female,3,8308,28212.60341,17730.31241,138330.291,Both,Married,27,34,IT,Technical Lead
2911,dveXdkPW,"sybWblBM St, lnqCRwTUYI, MUB 363462",103396.6,12-02-2016,22-02-1985,39,Male,4,12814.34,24402.60389,15335.90447,125277.6394,Both,Married,8,18,Finance,Regional Account Head
2912,mZBidxLQ,"CfbGOIcv St, PnSluxgnLE, CHN 777306",124675.8,10-03-2005,24-08-1970,53,Female,1,6882.42,29424.70219,18492.06026,142490.8619,None,Widowed,19,32,Human Resources,HR Director
2913,fGLEwrgl,"pGMTjwSI St, wfGazovcwh, MUB 224353",114836.97,06-10-2021,24-05-1964,60,Female,2,13276.303,27102.64255,17032.75351,138183.162,Medical,Married,2,39,Marketing,Marketing Director
2914,GKkPRMGU,"qocPkkNL St, OQMgBVZiwh, PUN 490550",128638.23,10-09-2018,26-07-1970,53,Male,2,5348.177,30359.87423,19079.77251,145266.5087,Both,Widowed,5,32,Finance,National Account Head
2915,EgINnbnS,"EBEIvXQs St, PYmqwOrZGs, BLR 795590",61833.62,04-10-2021,21-11-1992,31,Other,1,9615.638,14593.33611,9171.234733,76871.35937,Both,Married,2,10,Human Resources,HR Associate
2916,vIqtUvrR,"tORdiyTt St, cZGtChJmqE, AMD 647727",50649.97,27-05-2019,06-12-1995,28,Female,3,5335.003,11953.88586,7512.462704,60426.39616,Both,Married,5,7,IT,QA Engineer II
2917,nhPjksdl,"DltszLYf St, ZxOPSfXCBc, AMD 580267",69382.64,15-09-2021,01-04-1998,26,Female,0,8517.736,16374.9783,10290.9142,83984.4401,Both,Single,2,5,Human Resources,HR Executive
2918,YfgaqcYu,"DPoRnZbT St, ITwEaRDezj, KOL 734882",107185.87,02-09-2024,11-01-1983,41,Female,1,14262.413,25296.90849,15897.93342,130847.2581,Life,Divorced,-1,20,Human Resources,Senior HR
2919,YSdFDDHG,"pmoLBVCN St, SwgYOiFaez, KOL 325902",144794.46,19-04-2011,26-05-1976,48,Other,2,9825.554,34172.90175,21476.08341,167316.8323,None,Widowed,13,27,Sales,National Sales Manager
2920,sbOYEzXj,"XcsxpqPy St, SlGFIMJQik, HYD 226070",58453.23,25-10-2018,21-08-1997,26,Male,2,6505.677,13795.53117,8669.85134,70084.58683,Both,Married,5,5,IT,QA Engineer II
2921,dqtUviNy,"FTWXWZfA St, oFbKDHzqHO, PUN 610680",99138.56,21-04-2023,05-05-1991,33,Female,2,7772.144,23397.66501,14704.347,115604.022,Medical,Divorced,1,12,Human Resources,ERP Head
2922,ETGKCypl,"dXYjupJF St, KJwDoopopZ, CHN 288028",35458.56,23-02-2022,21-01-2001,23,Other,0,6946.144,8368.565255,5259.255031,45514.01422,Life,Single,2,2,Finance,Accounts Intern
2923,cxHMHAES,"NUQiBBTG St, sFgvvEcbof, DEL 293931",40640.81,15-10-2022,06-11-2001,22,Other,0,7556.919,9591.626691,6027.892403,51761.46329,Life,Single,1,1,Sales,Sales Development Representative
2924,ktbwWuHo,"LTtguniD St, aRgCBjARMv, MUB 700800",146847.74,07-02-2012,05-12-1971,52,Male,2,10100.226,34657.49582,21780.6283,169824.8335,None,Widowed,12,31,IT,IT Manager
2925,fMkRmcbN,"PFDTVNuf St, kgGCnvlCHZ, HYD 636134",141353.82,06-10-2002,02-03-1972,52,Male,3,4896.618,33360.87723,20965.76367,158645.5516,Medical,Married,21,31,Sales,National Sales Manager
2926,nuxXLczD,"WuGjuboU St, mNttwsHrsf, BLR 725646",81163.98,02-11-2022,13-02-1988,36,Other,3,6512.602,19155.4892,12038.3363,94793.73489,None,Married,1,15,Finance,Senior Account Executive
2927,ROMWjxxD,"FsAGDVWH St, NTEtrAXOET, DEL 582335",67283.89,12-01-2022,01-01-1996,28,Female,0,8750.611,15879.65287,9979.625145,81934.52873,Both,Single,2,7,IT,QA Engineer II
2928,CuaoZJqB,"EYYXEZbx St, FILLmQosZA, DEL 720321",67702.08,16-07-2024,06-04-1999,25,Other,4,6620.792,15978.34978,10041.65157,80259.57021,Life,Married,0,4,Sales,Sales Representative
2929,IlXlgQcg,"QwUQgBaW St, ItQGvpaxdj, KOL 827293",48868.2,17-08-2023,24-07-1994,29,Female,0,7266.18,11533.3708,7248.188496,60419.56231,None,Single,0,8,IT,Software Engineer II
2930,XbBkBqXz,"HAJzZuvC St, QyDMkYfPMN, KOL 764310",26451.74,04-05-2022,10-01-2000,24,Male,0,6934.826,6242.868078,3923.352969,35706.08111,None,Single,2,3,Human Resources,HR Representative
2931,FmkbGBjS,"oRxuAlPv St, pjLwrrqgxs, AMD 662614",60654.25,08-01-2021,25-09-1996,27,Female,4,10935.575,14314.99331,8996.309197,76908.50911,Life,Married,3,6,Human Resources,HR Associate
2932,ZTgwnPHI,"WHPLIleD St, pEQClweVrN, CHN 944897",83984.21,25-04-2011,04-09-1988,35,Other,1,6403.579,19821.09092,12456.63611,97752.24381,Life,Divorced,13,14,Human Resources,ERP Head
2933,tZhOKmuD,"zLutBxBb St, zFtCMkHyOp, DEL 958308",121619.98,22-12-1998,23-02-1968,56,Male,2,7821.002,28703.49893,18038.81747,140105.6635,Life,Married,25,35,Sales,Sales Director
2934,RFUSaxTb,"oNAEccNQ St, QIdxmBQkZs, CHN 129692",95861.83,22-10-2020,08-08-1991,32,Male,4,6008.817,22624.32484,14218.33858,110276.6333,Life,Married,3,11,Human Resources,Senior HR
2935,RbJAYhSb,"ZJNitFyQ St, WGVbwuuYod, HYD 422299",94951.38,12-08-2022,05-06-1984,40,Female,1,8055.862,22409.44978,14083.29957,111333.3922,Medical,Married,1,19,Marketing,Senior Marketing Executive
2936,bjtoSoCr,"SvnZkMnS St, JGfOQBPfko, AMD 213878",105940.09,14-06-2008,28-06-1982,42,Male,4,8239.991,25002.89229,15713.15787,123469.8154,None,Married,16,21,IT,Software Engineer III
2937,BxrKjaOU,"EMXBCDrF St, UyXMBJAGaR, DEL 887584",136630.96,02-04-2016,28-04-1966,58,Other,1,9904.904,32246.2363,20265.26356,158516.8367,None,Widowed,8,37,Marketing,National Marketing Manager
2938,uZPOxKjI,"KwtWZqJl St, RNuBtwmqGB, HYD 936453",148437.77,21-12-2013,09-01-1965,59,Other,3,4522.223,35032.75837,22016.4634,165976.288,None,Married,10,38,Finance,National Account Head
2939,HIzYOHJQ,"dNPvOevV St, DeVpIcOtww, DEL 563135",119316.34,03-06-1999,28-02-1971,53,Female,2,10774.366,28159.81747,17697.1389,140553.3846,None,Married,25,32,Sales,National Sales Manager
2940,xogSDdjn,"DOqiNOmq St, nQVMCSUjDh, KOL 979602",141663.32,02-10-2001,27-01-1976,48,Other,1,6388.668,33433.92224,21011.66907,160474.2412,Life,Married,22,27,IT,IT Manager
2941,tFjyOhoC,"KauwMbUC St, WskQCUyKrA, MUB 962749",60600.75,16-03-2020,04-09-1992,31,Male,2,8753.925,14302.36679,8988.374015,74668.66777,Life,Married,4,10,IT,Software Engineer II
2942,unpzvGWG,"bVtnemwi St, coXoKhLiTu, BLR 750134",94895.45,07-11-2010,11-08-1980,43,Female,4,6932.455,22396.24976,14075.00397,110149.1508,Life,Married,13,22,Finance,Regional Account Head
2943,FQCkEPYe,"GVHqaVYi St, VwAdslSgZj, AMD 358159",121808.11,22-09-1999,13-07-1966,58,Female,1,10239.189,28747.89944,18066.72113,142728.4773,None,Married,24,37,Sales,Sales Director
2944,YlooyOSS,"UtrQPqRS St, JqIOTDnVva, AMD 363250",100206.22,14-07-2011,21-09-1990,33,Female,4,9859.378,23649.64316,14862.70358,118852.5376,Both,Married,13,12,Sales,Senior Executive
2945,EXRQFGEE,"gyPEVVnO St, oJKqSvCDon, AMD 400652",125586.86,06-04-2011,02-01-1964,60,Male,2,5799.314,29639.72122,18627.18975,142398.7055,None,Divorced,13,39,Human Resources,Recruitment Manager
2946,SYSyTRoB,"mqljIAfi St, dnMloFBSdN, MUB 293868",101919.41,25-02-2020,24-03-1984,40,Other,1,9888.059,24053.97268,15116.80592,120744.6358,Life,Married,4,19,Sales,Regional Sales Manager
2947,OkbGtZRp,"ALKPPGPA St, ZmWyJggBGS, CHN 239670",106033.62,22-08-2017,22-07-1985,38,Male,4,13467.638,25024.96628,15727.03035,128799.1939,None,Married,6,17,Marketing,Regional Marketing Manager
2948,KrCFXdgJ,"EiOPBXiu St, XekIVQTIio, KOL 232148",71596.82,05-01-2019,16-03-1995,29,Female,3,7806.318,16897.54633,10619.32396,85681.36037,Medical,Married,5,8,Marketing,Marketing Representative
2949,NUdApulP,"irLMYCVN St, YUbpfCNVWR, HYD 899821",87007.81,22-11-2021,14-04-1987,37,Male,1,8760.219,20534.68995,12905.09999,103397.619,Life,Divorced,2,16,Marketing,Regional Marketing Manager
2950,PvPOvSQx,"kFvUemQS St, LVsoTgNBkG, MUB 368077",87427.48,06-04-2017,27-05-1986,38,Male,1,9207.252,20633.73616,12967.34594,104301.1222,Medical,Married,7,17,Finance,Regional Account Head
2951,nIkFfqXO,"AeoHfmXG St, QYCfDqJJsf, CHN 191870",142003.97,04-12-2024,09-07-1965,59,Male,2,6201.603,33514.31895,21062.19467,160657.6973,Life,Married,-1,38,IT,Technical Lead
2952,BFbKIpMO,"iaqQrmFp St, qkVcggMTOt, MUB 774317",62592.82,03-08-2022,17-08-1995,28,Female,0,7594.718,14772.5147,9283.840164,75676.21253,Medical,Single,1,7,Marketing,Marketing Representative
2953,WJsurFkU,"aLLbXvce St, ftkvHMWzCo, MUB 777560",93771.5,11-01-2003,13-04-1980,44,Other,3,4465.85,22130.98662,13908.29839,106460.0382,Both,Married,21,23,Marketing,Regional Marketing Manager
2954,gwkexhGu,"oHesbRXc St, faJpxRdpoK, MUB 443540",45368.09,17-04-2020,21-07-1996,27,Female,1,5829.191,10707.31078,6729.048093,55175.54369,None,Married,4,6,IT,QA Engineer II
2955,DBVYWoqB,"ihWLOozO St, NSyQDGuSTN, KOL 464128",59119.54,19-03-2023,11-03-1998,26,Male,0,4471.046,13952.78681,8768.679218,68774.6936,Medical,Single,1,5,Marketing,Marketing Representative
2956,OwYjIEaG,"DOqcVnah St, rQGmhTbMju, BLR 477203",78191.38,26-07-2019,15-07-1991,33,Female,1,9849.862,18453.92667,11597.4368,94897.73187,Medical,Married,4,12,Marketing,Senior Marketing Executive
2957,Zberbpxs,"nSjwFmFv St, gtzqrwiiBF, AMD 662593",91380.67,11-06-2014,04-08-1980,43,Female,4,7459.933,21566.72747,13553.6877,106853.6428,Life,Married,10,22,Human Resources,ERP Head
2958,CVaTvStl,"MEDJFWIB St, ruJjsePKyg, PUN 895553",29879.26,26-05-2021,11-04-2000,24,Male,0,5169.074,7051.796156,4431.726739,37668.40342,Medical,Single,3,3,IT,Software Engineer I
2959,idaYTvlS,"fNXswXZl St, bEaKRTokVM, MUB 482191",130058,06-07-2016,16-07-1967,57,Female,4,5385.2,30694.95377,19290.35445,146847.7993,Medical,Married,8,36,Marketing,National Marketing Manager
2960,DjAtMtaB,"EvFmSfeM St, GhJSTvfEfo, HYD 829407",87901.96,06-05-2009,14-02-1985,39,Other,1,5827.804,20745.71805,13037.72137,101437.7607,Medical,Married,15,18,Finance,Regional Account Head
2961,WkWNwzso,"PcDEOErY St, PCJyHXmMlh, DEL 358832",102553.47,13-07-2015,17-06-1983,41,Male,4,13189.653,24203.61701,15210.85044,124735.8896,None,Married,9,20,Finance,Regional Account Head
2962,GQScuakv,"WHQGoeBh St, hJxjhbZxwV, BLR 949958",119647.92,17-06-2003,25-12-1966,57,Other,4,9982.208,28238.07358,17746.31923,140121.8823,Both,Married,21,36,Human Resources,Recruitment Manager
2963,AxKZZUss,"NEFMdavk St, GDzyGWhdVB, PUN 411608",76966.08,28-02-2015,19-04-1987,37,Other,1,7646.392,18164.74394,11415.69887,91361.51707,None,Married,9,16,IT,Software Engineer III
2964,wqVMJsPd,"lPVGpyog St, aJNXxivFEt, PUN 452288",50572.44,10-08-2019,27-11-1993,30,Other,0,6477.756,11935.58803,7500.963364,61484.82067,Medical,Single,4,9,Human Resources,HR Executive
2965,vgndoKYw,"VQZJBEaM St, bYEkxNDAQP, DEL 742951",107305.65,22-12-1999,26-10-1977,46,Female,4,12747.435,25325.17774,15915.69933,129462.5634,Life,Married,24,25,Marketing,Senior Marketing Executive
2966,fTDfCmYl,"SHBQgAuI St, hwjNHKnnzx, HYD 291283",116195.73,04-07-2013,08-12-1971,52,Other,1,6882.427,27423.32314,17234.28638,133267.1938,Both,Widowed,11,31,Human Resources,HR Director
2967,fdWtMMII,"utbtoZRn St, oBtGxoeYpr, BLR 410575",58724.55,19-04-2020,25-01-1998,26,Male,3,5563.545,13859.56533,8710.093839,69437.56649,None,Married,4,5,Sales,Sales Executive
2968,PmlJptHp,"sPqwBCbn St, gtskIYbGRk, KOL 601803",131302.97,07-11-2000,19-08-1969,54,Female,1,8263.703,30988.77881,19475.00986,151080.442,Medical,Married,23,33,Finance,Account Director
2969,KnDHBBay,"OgAZmLhp St, UfdWXWlvSr, HYD 818505",126616.05,02-01-2006,02-11-1972,51,Female,4,11952.395,29882.62007,18779.84041,149671.2247,Life,Married,18,30,Marketing,National Marketing Manager
2970,obdqFCyb,"LUfiUSLM St, gFJApYXyBL, PUN 948745",22610.34,07-06-2020,14-08-1999,24,Male,2,6460.966,5336.260292,3353.592035,31053.97426,Medical,Married,4,3,Finance,Accounts Intern
2971,jwPEAtsO,"chHjbzVQ St, BHpPtqXkiL, MUB 319513",55088.07,24-12-2021,07-09-1997,26,Male,2,5054.193,13001.32066,8170.726879,64972.85678,None,Married,2,5,Sales,Sales Representative
2972,dnvhRldy,"LpWpnlwp St, PrUEGOuxgr, HYD 874842",58291.15,07-04-2024,28-03-1996,28,Male,4,5300.885,13757.27871,8645.811445,68703.50227,None,Married,0,7,Sales,Sales Representative
2973,TDIwfQfo,"jNIrrvxf St, nzebJQMQfo, BLR 754570",146420.15,08-12-2023,02-05-1972,52,Female,4,5509.985,34556.58041,21717.20765,164769.5078,Both,Married,0,31,IT,IT Manager
2974,UfLHDXyC,"KAEDoagF St, ksKwdXVjHm, KOL 276759",101541.26,02-06-2019,24-07-1990,33,Female,2,8706.874,23964.7256,15060.71827,119152.1413,Life,Married,5,12,Human Resources,Senior HR
2975,CXBfxOPs,"SdLwGYdj St, pAyXYOKMhH, MUB 211416",137365.58,09-07-2016,22-03-1972,52,Male,1,4875.442,32419.61377,20374.22325,154286.4125,Life,Divorced,8,31,IT,IT Manager
2976,swlKHUpj,"rkEUHPAZ St, CZEZarZlpe, BLR 418362",121093.47,17-11-1997,19-08-1968,55,Male,2,12005.653,28579.23745,17960.72489,143717.6356,Life,Married,26,34,IT,Technical Lead
2977,eUGaYpLy,"pInLQqpp St, pLRkOHEfvB, HYD 361637",80908.46,15-06-2015,28-05-1992,32,Male,2,7218.154,19095.18399,12000.43728,95221.36071,Life,Divorced,9,11,IT,QA Lead
2978,unfRBoEZ,"mCwIrfsa St, EdgxlnqNsq, DEL 717895",83049.71,04-02-2002,27-02-1981,43,Male,2,8991.029,19600.53983,12318.02998,99323.24885,Both,Married,22,22,Marketing,Regional Marketing Manager
2979,ipvhAroC,"EoyJOcxD St, poBQlZQUVV, MUB 658799",133861.4,05-11-2018,14-12-1974,49,Other,3,8983.86,31592.59319,19854.47918,154583.374,Both,Married,5,28,Finance,Account Director
2980,UWzxsWrT,"zEFSjEcI St, NvrLPOtRRc, AMD 315587",141419.93,19-10-2007,01-08-1974,49,Female,1,4169.007,33376.47983,20975.56918,157989.8477,Both,Married,16,28,Marketing,Marketing Director
2981,EaPNXqBC,"JOZLeAut St, haFoHPLHzk, CHN 613977",144472.61,25-06-1991,22-04-1965,59,Other,3,3987.739,34096.94202,21428.34624,161128.9448,Life,Married,33,38,Sales,National Sales Manager
2982,YQHAvHAr,"wDmMpjJX St, pQjuojCeFO, AMD 124517",56998.42,06-04-2020,03-09-1995,28,Other,2,6487.158,13452.18185,8454.072222,68483.68763,Medical,Married,4,7,Marketing,Marketing Representative
2983,zdczLmJM,"yOQhzCaD St, tgknyXHRZL, DEL 888257",91584.19,11-05-2015,12-01-1990,34,Male,1,4784.581,21614.76017,13583.87402,104399.6571,None,Divorced,9,13,Sales,Senior Executive
2984,ItIrBmgm,"RTObCpBc St, ahuSxFNcmC, MUB 251788",80030.06,25-04-2016,16-03-1988,36,Other,3,7267.994,18887.87304,11870.15196,94315.77508,Life,Married,8,15,Sales,Senior Executive
2985,vjwpvTkL,"wjxGLiyf St, EnYQQEffYK, BLR 785663",149430.53,07-09-2024,03-03-1968,56,Male,1,7927.947,35267.05939,22163.71073,170461.8257,None,Divorced,-1,35,Marketing,National Marketing Manager
2986,UtpxBCUm,"vrAtwZkY St, dWaNmUkuVX, DEL 293766",91385.91,18-10-2002,12-03-1979,45,Male,,8351.409,21567.96416,13554.4649,107750.8183,Life,,21,24,Sales,Senior Executive
2987,bDUYZtDt,"nmKoDlla St, tWdBjkNVwP, DEL 892501",138023.17,09-12-1999,10-03-1975,49,Male,3,4565.683,32574.81141,20471.75777,154691.9066,Both,Married,24,28,IT,Technical Lead
2988,XEdySNZM,"xQvbsiKm St, KxeRELYcpe, HYD 908082",107684.61,23-07-2019,22-01-1982,42,Male,2,12558.539,25414.61599,15971.90712,129685.8579,Both,Divorced,4,21,Marketing,Regional Marketing Manager
2989,mhntnJtt,"VcGTwtOq St, DweFAxzRLd, BLR 966364",90164.85,22-12-2017,16-05-1978,46,Other,3,8862.515,21279.78212,13373.35585,106933.7913,Both,Divorced,6,25,Marketing,Regional Marketing Manager
2990,GpZErJmr,"jMOsGUYW St, baGejzdoWT, MUB 481518",63349.59,26-09-2020,16-08-1996,27,Male,3,9757.041,14951.11978,9396.085174,78661.66561,None,Married,3,6,Marketing,Marketing Associate
2991,jyCkpcYQ,"LXOBEMSw St, QbAzuiOeie, KOL 374895",140263.63,27-01-2011,27-06-1967,57,Female,2,6768.637,33103.58178,20804.06541,159331.7834,None,Married,13,36,Sales,National Sales Manager
2992,HPNezbHX,"NzDapVIo St, RJBAOTRrNy, KOL 547675",84003.28,16-08-2024,08-06-1990,34,Female,4,7347.672,19825.59163,12459.4646,98717.07903,None,Married,-1,13,IT,QA Lead
2993,NwXElwZb,"WpetqNTi St, MsvKtWdjKf, MUB 741411",146365.22,16-11-2007,27-03-1966,58,Female,4,3817.478,34543.6164,21709.06037,163017.254,Both,Married,16,37,Finance,Account Director
2994,XtjJstul,"otigUghl St, DNpveDKxrI, CHN 772973",38431.18,23-02-2023,07-12-2002,21,Male,0,7381.882,9070.132506,5700.157501,49183.03701,None,Single,1,0,Human Resources,HR Representative
2995,zguOSDRm,"WrUOxvHo St, kNOdSCcDaW, HYD 876951",34669.1,16-12-2021,03-05-2000,24,Other,0,8483.09,8182.245012,5142.161401,46192.27361,Medical,Single,2,3,Marketing,Marketing Development Representative
2996,udnsqGMl,"vMsFDIhX St, ljfWRHTCtk, MUB 894719",36398.77,04-12-2022,13-01-2001,23,Male,0,8213.123,8590.463966,5398.708076,47803.64889,None,Single,1,2,Sales,Sales Development Representative
2997,mPvFRDWN,"CzWhPVct St, UKjpCeKhUR, HYD 609124",130958.08,21-04-2017,27-06-1969,55,Other,2,6821.192,30907.38141,19423.85537,149262.798,None,Widowed,7,34,Human Resources,Recruitment Manager
2998,wRvbfwOc,"mtotMcBM St, QvHMJyYidn, MUB 594410",28059.39,09-01-2023,02-08-2001,22,Female,0,6749.061,6622.289124,4161.801495,37268.93863,Medical,Single,1,1,Marketing,Marketing Development Representative
2999,JHGDqzOm,"AlwnlQTK St, nicYFdEjHj, CHN 562506",56537.48,14-04-2018,03-10-1992,31,Male,3,6368.252,13343.39552,8385.705063,67863.42246,Medical,Married,6,10,Marketing,Marketing Associate
3000,ADPJkzfc,"fJpddCAr St, vuYRoffKkm, KOL 383689",87689.37,09-10-2001,22-07-1978,45,Male,,8399.063,20695.54474,13006.18977,103777.788,Life,,22,24,Sales,Regional Sales Manager
3001,hEeUVWBD,"GtTuvCwc St, scOjQhZAmI, AMD 834205",134708.16,28-04-2019,23-03-1969,55,Female,3,10745.184,31792.43679,19980.07161,157265.7092,Medical,Married,5,34,Finance,Account Director
3002,FLXOFWOW,"xnlxFRIN St, NUWGtNfQUt, MUB 341679",89855.27,01-07-2022,15-07-1990,34,Female,1,7387.473,21206.71822,13327.43859,105122.0226,Both,Divorced,2,13,Sales,Senior Executive
3003,BamVMUxA,"vUBtdwMF St, lxXnsZnHPC, MUB 554935",34731.79,25-12-2022,06-11-1999,24,Other,0,8631.821,8197.040462,5151.459655,46409.19181,Medical,Single,1,3,Sales,Sales Development Representative
3004,MIssFXAJ,"DwZwEIds St, QUeNYlVrPd, BLR 888823",129378.27,15-09-2014,13-08-1969,54,Other,1,8310.173,30534.53088,19189.53611,149033.4378,Both,Married,9,33,Marketing,National Marketing Manager
3005,rURfMwQs,"BnUBoJtx St, ORilfTBkKF, KOL 915029",83610.25,07-02-2004,01-03-1978,46,Other,4,8341.975,19732.83273,12401.16993,99283.8878,Medical,Married,20,25,Human Resources,ERP Head
3006,byQNPIAF,"sPqCPDSN St, UqJcIbYvlQ, AMD 711772",55241.18,05-11-2018,17-07-1993,31,Female,1,6111.882,13037.45611,8193.436333,66197.08177,Both,Married,5,10,IT,Software Engineer II
3007,XeNKRLCW,"xXUvpDaN St, eFlrnpVnLV, MUB 115862",37151.16,21-01-2023,04-11-2002,21,Female,0,8621.884,8768.035328,5510.303439,49030.77589,Medical,Single,1,0,Marketing,Marketing Intern
3008,HAKbkxzF,"xzcHmtPC St, xFyFgWioIm, CHN 797681",89672.2,27-07-2020,12-08-1979,44,Male,1,5653.78,21163.51192,13300.28543,103189.2065,Medical,Married,3,23,Finance,Regional Account Head
3009,hDRpJrVn,"wuHVLhWK St, gawwlNFVFx, BLR 530832",80096.67,16-04-2013,23-09-1987,36,Female,1,6234.333,18903.59365,11880.03164,93354.56501,Medical,Married,11,15,IT,QA Lead
3010,iWkPIooK,"IaFncHUp St, yKxmJWBRGn, BLR 176413",93018.83,09-02-2017,11-02-1987,37,Male,3,3710.117,21953.34917,13796.6615,104885.6347,Medical,Married,7,16,Marketing,Senior Marketing Executive
3011,roOFjhBV,"DViltHwi St, PIGNUfTCdh, MUB 344820",46513.88,05-08-2023,17-01-1997,27,Female,1,7675.612,10977.72837,6898.993004,58268.22737,Both,Married,0,6,IT,QA Engineer II
3012,mLICHzkR,"LAIJivkd St, SmLacmhppt, DEL 193714",22392.65,08-06-2023,27-08-2002,21,Male,0,5303.735,5284.883333,3321.304,29659.96433,Life,Single,1,0,IT,QA Engineer I
3013,cTNeaAgO,"yaIWYuiP St, xyxhHRnmXj, HYD 218847",99308.51,07-04-2010,22-10-1983,40,Female,4,3209.149,23437.77487,14729.55418,111225.8797,Life,Married,14,19,IT,Software Engineer III
3014,luFMqArL,"eBIrCVfH St, joQFddNbDx, DEL 456680",130350.17,04-05-2017,26-05-1977,47,Male,2,8133.983,30763.90873,19333.68945,149914.3723,Medical,Divorced,7,26,Finance,National Account Head
3015,lbQznsYt,"pHXJXDrs St, qUrAbEIjpT, MUB 702008",57743.12,19-05-2019,23-02-1996,28,Other,0,5262.688,13627.9383,8564.526996,68069.2193,Both,Single,5,7,Human Resources,HR Associate
3016,ZoVJpQuj,"eiZRzfMz St, tPNHTWpHbm, AMD 497399",47350.99,25-07-2024,25-01-1995,29,Other,1,5522.901,11175.29448,7023.154137,57026.03134,None,Married,-1,8,Sales,Sales Executive
3017,xdlvSWJx,"uHnaYkdt St, nhRpmDlumq, CHN 297608",53354.36,03-03-2020,18-10-1996,27,Female,3,7183.564,12592.14822,7913.580987,65216.49124,None,Married,4,6,Sales,Sales Executive
3018,LKSHZKkR,"iYbkMgXe St, UmogoETqHH, HYD 875097",109583.69,18-02-2011,05-12-1977,46,Other,4,11318.631,25862.81735,16253.58088,130511.5575,Medical,Married,13,25,Human Resources,ERP Head
3019,PdgHbYDp,"JFvjgZZj St, DuzyKvJoXq, DEL 443501",147332.74,15-10-1991,24-11-1964,59,Other,3,7018.726,34771.96054,21852.56406,167270.8625,Both,Married,32,38,Human Resources,Recruitment Manager
3020,CYCkrwdI,"jBziXsYN St, YTEwvwXKEB, PUN 407737",122962.44,22-06-2001,21-03-1966,58,Female,2,5833.756,29020.33255,18237.93271,139578.5958,Both,Divorced,23,37,Human Resources,Recruitment Manager
3021,lHAGQXtU,"DiXzBnzz St, NQirOsCmXZ, DEL 694517",92461.63,07-11-2019,01-05-1978,46,Female,2,6884.837,21821.84455,13714.01695,107454.2946,None,Widowed,4,25,Sales,Regional Sales Manager
3022,SsNBAoQw,"iQhMwXyu St, BDOnbsJMeu, BLR 434197",107889.86,12-02-2015,18-03-1980,44,Female,4,8514.014,25463.05698,16002.35004,125864.5809,Medical,Married,9,23,Sales,Senior Executive
3023,xWNEWWMq,"OhZZQzRD St, sTiCDRqGYW, CHN 456143",59996.94,02-06-2020,13-11-1994,29,Female,4,5453.306,14159.86175,8898.81621,70711.29154,Life,Married,4,8,Marketing,Marketing Representative
3024,VkGLITEx,"eWHgfSJq St, sNzRcATnDn, MUB 292107",127081.61,16-02-2000,04-09-1967,56,Other,1,6523.839,29992.49676,18848.89281,144749.053,Both,Married,24,35,IT,Technical Lead
3025,PLSXqwfT,"NUpJDYzk St, VptZGynXeA, KOL 749365",77991.65,21-01-2003,04-02-1982,42,Male,1,5275.835,18406.78844,11567.81261,90106.46083,Life,Divorced,21,21,Human Resources,ERP Head
3026,MCIbBmyV,"tjuXeXEW St, AMoNKoeBAx, AMD 217480",116846.12,21-02-2000,21-08-1969,54,Female,2,11235.388,27576.82151,17330.75298,138327.5765,Life,Widowed,24,33,Sales,National Sales Manager
3027,fPdFrKvw,"YImTQlAs St, HejvaHGnnU, PUN 793847",48376.27,26-11-2024,21-02-1994,30,Other,0,5341.373,11417.27054,7175.224864,57959.68867,Both,Single,-1,9,Finance,Account Associate
3028,gxGRmQgr,"ShAvuEWQ St, XNrtVRACbu, AMD 304347",87301.27,05-12-2015,16-07-1983,41,Male,1,6954.873,20603.94937,12948.62632,101911.466,Medical,Married,8,20,Finance,Senior Account Executive
3029,dYouKmAX,"vzFbQqUB St, LBnLsOihOm, MUB 969369",124885.6,11-08-2013,11-05-1974,50,Female,2,12189.44,29474.21703,18523.17804,148026.079,Medical,Married,10,29,Marketing,National Marketing Manager
3030,ngtywVrV,"FGUWvqqn St, ZHSRvMPwNk, CHN 965170",139402.87,25-12-2011,26-07-1972,51,Female,3,6955.713,32900.43404,20676.39648,158582.6206,Life,Married,12,30,Finance,Account Director
3031,NnLiFELL,"qBXvGlkB St, rhUiEXDERw, MUB 385586",67930.71,09-09-2020,11-08-1997,26,Female,1,8265.929,16032.30869,10075.56224,82153.38544,None,Married,3,5,Human Resources,HR Associate
3032,MCVbvJDz,"CgyNYFxr St, hPhqyZnHdf, PUN 345280",45732.64,08-08-2015,22-01-1994,30,Male,4,6522.736,10793.34813,6783.118575,56265.60555,Life,Married,8,9,Human Resources,HR Executive
3033,lQniUwuT,"XslJrZVK St, oojjwiteud, HYD 257672",73817.93,06-10-2020,22-10-1997,26,Other,2,7899.207,17421.7499,10948.76159,88190.12531,Life,Married,3,5,Marketing,Marketing Associate
3034,QdHFYtXs,"OiQPhmDY St, CUlUiMnFjQ, CHN 176932",103686.62,04-06-2023,12-06-1987,37,Female,2,10693.338,24471.05144,15378.92057,123472.0889,Life,Married,1,16,Finance,Regional Account Head
3035,eHdBBpEZ,"IOYBnPtw St, ZkxOTmdKXj, BLR 277444",104945.03,23-09-2016,24-10-1978,45,Other,,13309.497,24768.04844,15565.56941,127457.006,Both,,7,24,Sales,Senior Executive
3036,awvuklau,"jWhkorFf St, CPbdLXsDcT, PUN 148426",66718.89,14-06-2022,01-11-1994,29,Female,0,10315.111,15746.30737,9895.823685,82884.48469,Both,Single,2,8,Human Resources,HR Executive
3037,mNvwXsyV,"xwxYNgYx St, nENTbKomJz, BLR 971068",23231.47,23-12-2023,21-08-2001,22,Female,0,7164.853,5482.853017,3445.718762,32433.45725,Both,Single,0,1,Marketing,Marketing Intern
3038,iDkQdkku,"FgcPqRgq St, BsFFytKlEu, KOL 598395",87725.76,05-03-2009,23-08-1988,35,Male,2,4754.424,20704.13314,13011.58718,100172.73,None,Married,15,14,Marketing,Senior Marketing Executive
3039,gpmXxRIE,"xKtQgRAJ St, iLkZvMGeUD, BLR 199898",83192.9,24-06-2006,25-09-1981,42,Male,3,7041.71,19634.33406,12339.26809,97529.67598,Life,Divorced,18,21,Sales,Regional Sales Manager
3040,RLpWprjn,"SAFcmQzq St, ZmmmMoxSBI, CHN 970895",19405.33,22-01-2024,24-05-2002,22,Other,0,6626.467,4579.84674,2878.221209,27733.42253,None,Single,0,1,Finance,Account Representative
3041,akXhFwsi,"GyqFSnrN St, QXIGdVmJhZ, BLR 941475",149301.79,14-12-2011,20-05-1966,58,Other,2,7596.821,35236.6755,22144.61586,169990.6706,Medical,Widowed,12,37,Human Resources,Recruitment Manager
3042,AAwpFlHc,"XlQckPBb St, IudSXWfMOr, PUN 995759",82577.86,09-10-2007,01-05-1986,38,Male,4,6502.214,19489.17864,12248.04464,96321.208,Life,Married,16,17,Human Resources,ERP Head
3043,IfTpyXfs,"zCqdsQlB St, XNcQmrUYZe, BLR 716169",103016.86,15-03-2021,01-04-1980,44,Other,3,14654.314,24312.98156,15279.58099,126704.5746,None,Divorced,3,23,Sales,Senior Executive
3044,kxUSkPbm,"eyMERZdP St, jkonsAfqci, KOL 199118",55149.91,26-12-2019,21-02-1993,31,Male,4,6367.009,13015.9155,8179.89906,66352.93544,Both,Married,4,10,Marketing,Marketing Representative
3045,ZzgDLHub,"hUOkdNFI St, OvMtpSehsw, DEL 753938",72502.53,13-05-2020,02-05-1995,29,Male,0,6599.747,17111.3027,10753.65992,85459.91978,None,Single,4,8,Marketing,Marketing Associate
3046,PxcqTIVb,"wwGsxlcm St, QAENwjbuyC, HYD 928128",79808.46,15-06-2024,07-06-1979,45,Female,,8876.154,18835.57328,11837.28399,95682.90329,Life,,0,24,Sales,Senior Executive
3047,DafmOUws,"WyVjhWoB St, woWqWnElpZ, DEL 472246",44465.46,19-06-2023,13-03-2002,22,Other,0,6304.454,10494.28131,6595.168958,54669.02636,Medical,Single,1,1,Sales,Business Development Representative
3048,ldWqisjm,"GOuSuiBD St, GeeerPciEa, HYD 804761",54365.92,07-09-2021,23-11-1994,29,Female,0,4871.408,12830.88623,8063.616747,64004.59748,Both,Single,2,8,Finance,Account Associate
3049,zyIzNtee,"zbQIIpqp St, iugWNRDQhY, KOL 584168",133722.59,03-05-2012,17-09-1971,52,Female,1,10489.741,31559.83268,19833.89072,155938.273,None,Divorced,12,31,Human Resources,HR Director
3050,LEPABrDK,"nQzXAXms St, rxgdrsXESl, DEL 402531",112639.35,04-02-2008,26-11-1974,49,Female,4,6868.065,26583.98285,16706.79994,129384.5979,Both,Married,16,28,Marketing,National Marketing Manager
3051,vDpRyYjx,"crUHibVF St, TaObZkSgdu, HYD 922488",27935.03,10-02-2022,20-04-2001,23,Female,0,6897.497,6592.938954,4143.356274,37282.10968,Both,Single,2,2,Marketing,Marketing Intern
3052,yjSOGeqL,"xlaatSzt St, AjVGXItbRK, CHN 676954",78710.57,08-05-2008,05-04-1984,40,Female,3,8655.943,18576.46056,11674.44367,94268.52989,Medical,Divorced,16,19,Marketing,Regional Marketing Manager
3053,xaOtyZbV,"SUZGcZJv St, NikJgiuUJY, AMD 180784",76194.59,05-12-2011,01-06-1988,36,Other,4,8395.541,17982.66479,11301.27058,91271.52522,Medical,Married,12,15,Sales,Regional Sales Manager
3054,WyNgbbXQ,"hbXZfeVc St, CDfNaWptWC, KOL 154746",143837.43,19-07-2014,04-08-1975,48,Female,1,6160.257,33947.03336,21334.1356,162610.5848,Life,Married,9,27,Marketing,National Marketing Manager
3055,GUKpSKqZ,"FcFmUZSw St, FYedICHiRD, BLR 357036",51599.12,02-08-2019,28-08-1996,27,Female,1,7437.088,12177.8945,7653.24174,63560.86076,None,Married,4,6,Human Resources,HR Associate
3056,byGQbwEJ,"DoHDjykd St, oVXHOZRmJx, MUB 542224",91304.56,27-05-2009,03-08-1985,38,Other,4,7286.544,21548.76477,13542.39897,106597.4698,None,Married,15,17,Human Resources,ERP Head
3057,IWjXhucc,"HQuVgjAG St, aryMBQaHXF, MUB 718100",57262.37,06-08-2021,05-04-1998,26,Female,1,5877.763,13514.47662,8493.221594,68161.38802,Life,Married,2,5,Marketing,Marketing Representative
3058,JBJfDkqO,"wMoOyFTE St, HHgxqscbpX, PUN 611934",40366.26,04-10-2023,21-06-2002,22,Male,0,6546.374,9526.830219,5987.170826,50452.29339,None,Single,0,1,Sales,Sales Development Representative
3059,qhvbzlnN,"CZlODbHe St, dKPXLxHeKr, KOL 466899",50031.51,06-02-2021,12-01-1999,25,Other,4,5191.849,11807.92328,7420.731994,59610.55029,Life,Married,3,4,Human Resources,HR Associate
3060,GGoPNDKv,"epAmTqOR St, HifiiKBEHT, PUN 876019",49929.03,14-05-2021,17-06-1994,30,Other,1,7974.097,11783.73701,7405.532041,62281.33197,Life,Married,3,9,Marketing,Marketing Representative
3061,WDQboEZv,"DGZqXJzL St, UYOHKqxrDF, HYD 227558",16185.35,04-05-2020,26-10-1999,24,Other,2,8137.465,3819.900122,2400.630015,25742.08511,Medical,Married,4,3,Finance,Accounts Intern
3062,NMFkuUBe,"ZyMsbDvO St, CrrOsEhFMW, AMD 234219",126822.91,14-03-1998,16-12-1975,48,Female,1,8992.709,29931.44105,18810.52213,146936.5379,Medical,Married,26,27,Finance,National Account Head
3063,vNQJNeaR,"HCAurbNA St, YUqwhEejiT, BLR 893052",139925.56,10-01-2002,28-11-1973,50,Female,4,10978.444,33023.79397,20753.92248,163173.8755,Both,Married,22,29,Sales,National Sales Manager
3064,eHtZKptv,"LmmrUHNu St, HamJPJBKXN, DEL 846121",127509.19,16-12-2021,18-09-1966,57,Male,2,6344.081,30093.40981,18912.31198,145034.3688,None,Divorced,2,36,Marketing,Marketing Director
3065,vtZMaHzb,"OEmfoLKq St, DOrMyvNgQk, HYD 547202",64027.02,04-01-2016,22-07-1994,29,Other,0,9352.298,15110.99985,9496.562382,78993.75547,None,Single,8,8,Marketing,Marketing Associate
3066,BIYTBFob,"DrLmcmjQ St, mBWhxucEFQ, MUB 693634",120112.43,25-05-2007,19-03-1971,53,Female,2,6454.757,28347.70246,17815.21589,137099.6736,None,Widowed,17,32,IT,IT Manager
3067,SKzdrdog,"cRUjRdyb St, GERfxjUNjV, KOL 141548",124401.74,15-02-1998,10-12-1971,52,Male,4,9008.826,29360.02136,18451.41136,144319.176,None,Married,26,31,Finance,Account Director
3068,tNDjCzYe,"stMpTzQO St, sTTqSAEKXX, AMD 948644",122335.67,16-06-1998,16-03-1976,48,Female,2,5854.433,28872.40873,18144.96945,138917.5423,None,Married,26,27,Finance,Account Director
3069,UhrApGPX,"kHpViLFN St, SsZjxULwdM, CHN 485199",91667.39,22-02-2014,23-12-1977,46,Other,3,6484.261,21634.39618,13596.21434,106189.8328,Both,Married,10,25,Marketing,Regional Marketing Manager
3070,OkZadgjg,"umXlAPWi St, fYLDVjTbfV, KOL 847181",69579.18,01-11-2017,10-04-1995,29,Male,0,9116.082,16421.36365,10320.06524,84796.56041,Both,Single,6,8,Sales,Sales Representative
3071,qLrBqeJJ,"lDkYQtCs St, ZOPYfTdUty, HYD 559864",139878.61,11-10-2006,11-12-1971,52,Other,2,9414.139,33012.71331,20746.9588,161558.5035,Life,Divorced,17,31,Sales,Sales Director
3072,CoQxpDRq,"rhFiXbEt St, ZpbvvNEsKK, BLR 545995",149828.96,18-09-2023,14-11-1974,49,Female,2,7342.104,35361.09275,22222.80633,170309.3504,Life,Widowed,0,28,Marketing,Marketing Director
3073,kMmdXAxo,"yqhSsexz St, LRmusnAtYS, MUB 986246",22555.53,27-08-2023,14-06-2000,24,Female,0,6072.447,5323.324599,3345.462552,30605.83905,Both,Single,0,3,IT,Software Engineer I
3074,glVpwkuM,"kLliVFZu St, PzEtOSrCPj, AMD 225431",125299.47,10-11-2021,09-05-1974,50,Male,4,6556.053,29571.89438,18584.56373,142842.8537,Life,Married,2,29,Human Resources,Recruitment Manager
3075,jLJzgHOZ,"WmIJpgkU St, koLQVEysvC, AMD 843368",77759.9,11-02-2019,23-10-1987,36,Other,3,10127.01,18352.09319,11533.43918,94705.564,Both,Divorced,5,15,IT,QA Lead
3076,wumhkPKi,"iTRcUcTY St, PATEPYuyuF, CHN 497721",122486.47,10-05-2007,28-04-1977,47,Other,1,7188.353,28907.999,18167.33628,140415.4857,None,Married,17,26,Finance,Account Director
3077,xANRHhwH,"aZKWlBav St, vmkKTIVITK, PUN 738365",114056.18,01-04-2001,19-12-1970,53,Other,4,11401.382,26918.36852,16916.94582,135458.9847,Both,Married,23,32,IT,IT Manager
3078,EJSCBaOf,"LGnKFvrC St, qeiPJcGJXO, DEL 259334",122682.89,09-07-2012,08-12-1975,48,Female,4,11707.711,28954.35603,18196.46952,145148.4875,None,Married,12,27,Sales,Sales Director
3079,ODJYuwqA,"JMoMemgs St, JiVKmexqMY, PUN 571130",74442.84,03-12-2022,09-12-1994,29,Other,0,7294.716,17569.23474,11041.44897,88265.34178,None,Single,1,8,Finance,Account Executive
3080,GnmsfLFY,"ZSVdsUKX St, RUntGWXrfS, CHN 532043",57186.99,02-07-2019,10-01-1998,26,Male,0,5892.301,13496.6862,8482.041145,68093.93606,Medical,Single,5,5,Human Resources,HR Executive
3081,meISpCEH,"YpWPoEgY St, cctdNKxzSq, HYD 435688",106238.85,15-01-2005,04-06-1980,44,Male,2,8819.115,25073.40255,15757.47031,124373.8972,Medical,Married,19,23,Sales,Senior Executive
3082,frPEMKma,"dNkQjtxD St, vQUHCbfQkp, CHN 318528",124186.68,18-08-1998,19-03-1976,48,Other,3,11673.332,29309.26511,18419.51341,146749.7637,Life,Married,25,27,Marketing,National Marketing Manager
3083,AmvpGNYG,"sTerUZlT St, jzIrhwjyqQ, HYD 366105",95197.52,01-07-2017,11-11-1982,41,Male,4,7410.248,22467.54122,14119.80735,110955.5019,Life,Married,7,20,Human Resources,Senior HR
3084,ZozSNrnh,"OuXmfEnA St, KAIMJDhMDk, DEL 734870",112124.63,28-12-2023,24-05-1971,53,Female,4,9048.537,26462.50392,16630.45607,131005.2148,None,Married,0,32,IT,Technical Lead
3085,iOXVHIWA,"mvrVZBLI St, YNzAkcXgHB, DEL 913610",117777.01,21-06-2009,04-07-1966,58,Other,4,7887.299,27796.52061,17468.82367,135992.0059,Life,Married,15,37,Sales,National Sales Manager
3086,sLDuCQeB,"OGzhysBT St, zUhrqNRbyh, CHN 980535",72342.81,01-09-2019,21-10-1992,31,Female,1,5795.719,17073.60723,10729.97007,84482.16616,Medical,Married,4,10,IT,Software Engineer II
3087,eMkBLXiN,"hpySTGQQ St, GjhUVMHDjH, DEL 738114",97153.42,02-07-2010,14-01-1983,41,Other,3,4097.658,22929.15265,14409.90872,109770.3219,Both,Married,14,20,IT,Software Engineer III
3088,jUBwmpwC,"wQQaZYEh St, pfzsmxmVyx, MUB 355732",94333.19,13-09-2005,16-05-1979,45,Other,,6214.681,22263.55092,13991.60891,108819.813,Life,,18,24,Human Resources,ERP Head
3089,KBEXwNFj,"jPGtqcIJ St, MJoOTobemt, PUN 330304",20930.28,27-07-2023,04-02-2002,22,Male,0,5499.972,4939.749781,3104.403574,28265.59821,Life,Single,0,1,Sales,Business Development Representative
3090,GVMwkXNp,"uZTEHHWA St, nGRxDZNkSF, DEL 577822",61361.56,02-07-2016,18-07-1994,30,Other,0,9887.844,14481.92535,9101.218242,76630.11111,None,Single,8,9,Finance,Account Executive
3091,GirhwMDJ,"WuuZoJCz St, WvCtTwrGjj, KOL 903460",66309.44,20-10-2019,18-08-1995,28,Male,1,10541.056,15649.67319,9835.093582,82665.0756,Medical,Married,4,7,Finance,Account Associate
3092,zBAXYxdS,"kJrBIdpm St, XNZGPbuaIa, BLR 463551",16910.52,14-03-2022,22-12-1999,24,Female,0,7294.948,3991.047299,2508.188076,25688.32722,Medical,Single,2,3,Sales,Business Development Representative
3093,MzWbQPiN,"raSqgdiJ St, JaCZEyGpBY, KOL 121914",31031.93,22-06-2020,07-09-1999,24,Female,4,6923.807,7323.837494,4602.692099,40676.88239,Medical,Married,4,3,Marketing,Marketing Development Representative
3094,CmtZRWgc,"LutlXFXm St, HquvBZKNwY, AMD 337403",91136.2,08-04-2006,09-10-1982,41,Other,1,6483.38,21509.03017,13517.42762,105611.1825,Life,Divorced,18,20,Human Resources,Senior HR
3095,dylHSbmh,"CHbKnTpv St, MjujjKFRHK, CHN 668157",112203.82,14-05-2009,17-01-1976,48,Female,2,12092.618,26481.19353,16642.20162,134135.4299,None,Married,15,27,Sales,Sales Director
3096,yPJApjnD,"rxQdZqnx St, gPPThzfXTw, MUB 615259",83132.14,16-02-2024,18-03-1985,39,Female,3,6820.786,19619.99411,12330.25609,97242.66402,Both,Divorced,0,18,Human Resources,Senior HR
3097,jlYeVbXE,"VLvJzOjE St, lvHuSMnxHo, KOL 945725",80749.04,02-04-2011,20-01-1980,44,Female,2,9508.096,19057.55932,11976.79192,97337.9034,Life,Divorced,13,23,Marketing,Regional Marketing Manager
3098,HzasFECH,"nNNrEbQf St, AuSMDwNgJR, DEL 681074",26712.14,22-02-2020,24-12-1999,24,Other,0,5197.786,6304.325012,3961.975801,34252.27521,Both,Single,4,3,Sales,Sales Development Representative
3099,zWWAbBdB,"sAWPKHSk St, WFGlayYQSF, MUB 322485",100235.29,27-11-2011,25-11-1990,33,Male,1,14471.471,23656.50397,14867.01528,123496.2497,None,Divorced,12,12,Human Resources,Senior HR
3100,FMDydfsv,"ufzYyvSn St, YLrjByovIR, MUB 446418",68485,02-09-2019,23-09-1995,28,Male,4,8367.5,16163.12652,10157.77518,82857.85134,Life,Married,4,7,Human Resources,HR Associate
3101,WBucgViZ,"ScyOvIIj St, IpucJrsnxZ, DEL 178739",89542.46,27-02-2007,20-08-1981,42,Other,3,6597.754,21132.89202,13281.04224,103992.0638,Life,Married,17,21,IT,QA Lead
3102,nRbGtlZc,"fFlcaiUV St, CxFzNopuIW, BLR 194451",63322.79,14-01-2023,01-12-1996,27,Other,0,10392.721,14944.79472,9392.110166,79268.19555,Life,Single,1,6,IT,Software Engineer II
3103,vdGQayBG,"FDNaNqSu St, JshfHewyQM, DEL 488947",106122.85,06-06-2010,18-12-1982,41,Male,1,10509.715,25046.02543,15740.26505,125938.3254,Both,Divorced,14,20,Human Resources,ERP Head
3104,jrUuXqoE,"ZKNGlduB St, LelTHWqSHK, PUN 274837",96965.29,19-05-2006,16-07-1985,39,Male,3,5659.471,22884.75214,14382.00506,111127.5081,None,Divorced,18,18,Human Resources,Senior HR
3105,yFPRnsmW,"qYnEbnKf St, BsdaVhTEVI, HYD 589207",58823.77,10-01-2022,12-10-1995,28,Female,4,4165.623,13882.98221,8724.810266,68147.56495,Both,Married,2,7,Marketing,Marketing Associate
3106,QoxfKnad,"wIVuBOrS St, VtjByhcFTo, DEL 684617",130848.36,17-01-2002,20-09-1968,55,Other,3,6779.164,30881.48642,19407.58157,149101.4289,Life,Married,22,34,Sales,Sales Director
3107,qdIenBmA,"IuTCxxxq St, SNiVGRIhWb, KOL 979322",146659.71,05-05-2023,26-09-1976,47,Male,2,5366.029,34613.11891,21752.73947,164886.1184,Both,Widowed,1,26,IT,IT Manager
3108,JKFYEgFw,"NMDDfgMg St, DleNgumUPc, PUN 206128",133750.71,19-09-2021,28-07-1973,50,Male,1,9191.929,31566.46927,19838.06151,154671.0468,Medical,Married,2,29,Finance,Account Director
3109,HCNkdWKY,"WalOVFcr St, rKACmjuyiG, DEL 908332",103693.9,20-01-2019,20-02-1987,37,Other,1,7695.61,24472.76959,15380.00035,120482.2792,Both,Married,5,16,IT,QA Lead
3110,dKRwdkbw,"UzHCxQhI St, saucqreWIn, HYD 563223",84598.14,03-04-2023,12-09-1986,37,Male,3,7364.186,19965.98438,12547.69493,99380.61545,Medical,Divorced,1,16,Human Resources,Senior HR
3111,rRpdVtqp,"gMNKmshZ St, dAkHJtKFTw, CHN 592128",91337.77,04-11-2018,11-10-1982,41,Male,3,5287.223,21556.60265,13547.32472,104634.2709,Medical,Married,5,20,IT,QA Lead
3112,tLCFoCAd,"DkmNEkcW St, IAGSQjaIgW, CHN 415788",132399.55,07-06-2021,19-10-1975,48,Female,4,8919.045,31247.58236,19637.65588,152928.5215,Medical,Married,3,27,Sales,Sales Director
3113,CJcXspUc,"KGwJcyHc St, bOsmbwhlpt, MUB 391805",87002.56,16-12-2019,06-01-1990,34,Female,1,8757.744,20533.4509,12904.32131,103389.4336,Medical,Married,4,13,IT,Software Engineer III
3114,YEwvzpxW,"IjElEprO St, GbCTKnyyeT, CHN 142975",74039.85,21-10-2020,27-08-1994,29,Female,0,9460.015,17474.12518,10981.67702,89992.31316,Life,Single,3,8,IT,Software Engineer II
3115,XXwpaOMk,"DlZjkDyA St, EFmItSKwyM, HYD 819539",82472.25,07-09-2023,19-10-1991,32,Male,2,9162.775,19464.25365,12232.38044,98866.89821,Medical,Married,0,11,Marketing,Regional Marketing Manager
3116,GWHaYRFd,"TTknaCLw St, cpvaemTizP, AMD 531251",68542.3,08-08-2020,04-05-1997,27,Female,4,9009.77,16176.64988,10166.27399,83562.44589,Medical,Married,3,6,IT,Software Engineer II
3117,BWoZrgap,"LhvXwYYb St, GXhtXkRpkl, BLR 698648",123147.6,10-08-2004,27-02-1976,48,Other,1,9858.24,29064.03212,18265.39585,143804.4763,Both,Widowed,19,27,IT,IT Manager
3118,vCfpLdOa,"yCUeVlqB St, CZIsPUSkIH, HYD 632857",117594.13,17-12-2017,02-01-1969,55,Male,2,10876.587,27753.35915,17441.6987,138782.3775,Medical,Widowed,6,34,Sales,Sales Director
3119,uMIJRMLe,"XkvKDhzr St, MabUFgEnka, PUN 994783",116420.53,21-12-1994,15-08-1966,57,Male,1,7898.947,27476.37813,17267.62898,134528.2262,Medical,Married,29,36,Sales,Sales Director
3120,IWaEBMyB,"tqKiGcXS St, jzHTGekrzW, MUB 439453",133008.71,21-03-2001,21-06-1966,58,Other,2,10878.129,31391.35005,19728.00721,155550.1818,Medical,Widowed,23,37,IT,IT Manager
3121,wyWPUGef,"yPFWOhPt St, gLhFYcfWCt, DEL 438265",53560.52,06-11-2023,08-09-1996,27,Other,0,7613.948,12640.80399,7944.158879,65871.11311,Both,Single,0,6,Marketing,Marketing Associate
3122,tCoMpFNk,"KoEKHUiJ St, QmNuiIgynW, DEL 952030",51526.15,14-08-2016,17-04-1993,31,Other,1,4884.385,12160.67287,7642.418745,60928.78913,Life,Married,7,10,Marketing,Marketing Associate
3123,whkqSMYv,"JvTkioWA St, mqRBFRhfjT, AMD 492367",75237.32,02-11-2015,12-02-1991,33,Other,3,8389.268,17756.73976,11159.28717,90224.04059,Life,Married,8,12,Sales,Regional Sales Manager
3124,HUbyDKGy,"YKOthcNN St, WbNolPaFOv, AMD 926206",120052.3,25-11-2007,22-04-1973,51,Other,1,11947.77,28333.51119,17806.29734,142527.2838,Medical,Married,16,30,Human Resources,HR Director
3125,HuLGTpwE,"zVpwPbdt St, LTmJGYFGyg, AMD 758582",124330.7,02-09-2004,27-01-1969,55,Female,3,8250.93,29343.25523,18440.87463,143484.0106,None,Divorced,19,34,Human Resources,Recruitment Manager
3126,YYslsayw,"xVWbnsFW St, avduvbJlQH, PUN 351643",120353.47,09-12-2012,26-02-1966,58,Female,2,11999.653,28404.59024,17850.96723,142906.746,Both,Widowed,11,37,Finance,Account Director
3127,orSthMNj,"mHbMLfDy St, IwVDnJjpTI, MUB 252605",117245.8,06-03-2024,24-02-1971,53,Male,1,12135.42,27671.14988,17390.03399,139662.3359,Both,Widowed,0,32,Finance,Account Director
3128,iCePzmEJ,"vuJocCeN St, fJjOImrMGh, HYD 621060",89644.9,28-12-2009,26-04-1986,38,Female,4,6773.51,21157.06886,13296.23626,104279.2426,None,Married,14,17,IT,QA Lead
3129,BcRbzmHS,"LmxABHbE St, fqQnZtzDfi, MUB 491969",107168.61,14-12-2011,20-04-1984,40,Other,2,11231.139,25292.83496,15895.3734,127797.2106,Both,Divorced,12,19,IT,QA Lead
3130,oGoOSWoJ,"vcuTpZeK St, rQXqRaYsSQ, KOL 737285",106496.1,04-03-2015,08-10-1982,41,Other,3,9710.39,25134.11606,15795.62593,125544.9801,Life,Married,9,20,Finance,Senior Account Executive
3131,YXvkBGuW,"ldvLCRaG St, turlStklRT, HYD 821264",112491.96,27-11-2013,22-04-1969,55,Female,1,7057.804,26549.19737,16684.93888,129414.0225,Medical,Married,10,34,Finance,Account Director
3132,gTRmaaOV,"SobeqVAI St, nxCTcuNthA, AMD 891790",58647.47,05-06-2021,19-09-1993,30,Other,1,5895.253,13841.3737,8698.661244,69685.43545,None,Married,3,9,IT,QA Engineer II
3133,shjgaeUE,"gyMXmsQs St, mSgBEcNagb, PUN 787746",87564.35,27-07-2007,26-04-1983,41,Male,4,8684.565,20666.03881,12987.64666,103927.3072,Life,Married,16,20,Sales,Senior Executive
3134,fXtchStE,"XogfrwEu St, XKzPPvnrXk, PUN 650395",74969.04,25-11-2020,07-05-1997,27,Other,0,6872.096,17693.42307,11119.49557,88415.0635,Life,Single,3,6,Finance,Account Executive
3135,zkdmWshW,"gLrZpsgI St, ogVsBoDbiB, AMD 841447",59755.42,07-05-2024,26-01-1999,25,Other,3,4789.458,14102.86068,8862.993682,69784.745,None,Married,0,4,Finance,Account Executive
3136,QBSJyAjh,"zxmbfFfl St, hcEyiITVwX, BLR 144944",135797.71,22-12-1998,12-05-1971,53,Female,1,9742.229,32049.58119,20141.67494,157447.8452,Life,Married,25,32,Human Resources,Recruitment Manager
3137,JeMwbBMD,"rUkvEaWB St, YKpKqYPDaL, CHN 365668",63993.53,25-04-2015,18-06-1994,30,Female,0,9697.647,15103.09589,9491.595107,79302.67778,Both,Single,9,9,Sales,Sales Representative
3138,YAKsyXbl,"KTpTkzEH St, QSwVOyNeMm, KOL 285322",97281.09,13-02-2015,14-04-1989,35,Male,3,4318.891,22959.28401,14428.84488,110130.4201,Both,Divorced,9,14,Sales,Regional Sales Manager
3139,YTUjMyoa,"LEHwRabD St, iFGWnaCMWk, HYD 258379",81658.26,09-05-2007,10-07-1985,39,Male,3,5445.174,19272.14409,12111.64849,94263.9296,Medical,Married,17,18,Marketing,Senior Marketing Executive
3140,youkCIMD,"nLBKNdFZ St, gALJGwxDBj, HYD 293548",79599.13,08-11-2014,25-07-1978,45,Male,,9775.087,18786.16937,11806.23592,96354.15044,Life,,9,24,Finance,Senior Account Executive
3141,qjertxCW,"CMnxrwim St, PmHeonboAf, AMD 588319",127383.47,23-08-2008,25-12-1974,49,Male,1,12108.653,30063.73866,18893.66504,150662.1966,Medical,Married,15,28,Finance,National Account Head
3142,pJMRYwOV,"NBHTkINq St, HKxJNomHPJ, MUB 366835",145927.95,24-06-2000,04-04-1964,60,Male,2,4284.205,34440.41642,21644.20397,163008.3675,None,Married,24,39,Sales,National Sales Manager
3143,YAdhapON,"ldabiHOW St, hUiTwKTFvG, BLR 521624",97195.57,20-08-2023,22-07-1990,33,Female,1,4770.443,22939.10046,14416.16046,110488.953,Medical,Married,0,12,Human Resources,Senior HR
3144,LnVBlqtb,"bCvrgNFK St, MgbkGhPtWn, KOL 393371",118997.36,22-09-2021,19-01-1967,57,Male,2,9647.264,28084.53509,17649.82741,139079.3317,None,Widowed,2,36,Sales,National Sales Manager
3145,vPObtFAN,"bKfBmmGg St, gahtSvZemR, BLR 644706",126939.89,12-08-2011,07-02-1972,52,Male,3,6774.011,29959.04946,18827.87274,144845.0777,None,Divorced,12,31,IT,IT Manager
3146,JbMTGGAM,"DdWXazlh St, vJjqnLMqHW, MUB 591837",139649.9,26-01-2022,08-06-1967,57,Other,3,7825.01,32958.73552,20713.03626,159720.6093,None,Married,2,36,Sales,National Sales Manager
3147,qjQhgrqA,"uEjLGMil St, riHJmTGIiv, AMD 519998",71276.81,02-08-2018,28-05-1997,27,Male,0,5967.319,16822.02085,10571.8597,83494.29015,Medical,Single,5,6,Human Resources,HR Associate
3148,igiIXgMj,"uCWOWGFr St, fysQBuVfTI, DEL 435437",130824.8,26-03-2005,07-06-1966,58,Other,1,9247.52,30875.92603,19404.08712,151544.1589,Medical,Divorced,19,37,Finance,National Account Head
3149,HOByrlYZ,"LXwQtCmA St, DeCegXfxfc, BLR 731334",84238.57,02-02-2024,11-03-1980,44,Male,2,7510.143,19881.12236,12494.36308,99135.47228,Medical,Married,0,23,Marketing,Regional Marketing Manager
3150,UvTpnkTl,"lbhgXHbH St, zZwRmHgsyq, KOL 732148",145593.82,14-11-2002,06-06-1971,53,Other,4,6748.618,34361.55849,21594.64542,165109.3511,Both,Married,21,32,Sales,Sales Director
3151,VrjbCynN,"pCkRseli St, MeWlStgJye, CHN 515082",106870.01,14-08-2011,15-04-1989,35,Male,3,12952.999,25222.36246,15851.08469,129194.2868,Medical,Married,12,14,Sales,Regional Sales Manager
3152,JAALeKbr,"bekVcycV St, EYvZGhOqQv, HYD 354173",78151.07,19-06-2001,11-12-1977,46,Other,4,7004.893,18444.41311,11591.45797,92008.91814,Life,Married,23,25,Sales,Senior Executive
3153,AemmnqqY,"mixePTJj St, eirmVMeQIW, MUB 773166",92819.05,27-06-2023,15-10-1986,37,Male,4,3807.095,21906.19915,13767.0299,104765.3143,Medical,Married,1,16,IT,QA Lead
3154,DzyFxxCm,"ncOZrjFF St, ryeremnlOc, AMD 497630",88243.15,05-09-2016,11-05-1979,45,Other,,4493.685,20826.24221,13088.32707,100474.7501,None,,7,24,Human Resources,Senior HR
3155,eCTVVPdZ,"ywsnljYS St, MoXQuCbkja, MUB 552504",130415.22,01-02-1991,26-03-1965,59,Male,4,6839.478,30779.26117,19343.33774,148690.6214,Medical,Married,33,38,Marketing,National Marketing Manager
3156,QAqhFRym,"VKrfeihS St, pxNpOOsOJx, BLR 227884",105403.19,05-02-2007,12-12-1986,37,Male,1,11271.681,24876.17866,15633.52424,125917.5254,Medical,Married,17,16,IT,Software Engineer III
3157,HodkqItV,"lMsDQepx St, GetxwqMebS, CHN 302527",77465.31,13-10-2017,28-05-1992,32,Other,3,5301.469,18282.56708,11489.74525,89559.60083,Medical,Married,6,11,Human Resources,ERP Head
3158,fvuODkRD,"jcUBIQQJ St, bklhnlKGve, CHN 830077",109158.61,17-06-2014,26-09-1986,37,Female,2,7549.139,25762.49433,16190.53252,126279.7108,Both,Divorced,10,16,IT,Software Engineer III
3159,nlOayDsX,"YxGHzrua St, SdcphLKDQx, HYD 145927",84860.88,25-02-2012,15-11-1991,32,Other,1,6817.912,20027.99358,12586.66483,99120.12075,None,Married,12,11,Marketing,Senior Marketing Executive
3160,XHnvpCMb,"RKMSxtvR St, KtTQisNKlH, MUB 233007",89875.82,20-03-2020,08-06-1978,46,Other,2,4826.418,21211.56822,13330.48659,102583.3196,None,Widowed,4,25,Human Resources,Senior HR
3161,LfMBxDTQ,"rxKQdtxO St, mIzFnCRIIE, HYD 674526",99602.6,19-10-2014,07-07-1987,37,Female,1,3340.74,23507.18297,14773.17396,111677.349,None,Divorced,9,16,Sales,Senior Executive
3162,lzZvWcNT,"LznluLnm St, jAhDBFHahu, HYD 206718",108459.23,19-01-2020,02-06-1986,38,Male,3,12572.077,25597.43384,16086.79966,130541.9412,Medical,Married,4,17,Finance,Regional Account Head
3163,fTZcOJnA,"GPZTAknT St, gvKfnxhlTU, CHN 821633",91684.33,02-04-2006,17-04-1985,39,Female,1,5453.567,21638.39418,13598.7269,105177.5643,Life,Married,18,18,Finance,Regional Account Head
3164,SVHWCxJE,"ixBlXKRP St, KrKLQqarQC, AMD 838620",136641,22-07-2005,20-03-1971,53,Male,2,8773.9,32248.60584,20266.7527,157396.7531,Life,Married,18,32,Sales,National Sales Manager
3165,QHxBIvYf,"MuLiugFC St, pvgUYcfEGw, CHN 931481",110255.95,18-11-2017,27-04-1972,52,Other,4,10841.405,26021.47725,16353.29127,130765.541,None,Married,6,31,Finance,National Account Head
3166,ewWcJnAm,"mWuHuWLb St, beIJKsWkoW, HYD 979333",78915.9,27-06-2023,03-01-1992,32,Male,4,9751.41,18624.92044,11704.89845,95587.33199,Life,Married,1,11,Human Resources,Senior HR
3167,NlCcOXhv,"cpwipuGI St, mggPynAmGG, BLR 258322",100871.2,24-02-2024,21-04-1990,34,Male,3,13316.88,23806.58491,14961.33419,123033.3307,Medical,Married,0,13,Finance,Senior Account Executive
3168,rmWTDUwz,"nLUKVCyJ St, WPvJmNPaWY, MUB 929605",92901.15,27-06-2013,01-05-1988,36,Female,3,4511.885,21925.57555,13779.20707,105559.4035,Medical,Divorced,11,15,Human Resources,Senior HR
3169,YBBqyJkq,"WEtQsBDa St, tfmQfFavoE, CHN 891500",128989.75,14-12-2001,04-07-1964,60,Male,4,5670.025,30442.83637,19131.91036,145970.701,None,Married,22,39,Sales,National Sales Manager
3170,ePNffNGE,"ZloGoZbQ St, CDorWPVjbh, BLR 510909",87620.42,04-02-2022,11-04-1991,33,Other,3,7033.958,20679.27187,12995.96302,102337.6868,Life,Married,2,12,Human Resources,ERP Head
3171,wioZjloc,"NDfMNFSr St, rPmjLfUauU, CHN 926795",48531.02,17-02-2018,19-03-1993,31,Male,3,5483.898,11453.79304,7198.177565,58270.53348,Both,Divorced,6,10,Sales,Sales Executive
3172,EmpHyVdo,"RFrxGXvx St, pbqFkPSYmp, AMD 570588",69161.8,09-01-2018,17-10-1992,31,Male,3,9937.82,16322.85791,10258.15895,85164.31896,Medical,Married,6,10,Marketing,Marketing Associate
3173,wuLkDHwc,"mXKrDwrz St, FILSqJwXHo, CHN 820073",146440.99,09-04-1988,24-06-1965,59,Male,4,8870.901,34561.49886,21720.29866,168153.0912,None,Married,36,38,Marketing,Marketing Director
3174,mRleRciO,"NwgXNZKM St, UduPmMHzqv, HYD 626989",149214.29,11-10-2002,07-04-1974,50,Female,1,9455.571,35216.02465,22131.63776,171754.2479,None,Married,21,29,IT,IT Manager
3175,RjtHexkK,"QYuQwqOJ St, hogouFqtSJ, CHN 731979",96340.99,12-12-2022,21-10-1991,32,Male,4,7982.901,22737.41127,14289.40815,112771.8941,Medical,Married,1,11,IT,Software Engineer III
3176,vvYyeTdP,"tQzdzLTk St, rKbvYoBuDC, AMD 484295",128860.97,20-06-1988,26-08-1965,58,Other,4,7981.903,30412.44304,19112.80956,148142.5065,None,Married,36,37,IT,IT Manager
3177,CXgzmXri,"BXyvdWDR St, hkNgrImPAl, KOL 235267",77908.39,15-07-2022,26-06-1982,42,Male,1,5428.161,18387.13827,11555.46339,90168.22588,Life,Married,2,21,Human Resources,ERP Head
3178,mOtUaqGx,"lrpgcirS St, VwJjkuZaeT, PUN 235998",110030.75,13-03-2016,24-03-1972,52,Female,3,10030.925,25968.32786,16319.88934,129710.1135,None,Divorced,8,31,IT,Technical Lead
3179,CaLPVlIS,"TAYptwJp St, udqXsHytOz, PUN 307907",113758.07,02-09-2004,20-12-1971,52,Male,3,12175.193,26848.01165,16872.7298,135908.5449,Both,Married,19,31,Sales,National Sales Manager
3180,nyBTbBBM,"QRkEAVjm St, uXLkfiuEnV, HYD 687506",69466.37,19-12-2015,06-01-1994,30,Male,0,11024.363,16394.73939,10303.33313,86582.13926,Life,Single,8,9,Human Resources,HR Executive
3181,PjQLytyz,"nApCPAnE St, iumPYnQLLB, PUN 176586",117569.65,09-08-2016,27-01-1976,48,Other,2,7456.035,27747.58163,17438.0678,135335.1988,None,Married,7,27,Marketing,National Marketing Manager
3182,wvaXIEaI,"esVLcMEV St, mvpfsLEdds, BLR 796875",70130.92,19-12-2023,06-02-1996,28,Other,0,10522.908,16551.57966,10401.89996,86803.5077,None,Single,0,7,IT,QA Engineer II
3183,KZSfwnGE,"XQMyROzb St, IXWfvRspjP, MUB 451020",93205.82,10-12-2009,27-11-1980,43,Male,3,5335.418,21997.48063,13824.39608,106714.3226,Both,Married,14,22,IT,Software Engineer III
3184,ebrdFUAz,"QTvPtOKE St, ULZkNlvgcV, DEL 138862",45154.49,01-10-2020,25-06-1999,25,Female,0,5719.551,10656.8991,6697.366692,54833.57341,Medical,Single,3,4,Finance,Account Executive
3185,fLTqOUkk,"OdNUtEZR St, vJNHlwjjzk, MUB 640269",109925.16,17-02-2020,14-02-1992,32,Female,3,10980.484,25943.40759,16304.22811,130544.8235,Both,Married,4,11,Marketing,Regional Marketing Manager
3186,ugqCXULT,"AQxdTTyc St, OlqoYWDoiA, PUN 791499",110733.41,19-01-2012,17-06-1971,53,Other,1,13840.659,26134.16246,16424.10869,134284.1228,Both,Widowed,12,32,Finance,Account Director
3187,XcAQMiqK,"HZdxiDCm St, GeVyuCiLFV, MUB 997548",62281.79,02-02-2024,24-01-1996,28,Male,0,9570.821,14699.10859,9237.707831,77314.01176,Both,Single,0,7,IT,QA Engineer II
3188,hhOFnjTw,"XNycTuWX St, GdbOXpeLsR, AMD 193055",79606.89,05-11-2021,19-01-1987,37,Male,1,9360.311,18788.0008,11807.3869,95947.81491,None,Married,2,16,IT,QA Lead
3189,UsWIfQHH,"sUXyODxy St, blnzWjUFin, PUN 790062",74880.69,25-01-2020,08-09-1995,28,Male,1,5931.931,17672.57161,11106.39139,87378.80121,Medical,Married,4,7,Human Resources,HR Associate
3190,npOvAqfN,"ecicgSdv St, xtCrYMFQUT, AMD 596716",84536.39,22-04-2016,02-04-1984,40,Female,3,6574.361,19951.41078,12538.53609,98523.62569,Life,Divorced,8,19,Sales,Regional Sales Manager
3191,clvMGtSB,"QlQcMqZI St, jwMscFcBqf, DEL 709030",82760.59,25-04-2018,16-04-1983,41,Male,1,6144.941,19532.3047,12275.14736,96162.68833,Both,Divorced,6,20,Marketing,Regional Marketing Manager
3192,DVABwCVU,"osmdIZjc St, azeeZGcbFb, HYD 997458",146381.26,27-07-2001,17-11-1976,47,Other,3,5246.874,34547.402,21711.43944,164464.0966,Medical,Married,22,26,Finance,National Account Head
3193,EnchGfkn,"DtAOSXdh St, xQVvjxNUqy, DEL 680792",105250.92,18-10-2023,22-04-1978,46,Female,2,10887.908,24840.24146,15610.93938,125368.1301,Both,Married,0,25,Finance,Regional Account Head
3194,CBxnpTFo,"pHOfAtgc St, mvdfRlkBdR, CHN 850752",127880.24,15-04-1994,02-11-1973,50,Female,2,9963.976,30180.98122,18967.34655,149057.8507,Medical,Widowed,30,29,Finance,Account Director
3195,czaUYoAR,"ogSjjEBR St, HFUiZmssHP, MUB 527097",106423.92,25-02-2021,01-01-1989,35,Other,3,12984.608,25117.08088,15784.92011,128740.6888,Medical,Married,3,14,IT,QA Lead
3196,oVNgIqTT,"uqBPORdV St, iVAEayIwFe, HYD 780311",122617.38,01-03-2014,16-04-1974,50,Female,2,6174.262,28938.89504,18186.753,139543.784,None,Widowed,10,29,IT,Technical Lead
3197,jxejcYfi,"bhjhCzCj St, FvltZHdflx, MUB 778466",70668.16,13-09-2017,18-08-1995,28,Other,0,8838.184,16678.37353,10481.58402,85703.1335,None,Single,6,7,Marketing,Marketing Associate
3198,yoPcPlKQ,"GkaeIeMG St, nXJiKYjNYi, HYD 656307",85161.11,26-11-2018,01-10-1987,36,Other,1,7778.889,20098.85078,12631.19529,100407.6545,Life,Divorced,5,15,Marketing,Regional Marketing Manager
3199,gFWTrSnX,"ZBAkUcPy St, busyNNMKSB, MUB 434740",46550.89,28-03-2017,27-01-1996,28,Female,4,8329.911,10986.46309,6904.482371,58962.78172,Both,Married,7,7,Marketing,Marketing Associate
3200,VtxrtNeU,"IMVNCVKw St, KJewTjVdcP, BLR 651887",54170.56,11-10-2017,17-08-1993,30,Male,1,6886.944,12784.77937,8034.640724,65807.64264,Medical,Married,6,9,Human Resources,HR Associate
3201,rcrHsWWu,"fXujSIYi St, IWtYxfqEYW, MUB 367957",127659.67,15-08-2020,11-06-1968,56,Male,1,6926.033,30128.92455,18934.63135,145779.9962,Medical,Widowed,3,35,Human Resources,HR Director
3202,wGNueKTx,"VScMnRta St, dUQFRDBapJ, BLR 962675",96668.75,27-08-2022,20-11-1987,36,Female,1,4398.125,22814.76582,14338.0219,109543.6189,Medical,Divorced,1,15,IT,QA Lead
3203,pXUhAVOO,"hbMPVjPw St, MRCUEDbuVj, PUN 638567",118586.92,19-10-2002,23-06-1971,53,Female,4,7254.308,27987.66725,17588.95047,136239.9448,Both,Married,21,32,Human Resources,Recruitment Manager
3204,ZTjruDjQ,"DPzeIWaE St, gSUOQIXqSc, KOL 301961",144692.35,13-01-1999,21-12-1972,51,Other,1,7822.765,34148.8028,21460.93834,165202.9795,Life,Married,25,30,Marketing,Marketing Director
3205,mlRdQSpI,"zTIMkKqQ St, dYWLmJtVyW, DEL 434908",127248.31,21-11-1987,05-08-1964,59,Female,1,8289.169,30031.83959,18873.61795,146695.7006,Life,Married,36,38,Sales,National Sales Manager
3206,bSnNDvQd,"CUMwkUuQ St, LxFspxopwE, HYD 408375",74289.84,25-08-2017,11-05-1996,28,Other,0,5617.016,17533.12526,11018.75583,86421.22542,Medical,Single,6,7,Human Resources,HR Executive
3207,aZfVJQbR,"wbzPhHnr St, BaBFISXDgZ, MUB 439088",17404.37,23-07-2024,09-07-2001,23,Male,0,5744.563,4107.600706,2581.436485,24675.09722,Medical,Single,-1,2,IT,Software Engineer I
3208,PUQcgtYy,"MPGsAlKl St, FWTVdHiumj, PUN 636253",131113.22,18-09-1995,14-10-1967,56,Other,3,8148.678,30943.99596,19446.86592,150759.028,Medical,Married,28,35,Marketing,Marketing Director
3209,TfuNPAEx,"RIvieZZK St, MCTEqSgwRO, PUN 839845",141970.08,17-04-2015,14-04-1974,50,Male,3,4110.992,33506.32058,21057.16807,158530.2245,None,Married,9,29,Human Resources,Recruitment Manager
3210,HJYkqbzW,"lJRNPwow St, itsQnctewh, MUB 776499",123633.51,22-02-1999,21-06-1965,59,Male,1,12022.649,29178.71161,18337.46659,146497.404,Life,Divorced,25,38,Marketing,Marketing Director
3211,JsXWvxpm,"LkRmTffy St, MylSTeTYqe, HYD 150758",70860.88,17-12-2020,13-08-1998,25,Other,0,9607.912,16723.85732,10510.16848,86682.48084,Both,Single,3,4,Sales,Sales Executive
3212,VOXBjyRr,"pHrFpprg St, JDKulHCpMY, HYD 536105",137159.85,03-10-2014,27-03-1973,51,Other,1,7758.015,32371.05949,20343.70914,156945.2154,Both,Widowed,9,30,Finance,Account Director
3213,EdSPCBUb,"TnSiyCeh St, pgtvLfuHBi, KOL 762062",98009.88,25-06-2020,13-08-1985,38,Female,3,4872.012,23131.28555,14536.93987,111476.2377,Medical,Married,4,17,IT,Software Engineer III
3214,DEgqFprV,"pXciIuXR St, PmFFJZLQnZ, DEL 350288",82875.72,25-03-2019,24-07-1977,46,Female,2,5861.428,19559.4765,12292.22358,96004.40092,Both,Widowed,5,25,IT,Software Engineer III
3215,uRHFrdYK,"LnhiCqrW St, RyHbVjJjWI, MUB 529490",137960.69,01-06-2004,27-10-1968,55,Other,4,5729.931,32560.06552,20462.49066,155788.1959,None,Married,20,34,Marketing,National Marketing Manager
3216,lpnQLzZo,"LxILWSEM St, fuiPOjBxRZ, CHN 974920",128868.11,23-05-2019,14-05-1966,58,Female,3,8528.189,30414.12815,19113.86858,148696.5586,Life,Married,5,37,Marketing,National Marketing Manager
3217,ZOFkklGn,"eTMuhtTQ St, VLGbbOxjgx, HYD 942528",83031.07,09-11-2020,07-03-1981,43,Male,2,7337.893,19596.14061,12315.26527,97649.83834,None,Married,3,22,Finance,Senior Account Executive
3218,ToBjcPEQ,"KgUfqLoZ St, XsNxvtNwQD, BLR 123101",74660.61,04-07-2020,24-08-1996,27,Female,2,8616.939,17620.63058,11073.74887,89824.43071,Both,Married,4,6,Finance,Account Executive
3219,pVGcIgFA,"pxbvlnEk St, cENrHVhYus, KOL 439465",45789.24,02-07-2020,13-06-1998,26,Female,0,7744.076,10806.70628,6791.513553,57548.50872,None,Single,4,5,IT,Software Engineer II
3220,sOuzmFDm,"IEfxNbxf St, IQGKeHCOjN, KOL 761417",90078.51,26-06-2009,13-11-1984,39,Male,2,5315.149,21259.40504,13360.5498,103292.5142,Life,Married,15,18,Sales,Senior Executive
3221,UvxajQvb,"PTUqPXGB St, NpvirSylws, AMD 373908",110079.35,08-06-2022,21-06-1972,52,Male,4,12272.065,25979.79793,16327.09775,132004.1152,Both,Married,2,31,Human Resources,HR Director
3222,ZfcitxLu,"DPlnIOSW St, gzKaxiitTp, HYD 741812",139722.98,27-07-2003,23-11-1966,57,Female,4,10232.702,32975.98311,20723.87557,162207.7895,Life,Married,20,36,Sales,Sales Director
3223,oLBiYMuK,"nbmLvojc St, qoabaGmMCQ, PUN 862746",130984.5,01-09-2021,14-09-1972,51,Other,2,7038.55,30913.61679,19427.77401,149508.8928,None,Married,2,30,IT,IT Manager
3224,qlnuVqTV,"YVJGVMKB St, IsmSEVjMeM, MUB 704740",53012.61,26-11-2020,16-12-1996,27,Other,1,4977.739,12511.4919,7862.892228,62638.94867,None,Married,3,6,IT,QA Engineer II
3225,ODktQIvq,"SKCqOOfc St, NRNEuJNIrl, AMD 902341",112392.44,24-03-2022,13-11-1975,48,Other,1,8653.756,26525.70968,16670.17796,130901.7277,Both,Divorced,2,27,Human Resources,Recruitment Manager
3226,wIcevuxL,"rlHRuOOi St, xiVSHOJQDE, KOL 217470",88359.96,19-05-2015,17-08-1990,33,Other,3,5682.004,20853.81051,13105.65246,101790.122,Medical,Divorced,9,12,Marketing,Senior Marketing Executive
3227,OPWnZUlC,"qMysZxVo St, mEIrOXctkb, CHN 417241",53282.66,12-03-2023,25-05-1993,31,Female,1,6240.734,12575.22633,7902.946359,64195.67397,Both,Married,1,10,Marketing,Marketing Representative
3228,TEXBqXFO,"NvHsxkXg St, iGTlFKVihY, HYD 371099",96123.62,14-02-2016,12-03-1992,32,Male,3,4491.638,22686.10983,14257.16758,109044.2003,None,Divorced,8,11,IT,QA Lead
3229,HobmLMFQ,"DPmmelAK St, ZeylQPmeIJ, KOL 766425",110532.35,28-07-2023,22-02-1969,55,Female,1,9043.765,26086.71034,16394.28724,129268.5381,None,Married,0,34,IT,Technical Lead
3230,KgLtZJjO,"zBOlVjOk St, jEFcSZbJzp, MUB 515527",109683.99,12-02-2023,08-10-1986,37,Male,1,8559.601,25886.48912,16268.45749,127861.6226,Life,Married,1,16,Human Resources,Senior HR
3231,GyGMYErC,"YyFVyewB St, qLVycZATIk, KOL 850648",55239.92,18-08-2022,01-03-1994,30,Other,0,6959.008,13037.15873,8193.249448,67042.83729,Life,Single,1,9,Human Resources,HR Executive
3232,mharjOiJ,"kgVPmMne St, RnUbwCMCIz, HYD 499537",71389.93,24-02-2015,16-10-1993,30,Other,1,7698.007,16848.71827,10588.63779,85348.01748,Medical,Married,9,9,IT,Software Engineer II
3233,BdkoCdRr,"WJQneFQe St, mzOdKbnyJt, BLR 132560",23572.07,10-10-2023,21-09-1999,24,Other,2,5181.793,5563.237932,3496.236952,30820.86398,Both,Married,0,3,Finance,Accounts Intern
3234,RGKdMunc,"woRQTepp St, kCWCaZyRCi, KOL 444349",145798.79,04-06-2013,24-08-1976,47,Male,2,8217.121,34409.93341,21625.04681,166800.7976,None,Widowed,11,26,Sales,National Sales Manager
3235,uWzkWius,"bulGYPLo St, ulvSkCELTU, CHN 807759",149399.04,25-02-2018,12-06-1977,47,Male,1,4243.096,35259.62745,22159.04009,166742.7234,Life,Divorced,6,26,Finance,National Account Head
3236,sBuLUuKb,"BJjIHrZy St, zvREyhCxBv, BLR 149034",81023.37,04-03-2014,01-06-1980,44,Female,3,8695.663,19122.30387,12017.48086,96823.856,Life,Divorced,10,23,Marketing,Senior Marketing Executive
3237,RTNoIfPe,"aPziHGNk St, QdcaSCWrCj, HYD 547405",56896.58,15-09-2021,03-01-1995,29,Male,2,5272.342,13428.14662,8438.967194,67158.10142,Medical,Married,2,8,Marketing,Marketing Representative
3238,vHwmnawf,"OFBdSLaH St, SFchFVyVTD, KOL 254425",110406.23,24-06-1997,15-07-1969,55,Other,1,9554.377,26056.94479,16375.58098,129641.9708,Medical,Widowed,27,34,Marketing,Marketing Director
3239,byTJqwxH,"BWGsaCaD St, havSuUPeGW, HYD 618596",72440.93,27-03-2017,05-07-1995,29,Male,0,8047.907,17096.7645,10744.52334,86841.07816,Life,Single,7,8,Finance,Account Executive
3240,xIwzDujM,"ekgnMqcJ St, XZiXFTtozB, MUB 858372",143974.45,26-03-1997,16-06-1966,58,Male,3,9327.555,33979.37141,21354.45857,165926.9178,None,Married,27,37,Finance,National Account Head
3241,smDwagCI,"YUVxCNlu St, gnrxeVXEEe, HYD 904799",104524.6,02-01-2005,16-02-1978,46,Other,2,8787.54,24668.82287,15503.21074,122477.7521,Life,Divorced,19,25,Sales,Senior Executive
3242,SwNkQOcw,"KFcOArjZ St, wGaCpwwboz, AMD 243346",72916.12,13-06-2023,20-01-1995,29,Other,0,6539.388,17208.91397,10815.00408,85849.41789,Medical,Single,1,8,Sales,Sales Executive
3243,XNZMrRtV,"NVdtqHip St, zLcAGkIHcm, PUN 204456",32633.38,01-08-2023,02-04-2002,22,Male,0,9410.662,7701.79528,4840.221034,44905.61625,Life,Single,0,1,IT,Software Engineer I
3244,DIGaXwmm,"maymhMlV St, vpVqSDzzCJ, KOL 247283",98149.14,16-04-2018,15-03-1984,40,Other,4,7858.086,23164.15226,14557.59507,114613.7832,Both,Married,6,19,Finance,Regional Account Head
3245,VSJKzSbA,"KgHzZdpm St, ZiOrVgXcUr, MUB 658048",77549.51,20-08-2004,20-06-1983,41,Male,4,5488.049,18302.4391,11502.23389,89837.76421,Medical,Married,19,20,Marketing,Senior Marketing Executive
3246,vjKdZhic,"xynUQOnX St, QcwhBTEZFI, BLR 937389",72558.69,19-06-2023,07-02-1995,29,Male,0,9752.131,17124.55701,10761.98964,88673.38837,None,Single,1,8,Marketing,Marketing Associate
3247,ulkqEyQi,"zSKQKrbi St, XnujMPiijV, PUN 340488",136394.01,01-07-2002,24-10-1976,47,Female,2,7516.599,32190.3138,20230.11886,155870.8039,Both,Widowed,22,26,Marketing,Marketing Director
3248,xlmBDcLK,"dOPvMwEp St, vBSyqyIBEx, BLR 459906",123609.28,18-07-1997,18-08-1975,48,Female,1,6745.072,29172.99309,18333.87277,141193.4723,None,Married,27,27,IT,Technical Lead
3249,TsUFSCpF,"eOJvgfoT St, yoCasRzTHy, AMD 672512",128205.83,04-08-2003,21-02-1971,53,Female,2,10705.417,30257.82363,19015.63844,150153.4322,Life,Married,20,32,Marketing,Marketing Director
3250,cnoJZGSi,"KfkiQZjA St, cBLvwNaJTP, CHN 813532",107192.7,02-03-2010,28-12-1986,37,Female,3,8363.73,25298.52044,15898.94645,124956.004,Medical,Married,14,16,Finance,Regional Account Head
3251,QkFmGguz,"AFMOWYyy St, ihBnXNDYwg, KOL 444358",92294.17,27-12-2006,13-06-1979,45,Male,,6653.583,21782.32236,13689.17908,107040.8963,Life,,17,24,Finance,Senior Account Executive
3252,xaIaYzHa,"unQPKnxe St, dYDzvsYGJt, PUN 810529",66427.79,23-08-2020,10-11-1995,28,Male,4,10289.221,15677.60494,9852.647393,82541.96855,Life,Married,3,7,Finance,Account Associate
3253,QoSAJnYA,"FzNUyZTo St, vYjVeDLVvy, DEL 733910",50572.18,04-02-2021,20-02-1995,29,Female,2,6192.782,11935.52667,7500.9248,61199.56387,None,Married,3,8,Human Resources,HR Executive
3254,sBujWjFR,"ZCyLZUYX St, GSseBkMTpf, MUB 259421",135444.79,27-06-2022,25-02-1971,53,Male,4,5904.521,31966.28864,20089.32944,153226.2702,Both,Married,2,32,Finance,Account Director
3255,FqomBbjJ,"ThVFChgf St, aRTqzrJuFZ, HYD 594182",76263.12,22-12-2011,28-11-1984,39,Male,3,7898.688,17998.83854,11311.43502,90849.21152,None,Married,12,18,Human Resources,Senior HR
3256,wcHYAnrF,"pOSbhDUT St, QsqKMJxtmx, PUN 467903",23713.06,13-10-2023,06-12-2001,22,Other,0,6847.694,5596.512944,3517.148753,32640.11819,None,Single,0,1,Sales,Sales Development Representative
3257,OGUDxViX,"fpQQovfc St, YFcHGwjcYZ, MUB 892086",119526.09,22-09-2018,11-06-1975,49,Male,2,8738.391,28209.32051,17728.24926,138745.5522,Medical,Divorced,5,28,Sales,National Sales Manager
3258,nQgTuZGU,"nARAZfbH St, oAaibJJMbl, BLR 232854",80166.54,04-10-2016,08-12-1980,43,Other,3,8455.346,18920.08365,11890.39484,95651.57481,None,Married,7,22,IT,QA Lead
3259,kOBEsOUy,"MHqhKwHZ St, KUUkAaWDqC, AMD 478014",96411.94,21-06-2018,28-10-1978,45,Female,,8171.806,22754.15616,14299.93154,113037.9706,None,,6,24,Marketing,Regional Marketing Manager
3260,ohQFeVDP,"sMUnGtKi St, xCTLsjYtAr, CHN 742559",120242.57,21-03-2002,01-04-1973,51,Female,4,8336.743,28378.41676,17834.51841,139123.2114,None,Married,22,30,Human Resources,Recruitment Manager
3261,jvtRLbYJ,"dPHFYfpk St, LDDvVNidly, PUN 890503",91066.37,16-04-2005,04-10-1981,42,Male,2,4345.363,21492.54961,13507.07035,103397.2123,Both,Divorced,19,21,Marketing,Regional Marketing Manager
3262,qcugDHey,"xjRPivwD St, zQlUCjxCzi, CHN 853889",107711.41,20-02-2017,10-10-1979,44,Other,1,13551.859,25420.94105,15975.88213,130708.3279,Medical,Divorced,7,23,Sales,Regional Sales Manager
3263,ecXWiUeA,"EoVDElkS St, FrSXqFSFaR, BLR 687622",98604.99,19-07-2019,24-03-1991,33,Other,4,6438.501,23271.7373,14625.20728,113690.021,Medical,Married,4,12,Marketing,Senior Marketing Executive
3264,EqFzkgXj,"YFeQgyUQ St, VADoCnortx, HYD 158996",99785.15,01-10-2018,19-08-1989,34,Female,1,5066.485,23550.26655,14800.24999,113601.6516,None,Divorced,5,13,Human Resources,ERP Head
3265,ZGVkDPfR,"LVOdRtVi St, MdQbMYWAZl, KOL 470613",38328.4,26-09-2022,27-04-2000,24,Female,2,8011.16,9045.875426,5684.913051,49700.52237,Both,Married,1,3,Human Resources,HR Intern
3266,yGZzdNoI,"wmhdCPRO St, cxbDkbYQZU, HYD 960323",20965.07,17-03-2021,22-12-2000,23,Male,0,5884.493,4947.96056,3109.563667,28687.95989,Life,Single,3,2,IT,QA Engineer I
3267,IfGFTymk,"pnyAXdKQ St, YfzFLAuETK, PUN 458465",129738.83,05-05-1994,07-05-1968,56,Male,4,6906.117,30619.62655,19243.01479,148021.5588,Medical,Married,30,35,IT,IT Manager
3268,iOqcppKj,"jzGUQOTA St, mStLGqWifV, CHN 595657",84170.69,14-10-2023,08-10-1987,36,Female,4,9052.931,19865.10202,12484.29504,100604.428,None,Married,0,15,Sales,Senior Executive
3269,HGHumSBn,"BELpEAvl St, avNreLAZhs, KOL 906870",84986.55,12-02-2014,12-05-1984,40,Male,2,7541.345,20057.65292,12605.30435,99980.24357,Medical,Married,10,19,Finance,Senior Account Executive
3270,tlKGgAEb,"BMHBGreS St, xsfQwYipdK, CHN 615047",73250.72,14-11-2019,27-04-1996,28,Female,4,7022.928,17287.88282,10864.63234,86696.89848,Medical,Married,4,7,Sales,Sales Executive
3271,jkiAHjRH,"dDAkJeUM St, zvKIYgWfhP, HYD 817085",149896.88,08-10-2023,13-09-1969,54,Female,4,3808.312,35377.12253,22232.8803,166849.4342,Medical,Married,0,33,Finance,Account Director
3272,lFhUDENU,"qKMPuKEz St, HKdimtiTFq, KOL 305149",76855.29,16-02-2006,15-08-1981,42,Other,1,8755.471,18138.59642,11399.26637,92350.09105,Medical,Divorced,18,21,Sales,Senior Executive
3273,WxdyFSCM,"FXjToICJ St, oCDJqyhAWl, BLR 299176",113927.51,09-11-2009,07-09-1974,49,Male,1,13282.249,26888.00114,16897.86134,137199.8988,Life,Married,14,28,Human Resources,HR Director
3274,qlScGrNF,"zxdoMdvP St, zZfdwhydJE, BLR 446000",48598.88,16-07-2018,04-11-1997,26,Female,1,6019.112,11469.80866,7208.242639,58879.55802,Both,Married,6,5,Sales,Sales Representative
3275,YOZHCSuM,"RIwZgYXP St, PZgNwETZCx, CHN 115826",46792.77,08-02-2023,13-02-1993,31,Other,1,8216.723,11043.54912,6940.358295,59112.68383,Both,Married,1,10,Human Resources,HR Associate
3276,KEzGqXtq,"egXdFxkF St, WJxznblpgq, CHN 497866",100277.17,15-11-2016,02-01-1991,33,Other,1,12062.283,23666.38805,14873.22697,121132.6141,Life,Divorced,7,12,Human Resources,ERP Head
3277,fDFtruos,"aYHiWnDr St, NfUfwLxHbK, AMD 868868",75215.54,10-09-2008,02-01-1982,42,Female,1,8935.446,17751.59946,11156.05674,90746.52873,Medical,Divorced,15,21,Sales,Senior Executive
3278,eBllvxoX,"soRLczyI St, RxVbzPQcfm, KOL 156576",94754.11,25-04-2017,19-08-1990,33,Other,2,7517.589,22362.89214,14054.04026,110580.5509,None,Married,7,12,Human Resources,Senior HR
3279,UZmQxFbG,"kJuYrVZr St, jaxHaKvTTx, KOL 698090",115102.21,02-02-1997,09-04-1971,53,Female,4,10817.779,27165.24178,17072.09421,136013.1366,Life,Married,27,32,Finance,National Account Head
3280,ChisWdSB,"vLdovrHj St, eAyyvDuZPT, KOL 485054",69922.38,27-03-2021,18-04-1997,27,Male,1,6458.762,16502.36219,10370.96906,82512.53513,Both,Married,3,6,Marketing,Marketing Associate
3281,QrTzLaLb,"iRetBHpS St, PWJfrXgQIY, MUB 406393",61524.34,16-11-2021,11-10-1993,30,Male,0,10748.566,14520.34302,9125.361962,77667.88705,Medical,Single,2,9,IT,Software Engineer II
3282,BAjoTRMS,"IjTJYMKk St, NFbZLrZkYy, MUB 524036",138520.48,26-04-1999,09-01-1967,57,Male,1,4971.952,32692.18141,20545.51937,155639.094,Medical,Married,25,36,IT,IT Manager
3283,BswMkBpe,"RRXKFAzd St, pUCoGVokbp, KOL 294695",23116.71,05-06-2022,20-10-2001,22,Other,0,6796.329,5455.76854,3428.697425,31940.11012,None,Single,2,1,IT,Software Engineer I
3284,WWkhVNfW,"KXvivrmZ St, maKlcRFUCw, DEL 997976",130189.27,10-01-2019,26-11-1975,48,Female,4,10463.073,30725.93477,19309.82457,152068.4532,None,Married,5,27,Marketing,National Marketing Manager
3285,fbFQbUsV,"ADzPGADQ St, urJbXISZbE, DEL 987205",108609.51,15-01-2019,14-06-1991,33,Other,2,8691.049,25632.90139,16109.08937,126824.371,Medical,Married,5,12,Sales,Senior Executive
3286,OLtrKihy,"BQUvLygs St, DkgmEjOinu, CHN 543032",47168.16,16-02-2019,25-08-1997,26,Other,3,6235.184,11132.14482,6996.036578,57539.45224,Life,Married,5,5,Finance,Account Associate
3287,PMDjDlKP,"mKKGJRZR St, yafnGBWHky, AMD 177607",88346.26,24-09-2011,27-09-1979,44,Male,4,5753.374,20850.57718,13103.62046,101846.5907,Both,Married,12,23,Finance,Senior Account Executive
3288,hZBCZQFx,"zUvQeMic St, XOZQWBKWIz, PUN 270156",74306.99,15-04-2024,11-05-1996,28,Male,0,7575.301,17537.17282,11021.29954,88398.16428,Life,Single,0,7,IT,Software Engineer II
3289,AJSrsbrV,"aHeUkfkz St, ourYsaHPTG, HYD 347470",113245.16,27-11-1989,05-08-1966,57,Other,3,10184.484,26726.9599,16796.65439,133359.9495,Medical,Divorced,34,36,IT,Technical Lead
3290,gBjOitpy,"DLeViHcG St, zpJTsDkYQL, BLR 447891",138413.46,11-02-2006,27-02-1974,50,Female,1,8552.654,32666.92365,20529.64604,159103.3916,Medical,Widowed,18,29,Human Resources,Recruitment Manager
3291,UUdpIZJI,"HkNordvC St, TFqMfPsPdQ, CHN 716223",90392.02,21-11-2019,01-08-1982,41,Female,3,4694.798,21333.39645,13407.04997,103013.1645,Both,Divorced,4,20,Marketing,Regional Marketing Manager
3292,gCkFyNOg,"EHWrVlOS St, jRyjrKVigO, MUB 877447",107970.77,05-09-2005,01-08-1980,43,Female,3,10788.923,25482.15253,16014.3507,128227.4948,Life,Married,18,22,Finance,Senior Account Executive
3293,qnpJQKYL,"tEGoBZan St, VnUoOVRUVO, PUN 734256",81083.52,05-03-2005,05-12-1978,45,Male,,6771.648,19136.49985,12026.40238,94965.26547,Both,,19,24,Sales,Senior Executive
3294,WgFUEVfg,"UQKerGQz St, SaubMmCPkR, KOL 352607",71558.31,26-11-2014,08-11-1993,30,Female,2,9821.169,16888.45759,10613.61211,87654.32448,Life,Married,9,9,IT,Software Engineer II
3295,RVzRnjBs,"UFrsSrws St, PZEeUOmXMz, MUB 159899",128040.71,21-12-2000,20-12-1969,54,Other,4,6439.929,30218.8537,18991.14764,145708.3451,Medical,Married,23,33,Finance,Account Director
3296,fDmxCAAO,"AJQfmKtv St, zvhJSJqwhG, CHN 741458",149224.68,02-12-2024,06-05-1966,58,Female,2,6252.532,35218.47679,22133.17881,168562.51,None,Married,-1,37,Marketing,National Marketing Manager
3297,qUcTFkXL,"BGsfqpYT St, GVsFBZqfen, PUN 900504",77909.5,19-09-2015,04-08-1987,36,Male,3,9512.05,18387.40024,11555.62803,94253.32221,Medical,Married,8,15,Human Resources,ERP Head
3298,zNewUYNV,"IjkwntAM St, MWxzDasiSp, MUB 234022",72915.93,23-06-2020,05-02-1998,26,Other,0,8784.407,17208.86912,10814.97589,88094.23023,Both,Single,4,5,Sales,Sales Representative
3299,MVqCjBiS,"gOTIiMon St, NKVfLbNplZ, HYD 260231",20443.51,28-02-2023,19-08-2002,21,Female,0,6909.649,4824.867324,3032.205279,29145.82104,None,Single,1,0,Finance,Account Representative
3300,vkYSuuRZ,"XAuTrYEc St, UizGqEQDrO, KOL 248689",102270.11,26-01-2007,10-03-1983,41,Female,3,11111.989,24136.74129,15168.82215,122350.0181,Life,Married,17,20,Marketing,Senior Marketing Executive
3301,YhimETlC,"iSHOnfoC St, ditcQMMTJR, KOL 532953",83610.69,18-03-2021,20-08-1984,39,Male,2,9260.931,19732.93657,12401.23519,100203.3224,None,Divorced,3,18,Sales,Senior Executive
3302,sWprCuYx,"yWFBfPkY St, uNNQjBHBmt, AMD 464568",25810.21,25-05-2023,22-11-2002,21,Other,0,6223.979,6091.460754,3828.200491,34297.44926,Medical,Single,1,0,Sales,Sales Development Representative
3303,xkayfwsg,"MOGdYWSh St, UeFlxUDixt, KOL 594354",128296.55,20-01-2005,11-10-1965,58,Male,2,10604.345,30279.23443,19029.09413,150151.0353,Life,Divorced,19,37,Marketing,Marketing Director
3304,uaPvLwNV,"kLeWUBDQ St, NxZbZZmxau, HYD 722733",76130.07,17-02-2014,16-11-1980,43,Other,1,8336.993,17967.43745,11291.70089,91142.79955,Life,Divorced,10,22,Sales,Senior Executive
3305,PDmPhaCD,"XvwUhsZV St, mHGtJqrYsM, AMD 465399",86231.3,03-02-2019,16-09-1990,33,Other,3,7457.87,20351.42603,12789.92712,101250.6689,Both,Married,5,12,Human Resources,ERP Head
3306,LBUDRsMH,"EvrdxDaj St, yPnlAPmEYI, HYD 792710",105770.23,21-07-2010,05-03-1981,43,Other,2,11253.977,24962.80367,15687.96404,126299.0466,Medical,Married,13,22,Marketing,Regional Marketing Manager
3307,hoEQvUog,"vQNLrRkh St, kwelHCVRRU, DEL 360183",148474.46,08-05-1993,04-05-1964,60,Other,1,8297.554,35041.41757,22021.90531,169791.5263,Life,Widowed,31,39,Finance,National Account Head
3308,imMcsZHw,"PvbxcmIU St, ZbRMfMyieW, HYD 986398",66297.85,10-10-2023,12-09-1996,27,Female,0,7079.215,15646.93783,9833.37454,79190.62829,Medical,Single,0,6,Sales,Sales Representative
3309,enNqXxTL,"cJxSXFOM St, XpUeRNUfKu, KOL 626819",99133.54,21-08-2019,25-04-1991,33,Other,1,4855.646,23396.48024,14703.60243,112682.0638,None,Married,4,12,Finance,Regional Account Head
3310,edXOBKPA,"dlivxoxj St, cdTxZguSXQ, DEL 594371",25780.33,26-07-2024,14-05-2001,23,Male,0,5969.967,6084.408783,3823.768654,34010.93713,Medical,Single,-1,2,Sales,Sales Development Representative
3311,JsXNBHYV,"KQrzRgFH St, TViTuUNjWs, MUB 452042",43241.29,21-07-2023,20-08-2001,22,Male,0,7908.871,10205.36528,6413.598634,54941.92765,Life,Single,0,1,Human Resources,HR Representative
3312,sKWimihb,"JqAUvuBS St, sewDGtgMVU, DEL 496243",96848.77,21-03-2019,06-01-1985,39,Other,2,6669.123,22857.25229,14364.72267,112010.4226,Both,Divorced,5,18,Sales,Senior Executive
3313,oWErWZFR,"lIJwMiEE St, WNGhKvfFkC, MUB 772361",85653.07,09-06-2012,23-09-1987,36,Male,2,8249.693,20214.95813,12704.16338,101413.5578,Medical,Divorced,12,15,IT,Software Engineer III
3314,ArUFvkSq,"Evwkgbap St, zlRfIzGLIw, BLR 937764",28773.67,24-08-2022,09-09-2000,23,Male,0,6226.633,6790.866156,4267.744339,37523.42482,Life,Single,1,2,IT,Software Engineer I
3315,QomrmXJd,"ONdrNkoL St, LgcszBOgSl, AMD 443114",136516.63,15-04-2010,14-04-1977,47,Female,1,4874.337,32219.25331,20248.306,153361.9143,None,Divorced,14,26,Marketing,National Marketing Manager
3316,xaTmUkqn,"oHRNnVcq St, rYKtQjqLpz, KOL 144346",112867.91,14-04-2009,12-04-1977,47,Female,1,8385.209,26637.92523,16740.70023,131150.344,None,Married,15,26,IT,Technical Lead
3317,qTHhcvxj,"YkRPYudk St, rbGFwKdUKw, AMD 161771",49385.74,14-07-2022,19-07-1997,26,Female,4,5561.426,11655.51528,7324.950634,59277.73065,None,Married,2,5,Marketing,Marketing Associate
3318,zSmSvcqP,"lmOAnwai St, vVXOHpxNuL, BLR 147263",112760.34,01-08-2017,28-07-1971,52,Other,2,7507.966,26612.53766,16724.74532,130156.0983,None,Widowed,6,31,Finance,Account Director
3319,nVbIujIB,"XRkgYKto St, cTbEVcoJrx, DEL 698864",105878.85,23-04-2020,23-08-1991,32,Male,4,11886.115,24988.43905,15704.07469,127049.3294,Both,Married,4,11,Sales,Senior Executive
3320,iFTvoZgm,"pkRbIBsJ St, aAzerMQDBY, MUB 862602",143306.57,06-03-2011,22-08-1965,58,Other,2,10328.343,33821.74523,21255.39783,166201.2604,Medical,Widowed,13,37,Marketing,Marketing Director
3321,pHskbizG,"RWsNDgIG St, AydzlyRbJw, MUB 674362",87503.46,05-05-2005,08-06-1981,43,Other,2,5756.654,20651.66818,12978.61538,100933.1668,Both,Divorced,19,22,IT,Software Engineer III
3322,RnDqpjWr,"tLGqHQkj St, XPURxcdNrc, CHN 228851",33806.34,24-11-2022,26-12-2001,22,Male,0,9391.366,7978.625255,5014.195831,46162.13542,Medical,Single,1,1,Marketing,Marketing Intern
3323,VbkPGvQF,"sfVcUFQu St, LlWVbjJwKP, KOL 737673",145321.06,16-01-2023,01-09-1966,57,Other,4,9850.894,34297.18448,21554.18934,167914.9491,Both,Married,1,36,Finance,National Account Head
3324,TMAPkfjO,"nAYlFGBg St, lRSpsDsydf, AMD 821133",71397.04,18-08-2018,14-12-1994,29,Male,0,6288.296,16850.3963,10589.69236,83946.03995,Medical,Single,5,8,Human Resources,HR Associate
3325,HReYPRGj,"yibnFceT St, EHFnuffBOu, KOL 256892",149537.49,21-12-2019,16-05-1976,48,Male,3,8587.251,35292.30299,22179.57516,171237.4688,Medical,Married,4,27,IT,Technical Lead
3326,isTGRbUC,"lKxfjbar St, qwiHMwRBYX, KOL 995293",110826.24,24-09-2006,27-01-1968,56,Other,3,11392.376,26156.07124,16437.87735,131936.8099,None,Married,17,35,IT,IT Manager
3327,QicGGckS,"syGoOBlT St, xiLWdvnNjH, BLR 836158",137173.77,03-09-2019,05-06-1964,60,Male,4,10307.623,32374.34474,20345.77377,159509.964,Both,Married,4,39,Sales,Sales Director
3328,UYaMumrc,"hzctEtzN St, vQOnWeDNRF, MUB 342082",97552.86,20-04-2013,23-02-1985,39,Male,2,4550.714,23023.42438,14469.15413,110657.8443,Both,Married,11,18,IT,Software Engineer III
3329,RSXufndT,"pjydJyxP St, OtVrzpqkhv, HYD 447124",140143.13,06-02-2019,19-10-1974,49,Female,2,10618.687,33075.1426,20786.19271,163050.7669,Medical,Widowed,5,28,IT,Technical Lead
3330,BgfdFYAp,"jevGjtvC St, IiaFBLtRjt, KOL 542789",65917.2,28-11-2019,14-10-1996,27,Female,0,10237.28,15557.10073,9776.916088,81934.66464,Life,Single,4,6,Human Resources,HR Associate
3331,ChUsQrFX,"lyOYhkjR St, OVFkpKOmTj, MUB 752832",145985.13,10-03-2009,12-01-1971,53,Male,3,4891.487,34453.91146,21652.68498,163677.8435,Medical,Divorced,15,32,Human Resources,HR Director
3332,pavbtfFx,"BIvsfiMD St, qlKVhehYEP, AMD 356503",142151.72,18-12-2003,11-03-1974,50,Male,4,10414.828,33549.18939,21084.10913,165031.6283,Medical,Married,20,29,Human Resources,HR Director
3333,WCplebFE,"hTPoecFq St, LnVBrpRXSw, BLR 831424",126575.56,14-09-2018,06-08-1973,50,Other,1,5948.444,29873.06404,18773.83488,143623.2332,Life,Widowed,5,29,Marketing,National Marketing Manager
3334,PnKrUbwf,"MOCQatre St, ssrHzLzwKT, BLR 868394",53049.97,11-04-2020,27-01-1999,25,Female,0,7346.003,12520.30922,7868.433507,65047.84871,None,Single,4,4,Sales,Sales Representative
3335,ZIfkztrT,"ilgRAhaa St, ZgzBdhfZOf, CHN 946960",46768.73,26-03-2018,07-11-1996,27,Male,0,7674.127,11037.87545,6936.792654,58543.9398,Medical,Single,6,6,Sales,Sales Representative
3336,HQVejtsi,"fcgWPDGI St, cEpTzSoESO, AMD 329820",121065.03,15-09-2015,07-03-1972,52,Other,1,6505.497,28572.52533,17956.50664,138186.5457,Both,Married,8,31,IT,IT Manager
3337,ZTaGzuLw,"ysmXxPFA St, OqgxNNWWjS, MUB 573694",114271.03,05-05-2014,23-11-1965,58,Female,4,10710.897,26969.07521,16948.81262,135002.1896,Both,Married,10,37,Human Resources,HR Director
3338,aakgApyK,"fkgkAgCi St, hDZmBNHLKw, KOL 983619",125526.87,23-08-2012,12-04-1970,54,Other,2,9264.313,29625.56299,18618.29196,145798.454,Both,Widowed,11,33,IT,IT Manager
3339,cNtoaoSc,"bxcCkbbD St, CClGivQhFX, CHN 488429",72331.49,28-04-2024,15-07-1994,30,Female,0,9509.851,17070.9356,10728.29107,88183.98552,None,Single,0,9,Finance,Account Executive
3340,wWNRgmVt,"kvBGzuGx St, OBoanhegeH, HYD 201779",57424.04,11-03-2019,04-07-1998,26,Male,4,5183.596,13552.63231,8517.200677,67643.06763,None,Married,5,5,Human Resources,HR Associate
3341,ewKdcjCp,"SHsIEykf St, QcaEcCvxsV, DEL 608415",141338.1,13-03-2008,18-02-1975,49,Other,2,10412.19,33357.16715,20963.43206,164144.0251,None,Married,16,28,Marketing,Marketing Director
3342,LYLtLNgW,"EoQMsaLN St, cEcxLKnhnw, PUN 726546",106808.6,04-12-2011,11-07-1986,38,Female,4,12404.14,25207.8691,15841.97629,128578.6328,Medical,Married,12,17,Sales,Senior Executive
3343,wrwtNCyo,"JORuSBON St, ZvEgNauczH, KOL 932818",45946.57,20-06-2021,22-07-1994,29,Other,2,6870.343,10843.83769,6814.848923,56845.90177,None,Married,3,8,Sales,Sales Representative
3344,rsuaLmun,"vPXLawsE St, hrNuPQereZ, CHN 459197",106449.09,28-02-2009,06-09-1978,45,Other,,11571.091,25123.02124,15788.65335,127354.5489,None,,15,24,Sales,Senior Executive
3345,pzIsWAEY,"KuDOgdWM St, PvqEtIYVTz, BLR 624300",107664.08,12-09-2018,21-06-1986,38,Female,3,11177.592,25409.77071,15968.86208,128282.5806,Both,Married,5,17,Human Resources,ERP Head
3346,GjqMejHQ,"xHtvmliD St, KTotJcsoZG, CHN 262629",96912.65,21-01-2019,01-07-1987,37,Male,4,6239.735,22872.32859,14374.19743,111650.5162,Life,Married,5,16,Sales,Regional Sales Manager
3347,uIgXZygQ,"cQumfDvV St, LDJbTCWpDp, KOL 126855",103746.22,27-07-2018,05-05-1988,36,Male,1,8206.378,24485.11762,15387.76051,121049.9551,Medical,Married,5,15,Marketing,Senior Marketing Executive
3348,fPlBGemB,"MUFIrZnz St, tQQlVBrldy, DEL 738004",108355.63,01-10-2006,25-04-1985,39,Male,4,10930.437,25572.98324,16071.43359,128787.6166,Life,Married,17,18,Marketing,Senior Marketing Executive
3349,sfgEizUn,"sSPlTpji St, SHxIOHAsCl, CHN 774516",53686.65,16-07-2019,26-12-1997,26,Female,2,6807.335,12670.5719,7962.866628,65201.69027,Medical,Married,5,5,IT,QA Engineer II
3350,aFEhxmFh,"tkWFqbxC St, gOUOeddndd, PUN 626536",63026.45,11-01-2021,17-10-1995,28,Female,0,6745.355,14874.8556,9348.156672,75298.50392,Both,Single,3,7,Human Resources,HR Associate
3351,LzECwWnp,"axEBYiNr St, wNPycDNnio, AMD 150750",144733.13,20-03-2001,06-02-1971,53,Female,3,8420.687,34158.42727,21466.98687,165845.2574,Medical,Divorced,23,32,Finance,National Account Head
3352,lQimssKH,"eQjhTlrc St, FqbXOyFKlD, DEL 256494",143442.44,21-04-2017,15-03-1972,52,Female,2,9260.756,33853.81187,21275.55022,165281.4576,Life,Widowed,7,31,Sales,National Sales Manager
3353,FonqPqax,"tEbOScMC St, nFTLCLFibj, BLR 649282",85237.56,05-02-2011,09-10-1987,36,Male,3,7273.244,20116.89372,12642.53445,99985.16328,None,Married,13,15,Sales,Regional Sales Manager
3354,FFYMmEcJ,"yQBBfrGq St, wyfMWYKZFU, KOL 818710",85976.11,04-06-2021,05-03-1990,34,Female,2,9143.389,20291.19871,12752.07705,102658.6207,Both,Married,3,13,Human Resources,Senior HR
3355,QxfRsBqD,"hlwWnPch St, sHlysfdqZI, PUN 146239",103178.61,22-12-2016,15-02-1991,33,Female,4,9448.139,24351.15613,15303.57194,121674.3332,Medical,Married,7,12,Finance,Regional Account Head
3356,CDGAXRvr,"oAfVpwgt St, fayLbsBNLL, MUB 808384",127568.21,16-11-1987,12-10-1965,58,Other,2,6259.179,30107.3391,18921.06589,145013.6622,Medical,Widowed,36,37,Marketing,Marketing Director
3357,LtWxEjun,"NexTEGbn St, KmqLzNivMq, CHN 803162",60279.95,05-05-2016,13-09-1995,28,Other,3,9667.005,14226.65487,8940.792584,75232.81728,Life,Married,8,7,Human Resources,HR Associate
3358,nNqQRpmN,"jQvLogJW St, BkLQxMoCPC, MUB 185643",19399.71,19-02-2023,15-08-2000,23,Other,0,7254.029,4578.520365,2877.387644,28354.87172,Both,Single,1,2,Finance,Account Representative
3359,ZVxwMTEh,"gbyvyLay St, wCSQaFwJSt, AMD 394658",141076.21,07-09-1995,04-01-1969,55,Female,2,4847.379,33295.35856,20924.58823,158294.3593,Both,Widowed,28,34,Marketing,National Marketing Manager
3360,ANloKFrL,"EKKvTAvv St, rccHmBvDff, DEL 842586",85043.55,10-02-2016,06-02-1980,44,Other,3,8805.645,20071.10547,12613.75866,101306.5418,Life,Married,8,23,IT,QA Lead
3361,PGbECTGs,"kxhUBnbZ St, BtcOLpOAUb, KOL 780135",25696.43,01-11-2023,07-01-2002,22,Other,0,6553.357,6064.607567,3811.324508,34503.07006,Medical,Single,0,1,Marketing,Marketing Intern
3362,nDPFxzlI,"sqomLDyd St, JEVFoKfwDp, KOL 917134",16478.93,03-05-2023,25-06-2002,22,Female,0,7317.107,3889.187859,2444.174143,25241.05072,Life,Single,1,1,IT,Software Engineer I
3363,XgHSjMNO,"xeJAkhoA St, BfpfTbQEXe, DEL 262158",87808.13,23-09-2014,09-05-1992,32,Male,4,7500.187,20723.57326,13023.80439,103008.0859,Both,Married,9,11,Human Resources,ERP Head
3364,uisFYemK,"IhfWYEZQ St, EcNpGxHNmt, MUB 898251",82918.33,16-10-2016,04-12-1983,40,Female,1,7977.167,19569.53287,12298.54354,98166.48633,None,Married,7,19,IT,Software Engineer III
3365,PHzQqKVU,"uQBIPjKt St, srUgLAVjFS, MUB 895925",46395.8,17-02-2020,02-10-1998,25,Male,0,7760.42,10949.86034,6881.479241,58224.6011,Both,Single,4,4,Human Resources,HR Associate
3366,LhZiKDKt,"DDEayasZ St, fyiHvFHxfL, HYD 195899",96638.7,16-03-2006,03-01-1985,39,Male,3,7718.13,22807.67372,14333.56485,112830.9389,None,Married,18,18,Human Resources,Senior HR
3367,azxTPAUl,"LUwBnDgc St, GaoOhraXYK, KOL 784755",103089.75,06-08-2016,03-12-1989,34,Male,2,8586.025,24330.18431,15290.39212,120715.5672,Medical,Married,7,13,IT,Software Engineer III
3368,rAfwmBam,"QiZPbzFu St, HbGAcJOmdy, KOL 130809",72614.57,11-02-2019,25-03-1994,30,Male,0,6423.543,17137.74523,10770.27783,85405.5804,Medical,Single,5,9,Finance,Account Executive
3369,BkZeefQB,"nhOPsCwC St, NOlHSpaQvQ, PUN 670486",108817.73,27-01-2021,06-10-1981,42,Male,4,9587.227,25682.04333,16139.9728,127947.0275,Both,Married,3,21,Human Resources,Senior HR
3370,NAEyTLKZ,"KxZJpkNF St, HfBGWKxXpi, AMD 846333",36258.41,05-12-2022,19-12-1999,24,Male,0,6987.159,8557.33764,5377.889717,46425.01692,None,Single,1,3,IT,Software Engineer I
3371,WWHVLuKk,"ctZhzIql St, ngPdBtvuJu, DEL 626662",56113.86,03-01-2023,01-10-1998,25,Other,0,6045.614,13243.41708,8322.87325,67080.01783,None,Single,1,4,Sales,Sales Executive
3372,DHFSvidv,"kYlJQPaz St, DxABxHFvVd, CHN 830643",92305.74,05-01-2021,02-02-1982,42,Male,3,8412.426,21785.05299,13690.89516,108812.3238,Medical,Married,3,21,Sales,Regional Sales Manager
3373,InpGxaDS,"KQKCswyC St, pPLiMrTQfI, PUN 652303",119762.2,01-12-2008,02-09-1974,49,Other,1,8569.78,28265.04477,17763.26937,138833.7554,Both,Married,15,28,Finance,Account Director
3374,JCOgbQtP,"EvpjVZQo St, TYjxBrXIps, AMD 244635",81992.07,13-01-2012,08-12-1988,35,Male,2,7021.793,19350.9265,12161.15958,96203.62992,Medical,Married,12,14,Human Resources,ERP Head
3375,ehdzULcp,"fGqevkTu St, ZbwigYljjk, DEL 120808",132740.21,06-10-2002,22-04-1977,47,Female,4,9503.979,31327.98144,19688.18297,153883.9875,Life,Married,21,26,Finance,Account Director
3376,TZlTgAWs,"ZjIeVJmr St, DfQZWqurZh, AMD 543727",48461.13,13-05-2014,16-11-1993,30,Other,4,5908.887,11437.29832,7187.811399,58619.50392,None,Married,10,9,Sales,Sales Representative
3377,GmCtVEOa,"xNkoRtuc St, HIiZXBJpQk, HYD 387103",75808.62,05-06-2012,02-12-1991,32,Other,2,9146.138,17891.57212,11244.02305,91602.30706,Life,Married,12,11,IT,QA Lead
3378,BqfXljMS,"WKIgfGOR St, ixgECdIUSU, KOL 769975",93213.65,03-11-2001,24-08-1978,45,Female,,4525.635,21999.32859,13825.55743,105913.0562,Medical,,22,24,Finance,Regional Account Head
3379,llTTEpXk,"RnhEnbCr St, JsfvDoTmcM, BLR 212691",142068.36,26-01-1988,14-02-1964,60,Other,1,6457.164,33529.51562,21071.74507,160983.2945,Both,Divorced,36,39,Marketing,Marketing Director
3380,NZkMwWft,"FUGpmyra St, xzWSDPQTAq, DEL 685465",119847.78,22-01-1996,11-09-1966,57,Female,1,8558.222,28285.24248,17775.9627,138915.2818,Medical,Divorced,28,36,Human Resources,Recruitment Manager
3381,XwlMEwuj,"LLHWkqVI St, JAOVgIOKsg, AMD 948393",84478.11,03-12-2015,04-02-1988,36,Male,3,7613.189,19937.65613,12529.89194,99499.0632,Medical,Married,8,15,Human Resources,Senior HR
3382,IqGJBrJs,"edtJQECM St, xDEBZcNAJC, CHN 491074",39169.59,26-07-2022,15-04-2000,24,Male,2,8944.041,9244.404453,5809.679334,51548.35612,Life,Married,1,3,Human Resources,HR Intern
3383,bziiQoun,"ughsDMrw St, nTEfEVxIVl, PUN 450065",141688.38,20-05-2011,16-09-1966,57,Other,1,7470.162,33439.83664,21015.386,161582.9926,None,Married,13,36,Marketing,Marketing Director
3384,lfjppdSh,"WGjiUhSj St, LrPAvzIpzx, CHN 785052",131288.62,06-04-2018,21-05-1976,48,Male,3,11675.138,30985.39207,19472.88145,154476.2686,Life,Married,6,27,Human Resources,Recruitment Manager
3385,yMIDamKJ,"OQpAIqpZ St, seGSjhmGdb, PUN 430276",29608.92,26-05-2023,13-09-2002,21,Male,0,6524.108,6987.993285,4391.629594,38729.39169,Medical,Single,1,0,IT,QA Engineer I
3386,NdYNzvFu,"BeIWEjmO St, asrLCCqCVl, PUN 368766",38680.07,01-08-2023,28-07-2002,21,Female,0,6577.993,9128.872968,5737.073156,48649.86281,Medical,Single,0,0,Marketing,Marketing Development Representative
3387,vzQTnyhg,"XWdSqUwY St, blatUFInFM, HYD 309521",75184.88,07-07-2011,27-02-1980,44,Female,4,9445.512,17744.36341,11151.50921,91223.2462,Medical,Married,13,23,Sales,Regional Sales Manager
3388,kNLWKXZK,"UPfQxtPA St, olnfGBpCCT, DEL 758198",80135.24,17-03-2021,25-07-1983,40,Other,1,7731.476,18912.69655,11885.75239,94893.66016,None,Married,3,19,Finance,Senior Account Executive
3389,EJrOUkoO,"jnpdcjXg St, OrcOptijzF, CHN 465915",49954.79,10-01-2022,10-10-1996,27,Female,0,5560.521,11789.81662,7409.352794,59895.77482,Medical,Single,2,6,Sales,Sales Representative
3390,Ziwdhifw,"rrUrXVmO St, imUxJJyZQY, AMD 797311",147463.8,24-12-2004,03-01-1974,50,Female,3,4562.62,34802.89197,21872.00304,164957.3089,Life,Married,19,29,Finance,Account Director
3391,jwfpjXBk,"FdrVYQSJ St, SELrbXUbKj, AMD 523647",119532.33,13-01-2010,15-08-1969,54,Male,1,12338.767,28210.79321,17729.17479,142352.7154,Life,Married,14,33,Finance,National Account Head
3392,hDFLyENT,"oTVYuaRq St, MEZZxDNPyU, BLR 746657",126077.67,05-12-2019,10-11-1969,54,Other,4,6741.233,29755.55715,18699.98726,143874.4729,None,Married,4,33,Sales,National Sales Manager
3393,zmajkMnu,"IUExLKAx St, zaHxYfoZLA, PUN 151578",88644.91,20-03-2006,25-08-1979,44,Other,2,5671.509,20921.06148,13147.91658,102089.5639,Both,Married,18,23,Sales,Senior Executive
3394,rWAFIHBN,"SYJrMXWY St, uLrIQCSmgG, DEL 595500",62779.37,12-01-2017,05-01-1996,28,Other,2,9562.063,14816.54231,9311.509477,77846.46583,Life,Married,7,7,Human Resources,HR Executive
3395,dUVrRMzM,"ZwHLwcOW St, WgVjHJiSzx, AMD 776838",69142.18,09-09-2020,17-07-1998,26,Male,0,6451.782,16318.2274,10255.24889,81656.94051,None,Single,3,5,Marketing,Marketing Associate
3396,HNHwkZzb,"EQSIAnhS St, hbQTiJZuus, HYD 152189",115227.87,11-08-2013,20-07-1969,54,Female,1,6702.213,27194.89876,17090.73225,132034.2495,Both,Divorced,10,33,IT,IT Manager
3397,yoNloVQx,"NuiYRhdc St, BZJMJErcxk, CHN 136505",23348.57,14-11-2023,08-09-1999,24,Other,2,6268.143,5510.489757,3463.087171,31664.11559,Both,Married,0,3,IT,QA Engineer I
3398,NygGJlzR,"PfskhlVy St, BdWQXpiFIr, DEL 175322",125612.23,01-11-2017,23-11-1969,54,Male,3,7440.777,29645.70878,18630.95265,144067.7631,Both,Divorced,6,33,Human Resources,Recruitment Manager
3399,zkotLcZH,"aOgTzhAE St, naUYIxQcbS, KOL 380152",104963.79,14-10-2013,03-12-1980,43,Male,4,8888.621,24772.47599,15568.35192,123056.5351,Both,Married,10,22,Marketing,Regional Marketing Manager
3400,TWWhwmzQ,"HmsIrUGA St, NYYUqasHfk, CHN 925013",45424.23,13-06-2024,07-05-1996,28,Other,0,7642.577,10720.56036,6737.374844,57049.99252,Both,Single,0,7,Finance,Account Executive
3401,BKQJzYSU,"FVhfwuEV St, UXECYbcLHC, HYD 845600",80218.35,23-12-2015,22-02-1979,45,Male,,8484.165,18932.31131,11898.07936,95736.74696,Both,,8,24,Human Resources,ERP Head
3402,SFLEZokz,"THylegCd St, lGpzxOukKa, MUB 281898",92359.24,17-01-2012,01-01-1987,37,Male,1,4260.076,21797.67951,13698.83034,104718.1652,Life,Divorced,12,16,Marketing,Regional Marketing Manager
3403,vjodMrsZ,"gRysdHEm St, KDkbmGKaqm, HYD 410382",135303.27,09-02-2004,20-10-1969,54,Female,1,10356.673,31932.88854,20068.33902,157524.4925,Life,Widowed,20,33,IT,IT Manager
3404,ccTMVOwW,"LTvhmAii St, KolzPZgPaM, KOL 437210",83317.63,07-04-2011,15-02-1985,39,Male,4,8952.237,19663.77156,12357.76819,99575.87037,Life,Married,13,18,Human Resources,Senior HR
3405,KYklDTYt,"dUWSyWeg St, gkLoTDOSAU, PUN 883356",62350.18,09-02-2018,15-07-1997,27,Other,0,7429.982,14715.24929,9247.851515,75247.55978,Life,Single,6,6,Human Resources,HR Associate
3406,BwZYIqdr,"oKFPibHC St, qiROoqFsIU, PUN 437903",74924.84,21-07-2024,12-03-1999,25,Female,3,8846.516,17682.99144,11112.93977,90341.40766,Medical,Married,-1,4,Human Resources,HR Associate
3407,oRdsqScj,"hkVIbltB St, xUjbwKNLwu, MUB 253338",80928.19,01-08-2014,26-06-1992,32,Other,1,8382.181,19099.84046,12003.36366,96406.84781,Both,Married,9,11,Marketing,Senior Marketing Executive
3408,oNxRXLjY,"ieolAcYM St, XgpvzzdvrI, BLR 552459",106513.81,09-03-2022,07-10-1987,36,Female,2,9512.619,25138.29579,15798.25269,125366.4721,Medical,Married,2,15,IT,Software Engineer III
3409,jwptmMJP,"MgmiqrHl St, KqxFTjVBVd, HYD 572879",109515.55,28-04-2018,08-07-1981,43,Other,3,9877.445,25846.73564,16243.47428,128996.2564,Medical,Married,6,22,Finance,Regional Account Head
3410,ZZfVYCnL,"VfZOYMiZ St, bVZymmgtPR, DEL 177113",49570.67,12-11-2022,11-02-1997,27,Female,4,7931.933,11699.16056,7352.379667,61849.38389,None,Married,1,6,Sales,Sales Executive
3411,xbvOtMAy,"vgTlnBXt St, ZXRlIeyDRA, AMD 506919",105141.5,02-08-2023,25-09-1977,46,Female,4,13485.85,24814.41727,15594.71007,127847.0572,Medical,Married,0,25,Marketing,Senior Marketing Executive
3412,OvMJaLrv,"XIyKeqRr St, wiQPnsDNBk, HYD 169419",88502.63,07-07-2009,02-07-1979,45,Male,,9037.737,20887.48202,13126.81344,105301.0356,Life,,15,24,Marketing,Regional Marketing Manager
3413,FGKmdbMC,"jvUhFCHj St, marzZMqPBV, DEL 753429",92609.64,09-12-2018,21-10-1987,36,Female,1,5144.036,21856.77635,13735.96996,105874.4824,Life,Married,5,15,Marketing,Senior Marketing Executive
3414,BLcNZWPX,"SfXvOumC St, JsJTRbSNiI, KOL 849196",41686.86,09-08-2023,22-08-2002,21,Male,0,8550.314,9838.504672,6183.043761,53892.63491,Medical,Single,0,0,Sales,Business Development Representative
3415,ypZkCxVY,"ddESCjgX St, alOmyydpSa, PUN 883900",86056.63,26-09-2010,01-08-1989,34,Female,4,7689.337,20310.20221,12764.01987,101292.1493,Both,Married,13,13,IT,QA Lead
3416,JrVfuMfi,"gJyAccmb St, rNQtbVfKiw, AMD 952196",58823.71,13-12-2019,12-05-1995,29,Other,4,4997.629,13882.96805,8724.801366,68979.50569,Both,Married,4,8,Human Resources,HR Associate
3417,gvNlSwpT,"qIINzbBg St, rzRcOKDWMf, BLR 366943",78035.06,09-07-2022,21-06-1991,33,Female,3,8420.494,18417.03363,11574.25124,93298.33639,Medical,Divorced,2,12,Sales,Regional Sales Manager
3418,DLlxMKyS,"OlPHUExr St, sssgZkHdGI, PUN 337444",86998.47,10-05-2024,24-02-1987,37,Female,4,6809.153,20532.48562,12903.71467,101436.3939,Life,Married,0,16,IT,QA Lead
3419,QQLsacar,"BddPVINv St, zMgERtramY, BLR 370594",138838.24,20-12-2021,27-05-1973,51,Male,2,10068.176,32767.17586,20592.6499,161080.942,Medical,Widowed,2,30,Sales,Sales Director
3420,UmWwcCqo,"tYFbgpBs St, SpTcAXPFYi, KOL 567037",101038.92,10-12-2022,08-07-1988,36,Female,2,14076.108,23846.16847,14986.21062,123974.9859,None,Married,1,15,Human Resources,ERP Head
3421,vMIaweix,"BYlwuaRW St, lTlXIdtaVB, PUN 475395",93522.14,15-05-2010,13-01-1981,43,Male,2,5814.786,22072.13523,13871.31303,107537.7482,Both,Married,14,22,Sales,Regional Sales Manager
3422,WVeCEFgR,"czIgiGBZ St, jERRdgQfYZ, PUN 846268",149742.3,27-09-2000,20-05-1969,55,Other,2,7198.77,35340.64015,22209.95282,170071.7573,None,Widowed,23,34,Human Resources,HR Director
3423,dXZBXbTx,"uuHSLazM St, TGDjeKMFnR, DEL 912647",121978.28,21-10-1999,20-12-1971,52,Male,1,12326.172,28788.06122,18091.96095,145000.5523,Both,Married,24,31,Sales,National Sales Manager
3424,RTRxSzDY,"aOPOMCOQ St, KDXcWpyhpC, MUB 684195",78068.95,21-01-2006,14-03-1981,43,Male,1,6441.105,18425.032,11579.27784,91355.80916,None,Married,18,22,Finance,Regional Account Head
3425,Makjlvka,"JRUHNnrH St, rarFYSxQac, DEL 831168",137110.51,13-07-1997,10-10-1975,48,Male,1,6161.949,32359.41477,20336.39097,155295.4828,Life,Married,27,27,Finance,Account Director
3426,ERdpFmbf,"mLpfNaSC St, vjropqvSct, DEL 877715",96052.26,14-03-2009,11-07-1985,39,Other,4,3829.774,22669.26818,14246.58338,108304.7188,None,Married,15,18,Finance,Senior Account Executive
3427,zGHJgSTC,"NDEHRCPY St, NqjQlGMmDv, CHN 904015",124326.96,22-01-2005,25-04-1965,59,Other,3,11477.304,29342.37255,18440.31991,146706.3166,Medical,Married,19,38,IT,IT Manager
3428,pmCREKsZ,"HqMjjsRD St, OvpMYxnIxp, PUN 668980",96976.89,04-11-2017,17-07-1986,38,Male,2,6536.311,22887.48985,14383.72558,112016.9653,Medical,Divorced,6,17,Finance,Regional Account Head
3429,QJYtDbax,"vdXnZqLo St, izPkRoqhdG, PUN 174940",28133.85,12-10-2024,23-03-2002,22,Male,0,5099.615,6639.862409,4172.845489,35700.48192,Life,Single,-1,1,Sales,Sales Development Representative
3430,vVXhEIEv,"lrKZRVsC St, NSRRuGKOJI, HYD 954383",47788.05,13-08-2024,19-03-1999,25,Male,1,7238.195,11278.44489,7087.979387,59216.7105,None,Married,-1,4,Finance,Account Associate
3431,bdtdTprr,"hIlxNVqJ St, rwslmXQDYq, AMD 902368",88119.22,13-06-2021,13-10-1990,33,Male,3,5734.078,20796.99353,13069.94562,101580.3459,None,Divorced,3,12,Marketing,Senior Marketing Executive
3432,PgxOXUKB,"JocXHLgf St, XLYkzfTNly, HYD 237765",88254.37,16-03-2013,28-12-1987,36,Other,3,5849.563,20828.89024,13089.99123,101842.832,None,Divorced,11,15,Sales,Senior Executive
3433,yaxnqegj,"EqqHxPKS St, cOXbEDnEtF, KOL 839357",100954.55,28-03-2019,21-08-1987,36,Other,1,8015.545,23826.25633,14973.69676,117822.6546,Both,Married,5,15,Marketing,Regional Marketing Manager
3434,EcldCILx,"HhddUcmU St, zRkjFjGhIz, AMD 577544",130685.77,06-09-1995,13-03-1964,60,Female,1,7603.423,30843.1136,19383.46603,149748.8406,Medical,Married,28,39,IT,IT Manager
3435,apQaRgan,"gEXbqnbc St, pGPjDZxutP, DEL 234903",104091.21,23-02-2008,06-07-1981,43,Other,2,12744.879,24566.53861,15438.92983,125963.6978,None,Married,16,22,Human Resources,ERP Head
3436,GyXvYcFX,"TytbdDSw St, FmrLUJspth, HYD 540724",148166.34,22-10-1991,03-02-1969,55,Other,2,9046.366,34968.69825,21976.20459,170205.1997,Medical,Married,32,34,Sales,National Sales Manager
3437,MPwpBSPW,"hBgdeVcT St, XUCQWsClCE, HYD 735498",116914.78,06-07-2015,19-12-1965,58,Female,2,7363.522,27593.02594,17340.93671,134530.3912,Medical,Married,9,37,Human Resources,HR Director
3438,jWYaMhdB,"brsgFbDz St, ThFVOzbqEa, BLR 868069",113335.77,26-10-1995,12-02-1969,55,Male,1,8761.423,26748.34474,16810.09377,132035.444,Both,Widowed,28,34,Finance,Account Director
3439,FpDcSuiE,"KlLMnNlT St, yOLSMWWXvC, DEL 467320",93290.27,23-07-2008,12-04-1984,40,Other,1,8386.973,22017.41165,13836.9218,109857.7329,Both,Divorced,15,19,Human Resources,Senior HR
3440,mKOhzLUq,"rDdzQZxv St, tfipufOYle, BLR 769651",142266.75,05-12-2011,26-01-1970,54,Other,2,10248.325,33576.33759,21101.17051,164990.2421,None,Widowed,12,33,Human Resources,Recruitment Manager
3441,MiwXKJhU,"ETmQTGTl St, RjlxzUDest, KOL 458232",65312.03,16-08-2023,16-02-1998,26,Female,3,9433.797,15414.27472,9687.156566,80472.94515,Life,Married,0,5,Finance,Account Executive
3442,SzIXUnbK,"xZxvsBja St, ADUWFjklLB, PUN 393656",71958.44,26-11-2023,10-01-1994,30,Female,2,6220.156,16982.89217,10672.95986,84488.52831,Both,Married,0,9,Marketing,Marketing Associate
3443,bQJGzLJN,"ZvwrRUst St, IVDndZPzNu, MUB 963426",136772.95,15-12-1997,07-11-1973,50,Other,2,10513.705,32279.74732,20286.32368,159280.0786,Both,Married,26,29,Human Resources,HR Director
3444,HkQYHXEH,"PkOjSzdl St, KNPsBKKzMt, DEL 841556",87416.6,09-10-2020,07-04-1988,36,Male,2,5218.34,20631.16837,12965.7322,100300.3762,Both,Married,3,15,Human Resources,Senior HR
3445,VIiEgXZt,"cSYxJfEE St, nhaBgAxiGt, AMD 499800",138079.75,08-03-2013,03-10-1975,48,Male,1,9610.025,32588.16484,20480.14978,159797.7901,Life,Divorced,11,27,Finance,Account Director
3446,KiYHTuCI,"TxINvsjM St, WmhcBYuKqd, PUN 343143",149468.26,05-01-2022,25-01-1971,53,Other,1,6156.174,35275.96404,22169.30688,168731.0912,Both,Widowed,2,32,Finance,National Account Head
3447,PKJeyEwR,"xSEAuzfF St, SfnaMidzWe, CHN 824900",83577.9,09-11-2013,16-12-1980,43,Female,3,9450.21,19725.19781,12396.37174,100356.9361,Medical,Married,10,22,IT,QA Lead
3448,vfMwVLqo,"JkfZnNYr St, VygKvZwQVf, PUN 223260",120591.27,07-03-2009,23-11-1975,48,Other,4,10080.873,28460.71336,17886.238,141246.6184,Life,Married,15,27,IT,IT Manager
3449,kSZAnbfG,"LwaUZEjg St, UcvVdQPjnX, HYD 919544",125547.39,05-05-2016,02-11-1975,48,Male,3,10557.261,29630.40591,18621.33551,147113.7214,Life,Married,8,27,IT,Technical Lead
3450,arqsazdx,"hnYUhgWS St, XedgLsRdmS, KOL 865198",92251.51,15-03-2018,07-09-1989,34,Female,1,8464.849,21772.25418,13682.8517,108805.7615,Life,Married,6,13,Sales,Senior Executive
3451,UmuHtJvB,"IfdMgwYG St, KwdQJRuqhB, DEL 485796",20360.87,28-09-2024,02-07-2002,22,Other,0,6790.913,4805.363479,3019.948018,28937.19846,Both,Single,-1,1,Finance,Accounts Intern
3452,UIGejXfT,"EQaZqlRL St, sZpthdLInf, AMD 875148",94725.08,23-02-2016,01-04-1992,32,Female,3,7390.492,22356.04078,14049.73449,110421.8783,None,Divorced,8,11,Sales,Regional Sales Manager
3453,UxxcYXMS,"PdhcmynD St, yjcAwfyflL, BLR 728242",105501.27,06-06-2020,22-03-1992,32,Other,2,10824.873,24899.3265,15648.07158,125577.3979,Both,Divorced,4,11,IT,QA Lead
3454,qpLrZENf,"VEaygBTo St, pCxfKSCPYG, BLR 874348",85540.65,27-09-2021,09-03-1988,36,Other,1,5981.935,20188.42591,12687.48911,99023.5218,None,Married,2,15,IT,Software Engineer III
3455,cwFyaysU,"vDhMXdey St, SKOTtafbpI, DEL 322227",93252.44,20-07-2010,18-01-1979,45,Other,,6102.756,22008.48341,13831.31081,107532.3686,Life,,13,24,IT,QA Lead
3456,jWUyGAnf,"vLcuphyU St, dOnVlRlKIC, CHN 752275",113672.19,18-12-2006,02-12-1975,48,Other,1,9594.781,26827.74314,16859.99198,133234.7222,None,Married,17,27,Marketing,Marketing Director
3457,aekWAEAx,"kaouEZTF St, lVKsZpIebl, KOL 269961",113748.64,28-12-2010,07-04-1967,57,Female,2,9149.136,26845.78608,16871.33113,132872.231,Medical,Married,13,36,Marketing,Marketing Director
3458,nKjFlFMT,"vqVkOijQ St, qVDekvadYQ, DEL 733428",21618.75,28-06-2023,24-09-2000,23,Female,0,6178.125,5102.235401,3206.518248,29692.59215,Medical,Single,1,2,Finance,Accounts Intern
3459,NilelbPy,"RBiDjGGO St, viNItPgZwS, MUB 333578",50145.62,13-06-2022,22-01-1998,26,Other,0,6869.438,11834.85436,7437.656923,61412.25543,None,Single,2,5,Human Resources,HR Associate
3460,pKUqBxRM,"UxYekzUM St, WWQGSYaNSo, AMD 730909",94359.41,02-05-2023,01-05-1990,34,Female,3,5294.059,22269.7391,13995.49789,107927.7102,None,Divorced,1,13,Finance,Regional Account Head
3461,XFQbhqjs,"YgzFFwWI St, cAOOIAOWTa, DEL 306295",108512.48,02-04-2018,11-10-1981,42,Other,2,12053.752,25610.00136,16094.69776,130081.5356,Both,Divorced,6,21,Human Resources,Senior HR
3462,cPCjOcxI,"HioDmmdk St, GVIkgPoSfi, MUB 810198",79352.84,21-10-2005,16-08-1979,44,Female,3,7080.716,18728.04253,11769.7059,93391.89263,Medical,Divorced,18,23,Finance,Senior Account Executive
3463,tzICSlBQ,"VgVJbrBC St, JOoleaPQpr, MUB 489763",21114.57,07-12-2022,25-03-2000,24,Female,0,4913.543,4983.244015,3131.737682,27879.61933,Life,Single,1,3,Marketing,Marketing Intern
3464,ODsKBtBN,"KvImvqOe St, ktcSXMGacn, MUB 218283",78719.94,25-09-2023,22-01-1990,34,Female,3,7301.006,18578.67197,11675.83344,92923.78453,None,Married,0,13,Sales,Senior Executive
3465,eMnWKHmz,"OacOmjzg St, QiblvzWxrK, AMD 728431",101044.78,01-03-2000,13-01-1978,46,Other,3,12248.522,23847.55148,14987.07978,122153.7737,Life,Married,24,25,Human Resources,Senior HR
3466,dKqlxwvk,"kyukKOrb St, TohWWQlJKr, PUN 939660",117648.82,28-02-2018,01-11-1974,49,Female,2,8006.118,27766.26652,17449.81038,135971.3941,Both,Widowed,6,28,Sales,Sales Director
3467,FwEqXBMA,"CIreLMrx St, RTdtUaXmaR, PUN 180812",65911.36,25-03-2020,04-04-1996,28,Other,4,6508.864,15555.72243,9776.049892,78199.89654,Both,Married,4,7,Human Resources,HR Executive
3468,VgocTKQg,"ZygiMumJ St, yRZPeiPbsE, BLR 277095",87008.76,17-09-2010,14-03-1988,36,Female,2,5968.124,20534.91416,12905.2409,100606.5573,None,Married,13,15,IT,Software Engineer III
3469,aQHZbkmR,"cjGxljnr St, RraWQqoMWk, DEL 357711",109247.72,27-01-2014,12-12-1980,43,Male,1,13687.228,25783.52516,16203.74942,132514.7237,Life,Married,10,22,Sales,Regional Sales Manager
3470,SVenHzRT,"gfFUdQKP St, nKHDcirxwl, PUN 183530",90113.47,09-11-2020,19-05-1988,36,Other,2,5906.653,21267.65594,13365.73511,103922.0438,Life,Married,3,15,IT,QA Lead
3471,dlJfkJoG,"uYsAGdGt St, FxCUQYZVXZ, DEL 260824",121915.31,18-02-2010,13-12-1969,54,Other,1,11585.469,28773.19968,18082.62116,144191.3575,None,Widowed,14,33,Finance,National Account Head
3472,ymuehlPw,"UJHsFrMX St, MhlAPbvewK, DEL 953616",98993.64,28-11-2023,27-01-1989,35,Other,3,6109.636,23363.46248,14682.8523,113783.8862,Life,Divorced,0,14,Sales,Senior Executive
3473,UuzzmNGg,"PexBaUvM St, jGFdAfiHck, MUB 178908",54796.76,02-05-2016,24-09-1993,30,Other,0,5248.324,12932.56866,8127.519439,64850.13322,Life,Single,8,9,IT,Software Engineer II
3474,DmXNtWOj,"pBcAjPTD St, jvIyqXfoEG, KOL 813027",93771.4,20-02-2023,15-09-1986,37,Male,3,5031.86,22130.96302,13908.28356,107025.9395,Medical,Divorced,1,16,Marketing,Senior Marketing Executive
3475,QvlKtSWi,"kbwGpyuR St, hVqQCbmDjv, CHN 194304",94116.62,10-07-2005,09-07-1980,44,Other,3,7715.338,22212.4383,13959.487,110084.9093,Both,Married,19,23,IT,Software Engineer III
3476,LexXbktY,"dfzmGGIk St, HyYgcSvFEY, DEL 958591",143155.58,04-12-2016,28-12-1968,55,Female,1,5741.442,33786.11012,21233.00281,161450.1293,None,Widowed,7,34,Marketing,National Marketing Manager
3477,ENEAiVtK,"PSEzYCLc St, dnVBjtJAfX, HYD 249629",72495.3,25-09-2017,04-01-1994,30,Male,4,8305.47,17109.59635,10752.58756,87157.77879,Life,Married,6,9,Marketing,Marketing Representative
3478,ZSqxVeXf,"pLmgaOCz St, qYKXyrMEXD, MUB 671075",147826.6,14-12-2012,08-05-1973,51,Other,1,3307.34,34888.5163,21925.81396,164096.6423,None,Divorced,11,30,Human Resources,Recruitment Manager
3479,ufJsKInP,"AUFCQPkI St, fiuTdzeRer, PUN 629282",50560.52,03-01-2018,02-10-1993,30,Male,1,6349.948,11932.77479,7499.195375,61344.04742,Medical,Married,6,9,Sales,Sales Representative
3480,UguolfVx,"LZmwtoUh St, cPAOAnZZlT, MUB 393059",110985.36,21-07-2016,04-08-1965,58,Other,1,11475.464,26193.62511,16461.47821,132192.9709,Both,Widowed,7,37,Marketing,National Marketing Manager
3481,ekUgYYxd,"NMNxQDvT St, ooCRTyBTPp, HYD 148736",132852.31,10-04-1993,20-02-1972,52,Male,3,5596.769,31354.43813,19704.80978,150098.7074,Life,Married,31,31,IT,IT Manager
3482,uxLZquek,"CTiUQaat St, AcQKjszKCa, AMD 218824",143952.23,16-10-2002,06-07-1965,59,Other,3,10428.777,33974.12727,21351.16287,167003.9714,Medical,Married,21,38,Sales,Sales Director
3483,gVlmYysf,"szgIJLeK St, eLGKuiMfYh, DEL 366164",142385.06,05-11-1992,13-03-1969,55,Female,2,10034.494,33604.2599,21118.71839,164905.0955,None,Divorced,31,34,Marketing,National Marketing Manager
3484,yiWddvxT,"CPUalXAQ St, GxlKAXiMbi, CHN 499493",57377.45,04-07-2023,04-02-1999,25,Other,3,4796.255,13541.63662,8510.290394,67205.05122,Both,Married,1,4,Human Resources,HR Executive
3485,iBSwXdUc,"CFastyDY St, qDHFViXKSj, AMD 373288",125463.11,20-09-2002,14-09-1974,49,Other,1,5806.689,29610.51501,18608.835,142271.479,None,Married,21,28,Marketing,National Marketing Manager
3486,wDYmPyAb,"ogfduZNp St, YgssIGgcOK, HYD 196251",145360.63,23-07-2012,10-03-1967,57,Female,3,6604.937,34306.52338,21560.05841,164712.032,None,Married,11,36,Marketing,Marketing Director
3487,BPNXaffg,"tbRGtmUY St, CTvuGIHzEA, HYD 398781",130553.27,11-07-2015,02-08-1974,49,Female,1,9951.673,30811.84231,19363.81348,151952.9718,None,Widowed,9,28,Marketing,Marketing Director
3488,xnzBRJkt,"DxkukRav St, OUEMkKlxCv, MUB 658909",62961.09,04-02-2019,22-01-1995,29,Male,2,9085.891,14859.43,9338.4624,77567.9486,Both,Married,5,8,Sales,Sales Executive
3489,fBInlYKF,"GiqRNgGp St, pRdrblCEsh, BLR 462761",110501.62,06-12-2003,03-04-1974,50,Other,2,7558.838,26079.45776,16389.72933,127750.1864,Both,Divorced,20,29,Human Resources,HR Director
3490,duqaHFLp,"IKrPUtNR St, YLlrayffNh, KOL 637946",133952.39,19-01-2012,09-07-1975,49,Other,2,6131.761,31614.06771,19867.97493,151830.2438,Both,Married,12,28,Marketing,National Marketing Manager
3491,YNKyClWL,"kjEbRYZg St, XqwSJOiwdP, PUN 524438",92208.92,18-09-2023,16-04-1985,39,Other,1,7646.108,21762.20253,13676.5347,107940.6958,None,Married,0,18,Finance,Senior Account Executive
3492,uEPRZOwH,"upuKRYfn St, OiiTuTujzL, PUN 529211",101526.93,23-01-2010,17-05-1987,37,Other,3,13287.307,23961.34358,15058.59283,123716.9877,Both,Married,14,16,Marketing,Senior Marketing Executive
3493,wgeskrRY,"vEPJFaiz St, hsxtwOpjtP, MUB 209959",69430.86,23-03-2019,07-07-1998,26,Male,0,6699.914,16386.35869,10298.06624,82219.06644,None,Single,5,5,Finance,Account Associate
3494,DWgcSZPi,"PdDtprEd St, NOeVromqAt, PUN 133808",40804.98,08-11-2020,13-08-1999,24,Male,0,7149.502,9630.372409,6052.242289,51532.61212,Life,Single,3,3,Human Resources,HR Intern
3495,hHwnebpO,"xjzrGNuC St, ZwfFZuwTca, AMD 545135",141841.21,25-07-2008,24-08-1971,52,Female,2,4333.879,33475.90601,21038.05392,158612.9411,Medical,Divorced,15,31,Human Resources,Recruitment Manager
3496,fzcHRbuO,"casXZNkq St, YIkLfCFeOa, BLR 115722",118363.04,13-06-2000,26-05-1972,52,Other,2,11675.696,27934.82939,17555.74433,140417.8211,Life,Married,24,31,Marketing,National Marketing Manager
3497,HzjVNWVH,"RKmHcHXL St, OwrsncOdpo, KOL 131585",32030.59,07-10-2023,07-11-2000,23,Male,0,8926.941,7559.530973,4750.814517,43766.24746,Medical,Single,0,2,IT,QA Engineer I
3498,PUDQAkGS,"cwlfzJsw St, yLSjmqTBDc, BLR 775565",134320.43,11-11-2023,03-01-1975,49,Female,2,4813.957,31700.92873,19922.56305,150912.7527,Life,Divorced,0,28,Finance,Account Director
3499,wzqFqMcq,"JzHJwaZf St, ZkUHXYLMOb, AMD 331947",116497.5,11-12-2017,08-12-1976,47,Male,2,7706.25,27494.5438,17279.04526,134419.2485,Both,Divorced,6,26,IT,Technical Lead
3500,HxRMgQJb,"JQEFXFHd St, ppXoZXFpYS, CHN 155835",100130.12,24-04-2000,12-09-1979,44,Female,1,13808.988,23631.68282,14851.41634,122719.3745,Life,Married,24,23,Marketing,Senior Marketing Executive
3501,QvaZHfXA,"IFCCXfWz St, fMShzsIElI, MUB 799363",61972.96,13-12-2022,26-07-1994,29,Male,3,7735.704,14626.2217,9191.901804,75142.9839,Medical,Married,1,8,Finance,Account Associate
3502,ANlyrtyw,"KyREqcyu St, JqiYAwXTaT, KOL 400382",131041.62,23-01-2018,18-07-1974,50,Other,3,5404.838,30927.09766,19436.24612,147937.3095,Life,Divorced,6,29,Marketing,National Marketing Manager
3503,KdjpdwwT,"LKYgcGiW St, MOMHjigaiu, PUN 306280",27484.52,02-11-2021,16-09-1999,24,Male,0,6253.548,6486.614209,4076.536105,36148.1461,None,Single,2,3,Sales,Sales Development Representative
3504,mPifZJkp,"FplwAovq St, nJvSaFIusp, DEL 804872",135773.97,26-07-2017,08-07-1977,47,Male,1,4512.603,32043.97832,20138.1538,152192.3975,None,Divorced,6,26,Human Resources,HR Director
3505,tkyOcPlR,"ztqoxzKh St, JIxrFNSOCu, HYD 509338",89721.24,09-03-2006,17-04-1978,46,Male,4,7490.876,21175.08584,13307.5591,105079.6427,Medical,Married,18,25,Marketing,Regional Marketing Manager
3506,UgYXULHi,"KUTCSzzC St, EiAVQHZFHP, CHN 224318",66441.3,14-12-2019,12-09-1996,27,Male,0,10353.87,15680.79343,9854.651212,82621.31222,None,Single,4,6,Marketing,Marketing Associate
3507,HAzKsNRt,"EqYKUhrZ St, BXFWlIzvvS, DEL 983878",74890.68,17-12-2023,16-10-1996,27,Other,0,9122.932,17674.92934,11107.87312,90580.66822,Life,Single,0,6,Human Resources,HR Associate
3508,yblFRovZ,"MyQUvUhs St, xkybGzPkEZ, AMD 405719",22939.71,10-08-2024,14-06-2001,23,Other,0,5221.029,5413.994818,3402.444578,30172.28924,Life,Single,-1,2,IT,Software Engineer I
3509,eJCDCYSM,"XatFdhbw St, ISVVHGRuRS, AMD 962365",105231.18,23-07-2024,08-06-1979,45,Male,,12305.882,24835.58263,15608.01152,126764.6331,Life,,-1,24,Human Resources,Senior HR
3510,TVCvJgZH,"ZmtjXysK St, eJTprYOFsL, BLR 542768",54826.1,14-07-2023,02-02-1993,31,Female,2,5008.39,12939.49319,8131.871182,64642.112,Medical,Married,1,10,Sales,Sales Executive
3511,edQpHKHg,"yGybmzfy St, NybqYAmYct, MUB 289874",68785.25,17-08-2018,13-12-1996,27,Female,0,7435.475,16233.98844,10202.30861,82252.40483,Life,Single,5,6,Sales,Sales Executive
3512,DudvDMlv,"lnJIaeKp St, MYGWvwjWla, AMD 985350",103000.39,28-08-2014,12-11-1984,39,Female,2,14287.961,24309.09448,15277.13814,126320.3073,Medical,Married,9,18,Sales,Senior Executive
3513,XtLyGpnr,"oGgEfGFy St, EIJNiTrgkS, DEL 674740",99549.95,10-05-2013,03-09-1983,40,Other,2,7552.005,23494.75706,14765.36485,115831.3472,Both,Divorced,11,19,Finance,Regional Account Head
3514,zThJdFFp,"BjomzvJl St, FVbEdxDgoi, KOL 660911",102669.4,07-06-2021,21-07-1986,37,Male,3,10850.06,24230.97762,15228.04531,122522.3923,None,Divorced,3,16,Finance,Regional Account Head
3515,WmdzesrC,"sJvixldw St, FJUuQwwelt, KOL 648452",79309.74,18-11-2024,21-01-1985,39,Male,1,8841.026,18717.87051,11763.31326,95105.32325,None,Married,-1,18,IT,QA Lead
3516,JjvvRtIh,"NYVQrIJc St, jpUwkQxFQN, BLR 350554",82137.24,02-01-2019,01-04-1991,33,Female,2,7210.276,19385.18803,12182.69136,96550.01267,None,Married,5,12,IT,QA Lead
3517,TleVTljd,"cwvMoqAC St, XyyKfBTwRJ, CHN 139325",108623.77,07-04-2007,13-08-1981,42,Female,3,7424.623,25636.26689,16111.20443,125573.4555,Life,Married,17,21,IT,Software Engineer III
3518,SWaiPvRX,"QQcDQDjg St, mySJXtFVsX, MUB 287332",122465.37,24-08-2010,21-06-1969,55,Other,2,11019.463,28903.0192,18164.2067,144223.6455,Life,Married,13,34,Sales,Sales Director
3519,auxEWERR,"BkwiZabG St, HLVllgnGkf, DEL 864065",97707.17,20-02-2022,08-08-1990,33,Female,1,3327.283,23059.84304,14492.04156,109602.2545,Medical,Married,2,12,Human Resources,Senior HR
3520,SCjAckNF,"adfMgORT St, wArhwWWAid, BLR 267573",37016.79,07-09-2023,28-09-2002,21,Male,0,6411.321,8736.322701,5490.373524,46674.06018,Life,Single,0,0,IT,QA Engineer I
3521,QrZfPXes,"fApHyjMZ St, RGLfmNxzBA, DEL 393496",102317.19,10-06-2010,07-08-1985,38,Female,3,10971.281,24147.85263,15175.80512,122260.5185,None,Married,14,17,Marketing,Senior Marketing Executive
3522,DuJYTdtq,"cixtVoyE St, YDQBlQkTby, DEL 653773",22842.75,07-07-2023,18-08-2000,23,Male,0,7488.725,5391.111314,3388.063358,32334.52296,None,Single,1,2,IT,Software Engineer I
3523,LUyyOONa,"OsqIigdD St, yraDPMhQlw, CHN 545277",86397.01,01-02-2020,04-08-1989,34,Female,1,5080.299,20390.53521,12814.50542,99053.33878,Both,Married,4,13,Finance,Regional Account Head
3524,TWZmJXyZ,"fFFejqon St, bQriumGdBQ, MUB 514784",96135.08,05-02-2005,02-07-1979,45,Other,,5847.492,22688.8145,14258.86734,110412.5192,Medical,,19,24,IT,Software Engineer III
3525,gTwndkDo,"vJoagGQL St, knDpsFETvn, KOL 959782",75874.68,10-04-2018,04-06-1983,41,Female,1,10380.532,17907.16292,11253.82115,92908.55377,None,Married,6,20,Sales,Senior Executive
3526,cLvyILcw,"DFxFGMdy St, dforFGgGAO, CHN 158158",36198.78,09-08-2020,02-09-1999,24,Female,0,7339.122,8543.26438,5369.045326,46712.12105,Life,Single,3,3,Marketing,Marketing Intern
3527,EYaBpjoV,"VmzqqRtv St, bnPjrwudYn, CHN 961167",66201.2,16-02-2017,19-02-1993,31,Male,3,7417.88,15624.12749,9819.039299,79424.16819,Both,Married,7,10,Human Resources,HR Executive
3528,hgDArgsu,"CjuHjhXj St, KinQMCChhr, CHN 140323",83812.1,11-01-2012,25-06-1989,35,Female,4,7710.79,19780.47129,12431.10855,98872.25273,Both,Married,12,14,IT,Software Engineer III
3529,GgjROuRb,"PlAmgxia St, BwGEPsGKZw, MUB 355973",88485.19,05-05-2007,22-01-1980,44,Female,3,7278.481,20883.36601,13124.22672,103522.8103,Both,Married,17,23,Finance,Regional Account Head
3530,PUuiwTdI,"obFavqXk St, pMsPwninbK, PUN 544961",52767.19,05-11-2023,24-12-1996,27,Other,0,5302.281,12453.57039,7826.491247,62696.55014,None,Single,0,6,Marketing,Marketing Associate
3531,MyOiXPAQ,"OenBSVGj St, xRnHQiOIyu, DEL 957807",42780.77,12-01-2022,07-09-2001,22,Other,0,5817.923,10096.67808,6345.293769,52350.07731,Life,Single,2,1,Marketing,Marketing Development Representative
3532,lgJOymCk,"CfhEiLjy St, yisEKWGVWi, BLR 653240",91242.78,13-04-2024,02-02-1983,41,Male,3,6537.722,21534.18409,13533.23569,105781.4504,None,Married,0,20,Finance,Senior Account Executive
3533,SWuRzySc,"PHTqdCIU St, bhqLaDvrsV, AMD 927688",40241.34,28-03-2022,20-07-1999,24,Other,1,8775.866,9497.347883,5968.642546,52545.91134,None,Married,2,3,Human Resources,HR Representative
3534,XRLlIrht,"uGUhVtWh St, XiPferhSOY, BLR 646546",67024.17,04-09-2023,03-09-1995,28,Female,3,10297.583,15818.35642,9941.103171,83199.00625,None,Married,0,7,Finance,Account Executive
3535,bEsUhzRO,"ZWOSlcZe St, kgIBCTrVko, PUN 384031",94341.8,27-03-2012,17-01-1990,34,Female,2,4284.82,22265.58297,13992.88596,106899.317,Life,Married,12,13,Finance,Senior Account Executive
3536,aSnkLJzD,"aPTExpUQ St, lMYBwePRuM, HYD 938872",141351.63,20-12-2017,12-05-1976,48,Other,2,8782.837,33360.36036,20965.43884,162529.3885,Both,Widowed,6,27,Finance,Account Director
3537,uHufEjoy,"YNhknrws St, TrqgAvNvAZ, CHN 693496",105466.45,16-04-2015,16-11-1989,34,Other,1,7961.355,24891.10864,15642.90704,122676.0066,None,Divorced,9,13,Marketing,Senior Marketing Executive
3538,whnNCckA,"PiFUwCgc St, RuuSyvFEFP, KOL 628528",115837.58,21-01-2012,02-06-1965,59,Female,1,12680.242,27338.79625,17181.16515,138675.4531,Medical,Married,12,38,IT,IT Manager
3539,NPLuLuCD,"usICRMJi St, XxyCsqnmny, MUB 985631",144934.33,28-06-2014,09-04-1973,51,Male,2,4246.567,34205.91243,21496.82909,161889.9803,Both,Married,10,30,Human Resources,Recruitment Manager
3540,WGFKfrCV,"XnQkYTbA St, fgJDVZZTIh, DEL 592534",127653.6,14-01-2022,21-05-1966,58,Male,4,8514.64,30127.49197,18933.73104,147362.0009,Life,Married,2,37,Finance,Account Director
3541,FoGeYhse,"qWsVVfyY St, SPjYqhEOAj, PUN 136687",53364.74,22-10-2021,17-01-1994,30,Female,0,7557.526,12594.598,7915.120561,65601.74344,Both,Single,2,9,Human Resources,HR Associate
3542,HGjDUGqO,"OcPrJPTW St, cqKjwZeibh, PUN 662860",130685.73,01-05-1997,23-07-1976,47,Male,1,5217.427,30843.10416,19383.4601,147362.8011,Both,Divorced,27,26,Marketing,National Marketing Manager
3543,WTWevXws,"uanAUfte St, fkNAGNWQCX, KOL 965890",109651.4,19-05-2011,04-03-1978,46,Female,3,7117.86,25878.79757,16263.62371,126384.4339,Both,Married,13,25,Finance,Senior Account Executive
3544,KLarwmMy,"avAXqEPy St, dCQPVLAxZa, AMD 763121",127946.26,01-03-1988,27-11-1964,59,Other,3,10514.374,30196.56258,18977.13871,149680.0579,None,Married,36,38,Sales,National Sales Manager
3545,AVHOZAko,"UiHYrear St, FbeKatGhHu, DEL 549729",104008.69,22-01-2017,08-05-1987,37,Male,2,11420.131,24547.06309,15426.69037,124549.1937,Medical,Married,7,16,Sales,Senior Executive
3546,vzHYWePk,"rvcDWyZP St, RiEsqJXUVy, DEL 958355",139485.41,03-01-1988,17-06-1967,57,Male,3,4452.459,32919.91428,20688.63891,156169.1444,Medical,Married,36,36,Human Resources,HR Director
3547,ZtpADZJb,"dNMJlpHK St, zfhJOxxFBQ, MUB 767764",147522.45,06-12-2018,17-05-1972,52,Other,2,5811.755,34816.73394,21880.70207,166270.2369,Life,Married,5,31,Finance,Account Director
3548,ORuDkiVq,"RVdCHGwG St, vjETTawCtR, HYD 646405",87919.81,25-09-2015,17-01-1985,39,Female,3,5905.019,20749.93083,13040.3689,101534.3909,Both,Married,8,18,Marketing,Senior Marketing Executive
3549,rFIhTGEW,"zyalzpYb St, XijDmxRRTC, PUN 428082",76851.86,06-07-2008,11-11-1982,41,Female,1,7622.814,18137.78691,11398.75763,91213.70328,None,Married,16,20,Sales,Regional Sales Manager
3550,SmGdLVEV,"GwLWvwWN St, BkSYRvbRoW, MUB 244129",142193.06,05-04-1997,03-11-1975,48,Male,2,3987.694,33558.94603,21090.24072,158649.4593,None,Married,27,27,IT,IT Manager
3551,BsxALCUF,"SyKNZGPA St, eLPtYCzoJc, MUB 573021",96368.59,15-06-2022,13-12-1991,32,Female,4,8184.141,22743.92513,14293.50182,113003.1543,Medical,Married,2,11,Sales,Senior Executive
3552,UrgbRbKD,"vueWOiBR St, bfsTuBAzwS, DEL 359546",101661.61,07-01-2020,07-11-1983,40,Other,4,10846.839,23993.12937,15078.56872,121423.0096,Medical,Married,4,19,Sales,Senior Executive
3553,cwxKoXEX,"URBKwHxW St, vUUEjWdvKf, HYD 856340",141653.53,09-11-2020,12-05-1969,55,Male,3,8620.647,33431.6117,21010.217,162695.5717,Both,Divorced,3,34,Human Resources,Recruitment Manager
3554,otwzqFJd,"LYsXZFHi St, vEHRrrXNQn, DEL 833979",77424.92,05-08-2013,13-07-1992,32,Male,3,7063.508,18273.03465,11483.75456,91277.70809,Both,Divorced,10,11,Human Resources,ERP Head
3555,egZqRfin,"aqaXmBvG St, WLLQjbzfWH, DEL 420635",34877.56,10-07-2023,25-06-2000,24,Male,0,6593.244,8231.443601,5173.080432,44529.16717,Medical,Single,1,3,Human Resources,HR Intern
3556,YxYLjNJz,"TYhSsgGv St, BoCezcJRsX, CHN 559087",83535.04,07-04-2016,21-05-1989,35,Other,1,7476.496,19715.08243,12390.01469,98336.60374,Life,Married,8,14,Human Resources,ERP Head
3557,tfaFzkrA,"fAeDXVRq St, mnWZZHOAFn, AMD 582902",68173.84,22-04-2022,22-10-1992,31,Male,2,7805.616,16089.68973,10111.62357,81957.52216,None,Married,2,10,Marketing,Marketing Representative
3558,IYrUtbNF,"pNZQYmmp St, PKPXEpJHCB, BLR 236812",62940.77,28-08-2013,21-11-1992,31,Male,4,11290.923,14854.63428,9335.448514,79750.87877,None,Married,10,10,Sales,Sales Representative
3559,XpPoZMcg,"hrqmulfW St, pWRguDFXkh, DEL 286953",101513.51,17-02-1999,06-08-1978,45,Female,,10164.649,23958.17633,15056.60236,120579.733,None,,25,24,Marketing,Regional Marketing Manager
3560,EBbooBjl,"NAofDblj St, JIfgtZpQSP, HYD 517354",95199.07,03-05-2023,16-07-1988,36,Female,2,6400.093,22467.90703,14120.03724,109947.0328,Life,Married,1,15,Marketing,Regional Marketing Manager
3561,RbwDhgaE,"DMOBgJia St, hLBKdKzKYN, PUN 304137",62484.26,10-12-2021,26-06-1999,25,Female,2,7993.574,14746.89348,9267.738418,75956.98906,Both,Married,2,4,Marketing,Marketing Representative
3562,DHTaCPIO,"beUWdXAL St, fYabmZJWas, AMD 117968",57090.12,04-12-2016,04-04-1994,30,Other,4,5761.988,13473.82394,8467.673273,67858.25867,None,Married,7,9,Human Resources,HR Executive
3563,MmzBDECK,"NaZdKVYF St, DFDGSOHSBo, KOL 461576",56408.03,01-05-2020,14-03-1998,26,Other,0,5758.197,13312.84406,8366.504888,67112.56618,Life,Single,4,5,Marketing,Marketing Associate
3564,qiUBKhii,"DEgxohNV St, jHgGUwYyNe, BLR 308033",139358.52,18-03-2016,26-07-1975,48,Female,1,5598.148,32889.96701,20669.81844,157176.8166,Life,Widowed,8,27,Finance,Account Director
3565,PEPTXYkR,"dLmORtqY St, fpqACpDamQ, MUB 706276",67975.32,21-06-2020,27-06-1996,28,Female,4,9763.468,16042.83708,10082.17885,83699.44623,None,Married,4,7,Sales,Sales Executive
3566,TLdHJTUH,"nVUhavPa St, XiwVVypJsU, KOL 859158",104161.74,10-09-2020,26-12-1985,38,Other,2,8161.826,24583.18438,15449.39093,121457.3595,Life,Married,3,17,IT,Software Engineer III
3567,ARIcgQjS,"QTSgcqEO St, AZNSaGFvZl, HYD 200702",96399.28,04-07-2021,23-06-1989,35,Female,1,6098.072,22751.16827,14298.05379,110950.4665,Life,Married,3,14,Marketing,Regional Marketing Manager
3568,NctiEuif,"hMHhNAIJ St, tWjhHIuoyu, AMD 593678",133427.51,28-04-1989,28-07-1968,55,Female,2,11099.249,31490.19092,19790.12411,156226.8258,Medical,Married,35,34,Finance,National Account Head
3569,gCtayrvb,"dRTAPEss St, loSUmYKKkx, MUB 284575",79530.71,05-04-2013,17-09-1991,32,Male,1,7189.929,18770.02158,11796.08779,93694.57279,Life,Married,11,11,Finance,Regional Account Head
3570,DPHTKUet,"HwbbybFV St, gciFOswxTW, KOL 997267",128454.32,22-09-2011,07-11-1972,51,Female,1,7699.568,30316.46968,19052.49476,147417.8629,Medical,Married,12,30,IT,IT Manager
3571,QSTYLQEb,"EMBpYcLV St, RMUxRyXnGr, KOL 834553",64647.25,13-11-2022,20-01-1999,25,Other,0,8999.275,15257.38017,9588.55562,79315.34955,Medical,Single,1,4,Finance,Account Executive
3572,OQiVlhTy,"kCNvMXiq St, mTMepIlpxz, DEL 180950",48351.15,05-10-2022,23-12-1995,28,Male,0,8096.885,11411.34197,7171.499036,60687.87793,Both,Single,1,7,Finance,Account Executive
3573,WCzLYqfk,"aQkKpLaq St, QucGDuiswb, PUN 785697",86568.11,12-07-2024,17-07-1983,41,Male,1,8601.189,20430.91647,12839.88318,102760.3323,Medical,Married,0,20,Human Resources,Senior HR
3574,jeBFrxWP,"nefJRBWk St, Kwblhctaar, PUN 288999",76749.01,13-10-2004,25-11-1982,41,Male,2,5672.099,18113.51331,11383.5028,89151.11951,Medical,Married,19,20,Human Resources,Senior HR
3575,xGFuCotq,"RNcTcEGp St, IohHIDHHAH, CHN 443222",130380.62,20-10-1986,16-07-1965,59,Male,3,10058.938,30771.09523,19338.20583,151872.4474,Life,Married,37,38,Human Resources,HR Director
3576,fCorZdDU,"gddlAceN St, lSzgUhIHKw, HYD 714806",34557.52,22-11-2021,28-09-2000,23,Male,0,9313.248,8155.911046,5125.611726,46901.06732,Medical,Single,2,2,Finance,Account Representative
3577,heeKdoTe,"rZwhHvUI St, OjrJOvYafl, AMD 176205",67892.83,23-03-2021,24-11-1995,28,Male,0,6246.717,16023.36864,10069.94384,80092.9718,None,Single,3,7,Sales,Sales Executive
3578,aWyfAvlu,"PUsTZlZg St, QkOUWZgppO, CHN 160604",24763.38,28-02-2023,07-08-1999,24,Other,4,4740.662,5844.398686,3672.933442,31675.50724,Life,Married,1,3,Marketing,Marketing Intern
3579,PrduTHvv,"wVWzcqwT St, OKfuJMFttk, DEL 837555",96308.1,26-04-2018,09-08-1988,35,Male,3,6699.19,22729.64891,14284.52987,111452.409,Medical,Married,6,14,Sales,Regional Sales Manager
3580,xalHHZbM,"oKngsoHP St, dbuRWiTwPW, BLR 877404",118231.76,08-08-1994,13-07-1970,54,Female,2,7615.824,27903.84603,17536.27272,136215.1573,Life,Married,29,33,IT,Technical Lead
3581,twIAXQxo,"VIsUQejB St, dsbPEsXxCq, HYD 912919",60614.22,17-06-2019,18-02-1993,31,Other,3,9862.578,14305.54584,8990.371901,75791.97194,None,Married,5,10,Finance,Account Associate
3582,SrLMxUaH,"dpcQHjCY St, FsNngLiIMR, MUB 249894",102257.44,14-05-2014,09-07-1987,37,Other,2,11011.256,24133.75105,15166.94293,122235.5041,Both,Married,10,16,Sales,Regional Sales Manager
3583,OPpFJEwI,"ULskLxte St, coKMXBzwkQ, BLR 395615",59474.18,13-12-2015,15-09-1992,31,Male,3,6107.582,14036.4853,8821.279836,70796.96747,None,Married,8,10,Marketing,Marketing Associate
3584,WtbmIYEx,"WAiAdhEV St, UoPSYGvcdb, BLR 981025",119238.75,01-01-1998,16-07-1971,53,Male,2,6746.125,28141.50547,17685.63066,136440.7498,Medical,Married,26,32,IT,IT Manager
3585,FOQkoFhK,"IAJCxYDk St, uXPgQuvzPB, KOL 924722",146193.85,21-04-2004,26-01-1977,47,Male,1,9114.615,34503.17141,21683.64257,168127.9938,Life,Widowed,20,26,Finance,National Account Head
3586,jmFfuDcj,"EEfdEpTI St, aVnPvhVnjs, PUN 172288",94775.64,12-08-2017,25-04-1980,44,Female,1,8190.436,22367.97343,14057.23361,111276.8158,Both,Married,6,23,Human Resources,Senior HR
3587,YHIoNeZY,"BsNazQrF St, BeOUbNsGgT, AMD 706965",50757.73,05-01-2023,28-06-1996,28,Male,2,5348.227,11979.31827,7528.445793,60556.82948,Medical,Married,1,7,Human Resources,HR Associate
3588,IGICdVCl,"igZsgbEo St, wQWyLIcyNb, MUB 188860",63990.01,10-10-2023,02-10-1997,26,Male,2,9750.999,15102.26513,9491.073016,79352.20112,Both,Married,0,5,Marketing,Marketing Associate
3589,ORsxGOzA,"xkOPNKSI St, GNYKUOMfcJ, BLR 340570",92667.94,25-09-2012,05-03-1983,41,Other,3,8245.206,21870.53572,13744.61709,109039.0646,Life,Married,11,20,Human Resources,Senior HR
3590,JxtdOuCs,"FLXeApOR St, ZpVxVraBBt, PUN 980320",131605.47,07-09-2005,17-04-1970,54,Male,1,5034.453,31060.17175,19519.87701,148180.2177,Life,Widowed,18,33,Marketing,Marketing Director
3591,sOqjAblS,"dXDcAoOx St, BgxhdXHRnA, HYD 567244",103020.07,15-10-2009,27-07-1982,41,Female,2,13152.993,24313.73915,15280.0571,125206.7451,None,Married,14,20,Sales,Regional Sales Manager
3592,LoEqWFGz,"qViBcMKo St, yIFcaHvIZw, BLR 700147",122197.28,28-01-2006,03-11-1975,48,Male,3,9657.272,28839.74735,18124.44328,142569.8561,Both,Married,18,27,IT,Technical Lead
3593,ZEjbAIJz,"orLvxOwg St, DdgzGwxFrd, MUB 825692",140957.34,22-05-2010,11-11-1969,54,Male,4,7303.266,33267.30409,20906.95729,160620.9528,None,Married,14,33,Sales,Sales Director
3594,hynjdMbj,"SgFfLHON St, FrutWjGPdO, DEL 290284",104170.99,10-01-2002,24-12-1980,43,Male,3,11124.901,24585.36747,15450.7629,124430.4956,Life,Married,22,22,Marketing,Regional Marketing Manager
3595,owycidMZ,"dawZrXdG St, tclyZrVybZ, MUB 436014",52539.18,13-11-2017,14-01-1994,30,Female,4,6558.082,12399.75781,7792.672537,63704.34727,Life,Married,6,9,Sales,Sales Representative
3596,sYyPVbxW,"IfQlsZLa St, xcqOrZEIHS, PUN 384721",90200.18,27-09-2017,19-04-1987,37,Female,3,4963.982,21288.12034,13378.59604,103073.6863,None,Married,6,16,Sales,Senior Executive
3597,natrkyBw,"HrtikTvX St, dIemqfiCpp, DEL 850128",83052.55,08-07-2020,22-03-1987,37,Other,1,6526.745,19601.2101,12318.45121,96862.05389,None,Married,4,16,Finance,Senior Account Executive
3598,obntiWvt,"QjYLneal St, qyExLtwdbp, BLR 755756",64588.31,03-05-2015,02-11-1993,30,Other,0,10343.169,15243.46976,9579.813571,80595.13519,Life,Single,9,9,Marketing,Marketing Associate
3599,PHpFVRqu,"PzPFBHQR St, cVeaLdDlnI, AMD 395941",127124.59,16-07-1997,11-10-1971,52,Female,3,5414.541,30002.64046,18855.26766,143686.5038,Life,Married,27,31,Human Resources,HR Director
3600,YPODdvHG,"MLieimPX St, syvQHpntWW, AMD 720944",63834.8,09-01-2019,15-05-1993,31,Female,4,7677.52,15065.63406,9468.052088,77109.90198,None,Married,5,10,IT,QA Engineer II
3601,rhDNpjdm,"BNpqHpaT St, KwGVTZFpmX, PUN 603416",130722.06,09-02-2019,03-05-1966,58,Other,3,5368.794,30851.67839,19388.84861,147553.6838,None,Married,5,37,Sales,Sales Director
3602,ksbjQqyR,"JohAdZou St, lgdeuEmOnF, HYD 213312",125591.83,06-07-2014,12-04-1965,59,Other,3,6585.817,29640.89418,18627.9269,143190.6143,Both,Divorced,10,38,IT,Technical Lead
3603,KHcnWeMI,"LVaGzqyz St, lEiuEcwDeB, MUB 747531",55692.81,07-12-2022,16-07-1999,25,Female,0,6757.719,13144.04518,8260.422622,67334.15156,Both,Single,1,4,IT,Software Engineer II
3604,XpVAFTBh,"ryUYdDnB St, tshZthXxTV, HYD 725038",85442.97,16-08-2015,08-11-1977,46,Other,2,5356.703,20165.37248,12673.0011,98292.04438,Life,Married,8,25,Finance,Regional Account Head
3605,DVoTgOgL,"OvujLRfM St, qGbGQYqztS, PUN 702816",120070.53,24-11-2019,17-07-1973,51,Male,3,7116.947,28337.81365,17809.00124,137716.2894,Both,Divorced,4,30,Marketing,Marketing Director
3606,xtbJkdxV,"dDZxHnmC St, wrFpRCBGCH, BLR 791814",37665.71,27-09-2024,04-04-2002,22,Female,0,8743.429,8889.474136,5586.622096,49711.99104,Life,Single,-1,1,Human Resources,HR Representative
3607,ceHOtPEF,"FNuTalBT St, kSrjAeKDvo, AMD 314038",126874.65,16-03-2018,02-06-1965,59,Female,1,8116.535,29943.65219,18818.19626,146116.6409,None,Married,6,38,IT,Technical Lead
3608,RyBAyPLG,"rAirlADj St, UgysCDwojr, BLR 207602",38046.52,28-11-2021,01-04-2000,24,Male,2,8287.348,8979.349002,5643.10428,49670.11272,Both,Married,2,3,Human Resources,HR Intern
3609,wLZMzKBG,"yNYcZoZE St, xvZILENdNg, MUB 882219",123919.51,28-08-2016,08-04-1975,49,Other,3,6385.049,29246.21039,18379.88645,141170.8829,Life,Married,7,28,Finance,National Account Head
3610,ExXHlVAw,"jGdmYVOS St, MJKxWYvxqd, DEL 232901",85799.44,19-11-2015,20-12-1977,46,Other,2,6113.056,20249.50287,12725.87314,99436.12573,Both,Widowed,8,25,IT,Software Engineer III
3611,zUsxirWd,"quZNxLgM St, jSPszhRRxk, PUN 598823",62415.37,08-04-2023,14-09-1995,28,Male,1,9794.463,14730.63477,9257.520572,77682.9472,Medical,Married,1,7,Sales,Sales Executive
3612,fSLkwLqQ,"GgVtQWBu St, YCLRCToOau, PUN 673556",24749.26,24-10-2021,26-10-1999,24,Male,0,6396.074,5841.066229,3670.839147,33315.56108,Both,Single,2,3,Finance,Account Representative
3613,FagEJnzt,"khQEhgJP St, CfqOdgGeNE, BLR 929053",54190.45,24-05-2016,20-12-1993,30,Other,3,6974.955,12789.4736,8037.590832,65917.28777,Medical,Married,8,9,IT,QA Engineer II
3614,lVraTsjs,"tRrzepzB St, KbkPTJTivA, HYD 596700",88327.99,24-11-2000,06-06-1979,45,Female,,5113.201,20846.26528,13100.91063,101186.5456,Life,,23,24,Sales,Senior Executive
3615,jRuZjDtI,"BGUEwpbT St, wwjaNXcKiq, BLR 476210",141129.93,13-03-2011,12-08-1972,51,Other,3,8550.007,33308.03701,20932.55604,162055.418,Medical,Married,13,30,Finance,National Account Head
3616,doAvDdpb,"RtvALqup St, RlzxCvJMvh, HYD 565887",73837.56,02-03-2022,27-04-1994,30,Male,0,8395.244,17426.38277,10951.67313,88707.51364,Both,Single,2,9,Human Resources,HR Executive
3617,pYEubVsj,"uYNvccFP St, knAFTGoufK, PUN 550859",98638.82,09-03-2022,09-12-1987,36,Female,2,7366.118,23279.72151,14630.22498,114654.4345,Life,Divorced,2,15,Human Resources,Senior HR
3618,acoLsxBv,"OnIJZiVn St, PbaaJOaWVE, BLR 694304",80989.08,15-07-2023,26-01-1982,42,Other,3,7485.092,19114.21109,12012.39493,95575.98816,None,Married,1,21,Sales,Senior Executive
3619,hnIRDNHA,"vAzhOYgs St, mkUNVXUYVz, DEL 959033",24573.63,02-12-2023,28-05-2002,22,Male,0,5803.637,5799.615839,3644.789501,32532.09334,Life,Single,0,1,Marketing,Marketing Intern
3620,KQVLTVvZ,"NqPYrpar St, eAsPylOObA, DEL 799726",95027.52,13-02-2019,25-03-1992,32,Male,4,5013.248,22427.41956,14094.59275,108373.5948,Life,Married,5,11,Marketing,Regional Marketing Manager
3621,sFwEIvfQ,"JVJffWOS St, wazsRVQfQQ, BLR 895447",46013.91,07-09-2021,19-12-1996,27,Female,0,6512.609,10859.73058,6824.83687,56561.41271,Life,Single,2,6,Marketing,Marketing Associate
3622,PVaLAwnu,"iUNQDDBb St, FAaXOqSqhW, DEL 943463",122044.47,06-04-2013,05-04-1973,51,Female,3,7065.553,28803.6827,18101.77832,139811.9274,Medical,Married,11,30,Marketing,Marketing Director
3623,QEDyJGhO,"sHQeKLvx St, nvkrrDNIdY, PUN 467440",56529.12,27-02-2022,15-11-1995,28,Male,0,6333.088,13341.42248,8384.465098,67819.16538,None,Single,2,7,IT,QA Engineer II
3624,gnEGJPoq,"ZqXHuZYh St, jUTJcajnUf, DEL 873033",88744.29,25-04-2020,07-05-1987,37,Female,1,9049.571,20944.51613,13162.65674,105575.7204,Medical,Married,4,16,Marketing,Regional Marketing Manager
3625,MiRPIVjq,"WmXwOVlA St, zCIdWaZHhy, KOL 999148",103901.98,13-08-2022,26-06-1986,38,Male,3,10325.802,24521.87849,15410.86302,123338.7975,Life,Divorced,1,17,IT,Software Engineer III
3626,dpjsgrVX,"VhxZYceH St, gzJOuBrVXd, BLR 170082",81670.76,02-12-2004,24-10-1978,45,Other,,9691.924,19275.09421,12113.50251,98524.2757,None,,19,24,Sales,Regional Sales Manager
3627,oFaPyXLE,"aEkYbCEk St, saDUjulRfA, DEL 263093",115695.12,03-06-2002,20-07-1972,51,Other,1,13070.488,27305.17431,17160.03532,138910.747,None,Married,22,30,Finance,Account Director
3628,pAMAEYzR,"ncqGrYFQ St, iMgyWKUIpz, AMD 556776",123466.95,13-09-2014,27-10-1974,49,Male,2,6868.305,29139.40182,18312.76222,141161.8946,None,Divorced,9,28,Finance,Account Director
3629,YgfIwcgb,"kFLlDLyR St, HlaBEwQnyq, CHN 791563",51027.71,12-07-2023,09-09-1996,27,Other,0,4898.229,12043.03618,7568.489542,60400.48564,Life,Single,1,6,Sales,Sales Representative
3630,jLAJRoBR,"KmOQRqVO St, DOTMoqIYpN, DEL 712504",110071.92,11-03-2000,21-04-1975,49,Female,4,8615.808,25978.04438,16325.99573,128339.7767,Medical,Married,24,28,IT,IT Manager
3631,GoWRBnBo,"DFaufyjx St, pgYvGwisgp, BLR 209640",43645.94,14-04-2022,18-03-2000,24,Female,2,8212.406,10300.86662,6473.616794,55685.59582,Life,Married,2,3,Sales,Sales Development Representative
3632,deJuHiav,"SDdAWWZx St, tMrEUoreMg, MUB 149068",113278.52,10-04-2012,11-05-1972,52,Other,2,6997.148,26734.83319,16801.60238,130208.8988,Medical,Divorced,12,31,Marketing,National Marketing Manager
3633,GCMfQoad,"PAWJzgCK St, mWXJZmnNrs, KOL 860101",110974.43,05-05-2011,25-02-1968,56,Other,2,12204.557,26191.04552,16459.85706,132910.1755,Medical,Married,13,35,IT,IT Manager
3634,nidBNEVX,"UdIYseGI St, hbfMsqAOYj, HYD 229793",109377.78,28-12-2012,21-02-1988,36,Female,3,7167.222,25814.22058,16223.04007,126136.1825,None,Married,11,15,Marketing,Senior Marketing Executive
3635,aYdtOydy,"JzQHvFqX St, BoSYkCfhoN, CHN 284754",21646.86,25-08-2023,12-02-2002,22,Other,0,4878.314,5108.869635,3210.687556,28423.35608,Both,Single,0,1,Human Resources,HR Intern
3636,HwWZCYcp,"xRGExLWR St, TVZoPreIsC, MUB 679616",38979.62,14-06-2023,14-11-2002,21,Other,0,9072.038,9199.569684,5781.502762,51469.72492,None,Single,1,0,Sales,Sales Development Representative
3637,MWSXzzxv,"fVZyRbZD St, HXXGaNWZqA, KOL 261343",92369.99,12-08-2011,14-04-1979,45,Male,,7840.001,21800.21662,13700.42479,108309.7828,Life,,12,24,IT,Software Engineer III
3638,xLcYXHay,"rErNbykg St, qBwBXIxLYu, KOL 497291",103422.21,02-04-2017,10-05-1982,42,Male,4,9731.779,24408.6481,15339.70297,122222.9341,Both,Married,7,21,Marketing,Senior Marketing Executive
3639,Mdaczuyo,"FmMBQZYu St, ZOhRFypTtm, AMD 364178",91355.46,09-08-2022,19-04-1989,35,Other,3,4770.454,21560.77766,13549.94852,104136.7431,Both,Divorced,1,14,Finance,Regional Account Head
3640,rgORgvEK,"ecWtWhoZ St, LYhhNCquPa, HYD 468659",131770.68,16-04-2000,24-01-1977,47,Male,1,5787.932,31099.16292,19544.38115,149113.3938,Medical,Married,24,26,Marketing,National Marketing Manager
3641,HDgkXlnh,"eogrroMc St, GMOefbLltT, KOL 271534",138637.21,23-04-2012,04-03-1969,55,Other,4,4666.279,32719.73083,20562.8329,155460.3869,Medical,Married,12,34,Sales,National Sales Manager
3642,AfCwfjar,"kYwvutxd St, YxZpzbMLkz, MUB 245369",139733.2,12-07-2008,19-10-1972,51,Other,1,7281.68,32978.39513,20725.39142,159267.8837,None,Married,16,30,Human Resources,HR Director
3643,YJWfhICI,"cMzSnznm St, fqeOLApmav, KOL 623639",104042.85,28-02-2024,28-02-1981,43,Male,1,8179.715,24555.12518,15431.75702,121345.9332,Life,Married,0,22,Finance,Senior Account Executive
3644,FXpItgqI,"eIcjLKFX St, olXoGYzwdE, MUB 574923",101654.93,12-05-2011,16-03-1987,37,Other,1,10939.507,23991.55282,15077.57794,121508.4119,Both,Divorced,13,16,Sales,Regional Sales Manager
3645,doUQVgRD,"fBZdbOIG St, QvgYFwJChB, PUN 545291",112296.16,06-09-2000,15-11-1969,54,Other,2,10183.384,26502.98667,16655.8976,132326.6331,None,Widowed,23,33,IT,Technical Lead
3646,JUnpTOdA,"EeSkrAIH St, jLEUTdCzoL, AMD 400388",56760.06,23-12-2024,23-06-1995,29,Other,0,6452.994,13395.92657,8418.718388,68190.26218,None,Single,-1,8,Marketing,Marketing Associate
3647,mgaszKmZ,"ltKUlYSi St, oRhZnquAmr, MUB 962827",97736.05,25-12-2012,24-04-1984,40,Other,2,3283.395,23066.659,14496.32508,109589.7789,Both,Divorced,11,19,Human Resources,ERP Head
3648,oYENQQTe,"nFEGYsos St, gEjUHlyoor, HYD 767785",97874.42,26-11-2020,18-08-1982,41,Female,3,6270.558,23099.31567,14516.84828,112727.4454,Life,Divorced,3,20,Marketing,Senior Marketing Executive
3649,ttvryJQX,"nluJisHC St, luCksvrGYr, DEL 918571",114610.08,06-11-2016,04-03-1976,48,Other,1,8929.992,27049.09431,16999.10092,133590.0654,Medical,Widowed,7,27,Finance,Account Director
3650,wlZVbyoL,"xLeywysl St, kzimNeJVSH, CHN 341015",97079.16,27-01-2012,06-11-1991,32,Male,2,5154.084,22911.62657,14398.89439,110745.9762,Both,Divorced,12,11,Marketing,Regional Marketing Manager
3651,LjVsISYe,"UBkZipeH St, hPpaOjEBIj, BLR 688211",129648.64,18-08-2016,19-01-1973,51,Female,3,10948.136,30598.34083,19229.6377,151965.4791,None,Married,7,30,Marketing,National Marketing Manager
3652,YFpBFXXD,"dhqRIlis St, kZWtYhPOVj, HYD 478974",92586.68,17-02-2013,18-09-1991,32,Female,2,4211.332,21851.35757,13732.56451,104916.8051,Life,Married,11,11,Marketing,Senior Marketing Executive
3653,ktnOERac,"iNKcgyff St, uZKEwEeKEz, AMD 761013",50321.61,02-05-2023,06-02-1996,28,Other,1,6375.839,11876.38971,7463.759965,61110.07874,Life,Married,1,7,Finance,Account Executive
3654,xlcshhDW,"pzSqcyvW St, Hflelvxwub, HYD 355193",97761.32,12-02-2012,22-12-1984,39,Male,4,4318.868,23072.62297,14500.07316,110652.7378,Medical,Married,12,18,Sales,Senior Executive
3655,npErgtiH,"jMhkvlng St, ckwIHVCJJY, HYD 797685",19483.21,28-10-2023,24-08-2002,21,Other,0,6841.679,4598.227178,2889.772461,28033.34372,Life,Single,0,0,Finance,Accounts Intern
3656,DWJuuiPg,"ofqJhwvO St, GhFpdHZszA, DEL 994358",88647.52,26-07-2024,24-06-1990,34,Female,4,8529.248,20921.67747,13148.3037,104950.1418,Both,Married,-1,13,Sales,Regional Sales Manager
3657,xiFzPdpZ,"vOZTIvVo St, ntezxUMgpp, MUB 984760",121194.01,01-05-1994,12-07-1964,60,Other,2,9049.599,28602.96586,17975.6371,140870.9378,Life,Married,30,39,Sales,National Sales Manager
3658,YZjlpHUf,"wIiTviIV St, lTHPcgADUk, BLR 454947",138345.91,15-12-1997,20-11-1970,53,Other,2,5532.409,32650.98119,20519.62694,156009.6732,None,Married,26,32,Marketing,Marketing Director
3659,sSEIFxxT,"BPpnvWnN St, wUJATZOzic, CHN 918246",147988.25,23-06-2006,11-04-1973,51,Female,4,4444.175,34926.66727,21949.79007,165409.3022,Life,Married,18,30,IT,Technical Lead
3660,pYmjlCcj,"xpYRijlW St, aGdsOGOVxz, KOL 755553",131522.6,28-09-2006,24-04-1969,55,Male,2,8511.74,31040.61363,19507.58564,151567.368,Both,Married,17,34,Sales,National Sales Manager
3661,cQfDGADG,"zmTKyqRx St, VuOMgGComU, HYD 640330",117605.2,19-12-1994,06-09-1967,56,Female,2,6924.48,27755.97178,17443.34061,134842.3112,None,Divorced,29,35,Marketing,Marketing Director
3662,mejQJZmG,"bptqruHk St, XatPNxjWmy, PUN 323569",128117.73,22-06-2008,17-04-1966,58,Female,4,11252.227,30237.03117,19002.57134,150604.4168,Both,Married,16,37,Marketing,National Marketing Manager
3663,lSsnFito,"oarzeEWk St, hyjmFJSzUO, CHN 651129",123226.53,27-08-2002,26-06-1969,55,Other,3,8080.347,29082.66036,18277.10284,142112.4345,Both,Married,21,34,Human Resources,HR Director
3664,nJTwywsT,"CLJcTvIc St, CoSzsbrYOU, HYD 718167",138360.11,11-10-2019,17-04-1966,58,Male,2,9695.989,32654.33253,20521.7331,160188.6984,Medical,Widowed,4,37,Marketing,National Marketing Manager
3665,clUqGTbk,"kxzzLaHb St, VLirpCZCHV, KOL 734771",86707.78,17-06-2018,13-02-1992,32,Other,1,6121.222,20463.87995,12860.59919,100432.2828,None,Married,6,11,Finance,Senior Account Executive
3666,RgwRVfPI,"LJXYrjpK St, imxWgqTRvk, BLR 513704",42704.95,01-03-2024,14-02-2001,23,Other,0,7682.505,10078.78382,6334.048058,54132.19076,None,Single,0,2,Human Resources,HR Representative
3667,Myvnvaiq,"WaHCteoA St, itcAZFnPoi, PUN 934254",92022.18,14-05-2014,23-11-1979,44,Other,1,4938.782,21718.13007,13648.83721,105030.2549,Medical,Married,10,23,IT,QA Lead
3668,AzcZMLwY,"oYdOdVUy St, cuFHijfHSq, BLR 823678",101170.17,14-11-2012,14-03-1981,43,Male,1,12239.983,23877.14474,15005.67777,122281.62,Both,Divorced,11,22,Human Resources,Senior HR
3669,MBQomljQ,"aLwzsPDt St, uTlbPQLhGT, PUN 657513",84216.94,22-09-2004,10-01-1983,41,Male,1,6691.306,19876.01747,12491.1549,98293.10857,Both,Divorced,19,20,Human Resources,Senior HR
3670,BNlJTtqX,"cSXmOrrz St, KJNYQoAZwj, AMD 155682",128519.09,22-09-1994,23-12-1965,58,Other,4,6768.091,30331.75603,19062.10152,146556.8355,Life,Married,29,37,Marketing,Marketing Director
3671,sGzYqfmW,"WhbdryoH St, gGaMurBPqX, AMD 453635",60917.17,06-12-2019,07-03-1996,28,Male,1,11873.283,14377.04499,9035.305799,78132.19219,Life,Married,4,7,IT,Software Engineer II
3672,fLXbuNjL,"fHfonktI St, iMAwctqmCw, AMD 389950",142625.52,28-09-2015,10-09-1968,55,Male,4,6372.448,33661.0108,21154.3837,161504.5951,Both,Married,8,34,Sales,National Sales Manager
3673,kGgbMPPJ,"joKOqzvR St, qlohYkgYcZ, KOL 785884",48136.19,12-12-2019,05-05-1997,27,Other,0,7790.381,11360.60932,7139.615918,60147.5644,Both,Single,4,6,Finance,Account Executive
3674,UmufdzUj,"raDFPzND St, HyezSOgJDa, KOL 625372",139614.34,04-10-2016,28-11-1968,55,Other,3,10391.566,32950.34302,20707.76196,162248.4871,Life,Married,7,34,Finance,National Account Head
3675,vySKnjbg,"vvymhIDK St, aYtDBIzCgT, MUB 341074",24595.79,11-05-2020,17-09-1999,24,Male,0,6808.421,5804.845815,3648.076298,33560.98052,Both,Single,4,3,Finance,Account Representative
3676,fiqAEneO,"rLKcAswV St, esHUNWhrXx, HYD 476975",139828.38,05-02-1992,22-01-1965,59,Other,4,4631.162,33000.85854,20739.50862,156720.8919,None,Married,32,38,Sales,Sales Director
3677,PbkstdhC,"GtpPVVDL St, YKHqziCqiG, AMD 554336",112942.09,04-01-1999,08-04-1972,52,Other,2,11562.791,26655.43243,16751.70269,134408.6107,Both,Married,25,31,Marketing,National Marketing Manager
3678,arecAXBz,"NnNAlNnd St, sETsQHcVcs, BLR 274915",28455.27,09-12-2022,28-12-1999,24,Female,2,4591.473,6715.720657,4220.518879,35541.94478,Both,Married,1,3,IT,QA Engineer I
3679,kiaxLGNp,"Ukjaebub St, geQLNVjKbX, PUN 256785",115702.42,07-08-1988,08-06-1966,58,Female,1,10192.758,27306.89718,17161.11806,136040.9571,Life,Married,35,37,IT,IT Manager
3680,lkHcjidz,"GZgsorfj St, zqqZYGdFfr, HYD 319943",21808.19,06-11-2023,19-12-2001,22,Female,0,6990.181,5146.945085,3234.61621,30710.69987,Both,Single,0,1,Human Resources,HR Representative
3681,cpPVJjRe,"eQQIHpsv St, OPKkzofxcs, DEL 142284",118581.58,16-08-1994,09-02-1969,55,Female,1,7334.842,27986.40696,17588.15844,136314.6705,Life,Married,29,34,Finance,National Account Head
3682,xIVlgIOE,"XJmVWRrJ St, IpUDqNLTxi, MUB 484779",101568.63,27-08-2021,12-11-1989,34,Male,2,14325.137,23971.18518,15064.77782,124800.1744,None,Divorced,2,13,Finance,Regional Account Head
3683,IOfbqYup,"bSKVTbSc St, STwTdJdueQ, MUB 742127",126383.73,23-06-1998,20-03-1968,56,Female,3,9926.627,29827.79029,18745.38244,147392.7649,Medical,Divorced,26,35,IT,IT Manager
3684,rEDzTPYh,"WRNuPysr St, gVGAtyWmLN, MUB 328485",144175.63,23-07-2022,25-02-1976,48,Male,2,10507.437,34026.85185,21384.29782,167325.621,None,Married,1,27,Human Resources,HR Director
3685,BHSIZYPY,"FabzEkPd St, AcYZusQKPo, AMD 669957",51047.89,09-07-2013,11-10-1992,31,Male,1,4990.211,12047.79886,7571.482663,60514.41719,Both,Divorced,11,10,IT,QA Engineer II
3686,ablIacLW,"QtEQUvZK St, UbCeatifsz, MUB 232496",84304.21,25-09-2013,28-08-1980,43,Female,1,6671.579,19896.61404,12504.09888,98368.30415,Both,Married,10,22,Finance,Regional Account Head
3687,gxGTKjIG,"pojwxYaf St, MsCiqzrffO, MUB 737791",62711.17,27-03-2024,20-01-1999,25,Other,3,6942.883,14800.44645,9301.393974,75153.10547,None,Married,0,4,Finance,Account Associate
3688,eQRxqJuX,"IwkwuNJg St, tijymrNKcm, DEL 385816",134541.39,08-07-2017,01-02-1970,54,Other,3,7511.861,31753.07745,19955.33609,153850.9924,None,Married,7,33,Human Resources,Recruitment Manager
3689,tTieeWQK,"qnCjBmpR St, uYpuiWwPOQ, MUB 144697",86633.96,27-01-2014,27-03-1986,38,Female,2,6621.604,20446.45771,12849.65013,100852.3716,Medical,Divorced,10,17,Human Resources,Senior HR
3690,sdJrgENw,"IyyllxGi St, StUfLkKzjd, KOL 781557",137754.04,01-05-2000,19-10-1972,51,Other,3,8845.596,32511.29411,20431.84009,158679.09,Life,Divorced,24,30,Finance,Account Director
3691,YkaaDAqP,"MgEQvbvt St, hpamshZXuo, DEL 360822",81662.08,15-04-2005,09-08-1981,42,Female,2,6002.792,19273.04564,12112.21508,94825.70257,Medical,Married,19,21,Marketing,Regional Marketing Manager
3692,ysWrhIMy,"sdlNVrLN St, lCVMBHzkyM, PUN 781975",111095.12,26-05-2009,11-08-1972,51,Other,2,11838.488,26219.52954,16477.75794,132675.3796,None,Married,15,30,Sales,Sales Director
3693,LOLYwnMT,"ooiySiLC St, CHOtQolQKD, BLR 921892",144145.63,28-06-2003,14-04-1976,48,Female,3,8042.437,34019.77156,21379.84819,164827.9904,Medical,Divorced,21,27,Finance,Account Director
3694,lWUdluuL,"vABOBqzQ St, HffnOQtaDb, MUB 697510",78760.35,23-09-2022,04-07-1992,32,Other,2,6133.965,18588.20912,11681.82709,91800.69703,Both,Married,1,11,IT,Software Engineer III
3695,cUDDrjIU,"crxMBeAB St, QIUleznQLm, MUB 310600",90663.93,01-11-2020,15-07-1980,44,Male,3,6210.607,21397.56985,13447.37998,104824.7269,Medical,Married,3,23,Finance,Regional Account Head
3696,rESGGzxO,"SJAOdHWb St, suDvpxImLO, KOL 954670",33254.68,14-10-2020,25-08-1999,24,Female,3,7352.532,7848.428127,4932.372975,43523.26715,None,Married,3,3,IT,Software Engineer I
3697,WaBXOElv,"JLGMkBeX St, TrGIUyPDOl, CHN 952434",63006.41,06-05-2018,01-01-1997,27,Female,3,6750.359,14870.12596,9345.184315,75281.71065,Life,Married,6,6,IT,Software Engineer II
3698,VANuJmtA,"OYVoDXvy St, eSQJTzrUoB, MUB 835866",148637.36,27-12-2021,20-09-1976,47,Male,3,8104.264,35079.86355,22046.06683,169775.4207,Life,Married,2,26,Finance,Account Director
3699,ErWVzOtk,"HyNFirPA St, MkPmiGLEbW, KOL 387904",90163.59,26-10-2016,24-12-1989,34,Male,2,7410.641,21279.48474,13373.16897,105480.5468,Medical,Divorced,7,13,Marketing,Regional Marketing Manager
3700,KsBUSHOz,"KqcbTgsL St, foUsETgvDZ, KOL 763344",103273.55,19-02-2017,05-07-1989,35,Female,2,9663.645,24373.5629,15317.65355,121993.1043,Life,Married,7,14,Human Resources,ERP Head
3701,ajZfbYtD,"UexTfxMj St, iVTRDbnBDz, KOL 267889",19410.11,17-07-2023,17-08-2000,23,Other,0,7182.989,4580.974866,2878.930184,28295.14368,Medical,Single,1,2,IT,Software Engineer I
3702,UpkdyaID,"rXfdBahS St, fDTbwWRyse, DEL 988637",54274.4,26-04-2021,28-08-1998,25,Female,3,6316.56,12809.28662,8050.042394,65350.20422,None,Married,3,4,Human Resources,HR Executive
3703,jIydDjfg,"sKlEqlRa St, UWFwQGRNzJ, AMD 560086",92807.55,19-08-2004,02-04-1979,45,Male,,4429.245,21903.48504,13765.3242,105374.9558,None,,19,24,Sales,Senior Executive
3704,nfulWJPZ,"ghvwBKIO St, DHRfaVJcNS, KOL 996463",48933.43,09-06-2023,20-04-1999,25,Female,0,7664.657,11548.76572,7257.863486,60888.98923,Medical,Single,1,4,Sales,Sales Representative
3705,ztWVADKh,"TMKpCSiF St, RnCijfIHqX, DEL 158771",145323.04,06-03-2008,10-06-1970,54,Male,3,4179.696,34297.65178,21554.48301,162245.9048,Medical,Married,16,33,IT,Technical Lead
3706,JvhnVjeZ,"XUdwXeqI St, uqYyUiBuTU, CHN 719503",75108.39,19-12-2024,06-05-1989,35,Female,2,5969.161,17726.31102,11140.16412,87663.6979,Life,Married,-1,14,Sales,Senior Executive
3707,qbEIFXzf,"bRcdVqBi St, HZwHRHwPEo, BLR 445575",104109.69,17-02-2002,21-04-1978,46,Other,1,10357.031,24570.90007,15441.67081,123595.9503,Medical,Married,22,25,Marketing,Senior Marketing Executive
3708,gGYaxBIT,"TFQozJTu St, NVhAMqFFpd, MUB 150578",127872.99,08-01-2005,12-01-1973,51,Other,1,6180.701,30179.27015,18966.27122,145266.6899,None,Divorced,19,30,Human Resources,Recruitment Manager
3709,GrtejhGw,"nsJzmThB St, wljuFrJEmh, KOL 392136",99444.33,02-02-2015,06-04-1984,40,Female,2,4159.567,23469.82971,14749.69916,112324.0275,None,Divorced,9,19,Marketing,Senior Marketing Executive
3710,AFSpZnIZ,"EfkrUuzt St, xGICDIHuQs, MUB 550453",87124.51,21-06-2014,26-09-1987,36,Male,4,4486.549,20562.23229,12922.40907,99250.88221,Medical,Married,10,15,Finance,Regional Account Head
3711,lLhyASFy,"GRHyxNqQ St, SpONAmNHVO, HYD 412459",88188.03,18-12-2021,20-01-1988,36,Male,4,5337.197,20813.23336,13080.1516,101258.3088,Medical,Married,2,15,Finance,Regional Account Head
3712,vJcdntON,"rWTwqLxf St, WsrBvrJudg, PUN 195031",94258.83,02-03-2016,11-12-1990,33,Female,3,8522.117,22246.00124,13980.57975,111046.3685,Life,Married,8,12,Finance,Senior Account Executive
3713,xtylflmL,"RislcPLV St, vptQhRWSJB, HYD 666911",87841.9,10-11-2015,17-02-1984,40,Male,1,7254.81,20731.54331,13028.8132,102799.4401,None,Married,8,19,Marketing,Senior Marketing Executive
3714,FTsdFfna,"exsGzbRy St, CmNfQlDFxE, KOL 489258",60499.33,17-03-2022,24-03-1994,30,Other,2,10494.067,14278.43068,8973.331282,76298.4964,Life,Married,2,9,Human Resources,HR Executive
3715,wTbSPjsE,"MGYaPDKB St, oSzaYfVgqL, KOL 346242",72063.35,23-05-2018,25-10-1992,31,Female,2,6422.665,17007.65195,10688.52023,84805.14671,Medical,Married,6,10,Sales,Sales Executive
3716,kdCuRwZD,"ENkbxVpe St, TApZWqDlGC, MUB 288631",148133.44,02-12-2020,24-09-1970,53,Other,3,5749.656,34960.93353,21971.32482,166872.7047,Medical,Married,3,32,Marketing,Marketing Director
3717,RpYBjZvm,"VeRSYfpm St, sMuCOHVEzR, CHN 900897",110202.74,15-03-2015,26-08-1967,56,Female,1,12665.726,26008.91917,16345.3991,132531.9861,Medical,Married,9,35,Sales,Sales Director
3718,WEKxbBmF,"pMSNEtUk St, HIAwpTepaD, MUB 682337",66437.29,22-02-2019,10-12-1994,29,Male,1,6460.271,15679.84703,9854.056444,78723.35159,None,Married,5,8,Marketing,Marketing Associate
3719,MFlOMOtW,"mqKDuXBv St, oWWkioIuvF, BLR 578545",108910.41,15-12-2010,01-12-1978,45,Other,,10440.959,25703.91672,16153.71921,128901.5665,Medical,,13,24,Marketing,Senior Marketing Executive
3720,CtTgpiwW,"QeSJSPqS St, vqrajskKRw, MUB 697634",49608.79,21-10-2022,22-05-1997,27,Female,0,5325.121,11708.15725,7358.03367,59284.03458,Medical,Single,1,6,Finance,Account Associate
3721,LfSgWnqE,"AmTijaPJ St, EXOCnpHMKs, MUB 351649",99722.67,15-01-2022,23-09-1984,39,Female,2,4882.733,23535.52066,14790.98288,113349.9408,Both,Married,2,18,Marketing,Senior Marketing Executive
3722,HUBxFnpn,"zgVmFrdW St, WZZZlbysLy, HYD 239912",143573.87,24-02-2022,22-11-1967,56,Female,4,5633.613,33884.83063,21295.04408,161797.2696,Both,Married,2,35,Sales,National Sales Manager
3723,ZbHVIlqa,"eOPSYLbw St, UeAXwbPDJx, KOL 384491",117835.68,18-03-1998,13-04-1968,56,Other,2,6572.432,27810.3673,17477.52568,134740.9536,None,Married,26,35,Marketing,Marketing Director
3724,fqMFqMhl,"lRzCKput St, cRnBFAelit, AMD 455986",142616.47,24-02-2018,04-12-1966,57,Other,1,6202.353,33658.87491,21153.04139,161324.6565,None,Widowed,6,36,Human Resources,HR Director
3725,gQXSSqHV,"QYcGAkSO St, HBPNWdFEhC, CHN 676518",49633.47,27-02-2020,13-05-1998,26,Male,0,5566.653,11713.98197,7361.694236,59552.41073,Medical,Single,4,5,Sales,Sales Representative
3726,KvLOrpys,"yuCkCDPM St, AZbWLHpgFY, HYD 553803",124753.14,24-05-2024,02-01-1976,48,Other,3,10911.686,29442.95518,18503.53142,146604.2498,None,Married,0,27,IT,Technical Lead
3727,oGYDzCNP,"nTlhvNtr St, tUEkPCwWjC, PUN 473487",92550.94,20-11-2018,01-04-1986,38,Male,3,8293.906,21842.92258,13727.26351,108960.5051,Both,Married,5,17,Marketing,Senior Marketing Executive
3728,wVjFDKeh,"KdsmdEEf St, NRyddiwMyt, MUB 666681",22161.87,02-12-2021,14-12-2000,23,Male,0,7269.813,5230.417007,3287.074441,31375.02557,Medical,Single,2,2,Marketing,Marketing Intern
3729,pFNqSKUC,"evDiSdDd St, JVapwXpfXq, PUN 684566",57887.21,21-02-2021,27-07-1992,31,Female,3,5169.279,13661.94494,8585.898593,68132.53535,Both,Divorced,3,10,Marketing,Marketing Associate
3730,cpaVWzeu,"zUDTzoxI St, YAoYKlZDTW, BLR 914722",108728.46,11-04-2006,08-10-1982,41,Female,2,7908.154,25660.97474,16126.73217,126170.8566,None,Married,18,20,Sales,Senior Executive
3731,kYYPaXyX,"vlxmFVaD St, xJRkpysnKa, DEL 168116",35189.71,22-06-2023,07-08-2002,21,Female,0,7323.029,8305.114039,5219.378885,45598.47415,Both,Single,1,0,Human Resources,HR Intern
3732,aXVXgpZa,"BSMxOzTC St, UcgmbefHAD, PUN 422639",109539.94,04-04-2010,14-02-1984,40,Other,4,9555.006,25852.49192,16247.09183,128700.3461,Both,Married,14,19,Marketing,Regional Marketing Manager
3733,yCpJxLMN,"GqXwybRl St, xCwjUZOXhr, MUB 271199",88859.04,27-04-2019,14-08-1981,42,Male,3,7493.096,20971.59825,13179.67659,104144.0577,Medical,Divorced,5,21,Finance,Senior Account Executive
3734,EbXtsRrh,"bQrcLkvy St, gXJOqeqmim, PUN 612544",75825.08,09-07-2011,15-05-1979,45,Female,,7584.492,17895.45684,11246.46442,90058.56442,Medical,,13,24,IT,Software Engineer III
3735,DNGPyvga,"WdEzxyaD St, mqgpHALQaG, KOL 976354",96447.76,06-12-2021,14-07-1989,35,Male,3,4688.224,22762.61002,14305.2444,109593.3496,Life,Divorced,2,14,Marketing,Regional Marketing Manager
3736,toHeKKKo,"gMBpxNhj St, EzyPuFhfoI, BLR 491982",82516.59,24-06-2014,19-08-1984,39,Female,2,9651.341,19474.71832,12238.957,99403.69232,Life,Divorced,10,18,Human Resources,ERP Head
3737,NcmbJKky,"EOwQiKaU St, dmPeMKyyyE, DEL 955551",89268.87,08-11-2010,25-03-1988,36,Female,2,4619.113,21068.32212,13240.46305,101715.8421,Both,Married,13,15,Marketing,Senior Marketing Executive
3738,ypTCQRsc,"sJVINFxs St, iDXekzTvCX, PUN 632528",99288.73,02-12-2021,27-07-1988,35,Female,2,4280.127,23433.10659,14726.62039,112275.3432,Life,Married,2,14,Finance,Senior Account Executive
3739,wVCrxJUH,"zndpWAKW St, AxzDzlVnHS, BLR 586992",67528.89,10-11-2020,17-02-1996,28,Other,0,8195.111,15937.47526,10015.96383,81645.51242,Medical,Single,3,7,Sales,Sales Representative
3740,unVEjrLc,"fMgJpBKf St, iAFVsUDaSp, BLR 385675",39341.61,25-10-2021,08-02-2000,24,Female,2,8992.839,9285.002847,5835.193542,51784.25831,Medical,Married,2,3,Marketing,Marketing Intern
3741,mgtJTdbQ,"JQsPrgFy St, lIYEmkxLKe, DEL 292140",104709.99,20-08-2018,03-02-1991,33,Male,4,13229.001,24712.57672,15530.70801,127120.8597,Medical,Married,5,12,Marketing,Senior Marketing Executive
3742,UwBJIhWX,"ceNYbqHd St, GJgXSQCBat, HYD 667328",133865.71,06-03-2002,13-08-1972,51,Other,2,6588.429,31593.61039,19855.11845,152192.6309,None,Married,22,30,Finance,Account Director
3743,pOiHGCfC,"TzAkCxzG St, UxdpYnhfbV, DEL 930034",114877.84,14-10-2012,03-04-1967,57,Male,2,10330.216,27112.28827,17038.81539,135281.5289,Both,Widowed,11,36,IT,Technical Lead
3744,RiCimZIv,"xsMlVVqJ St, epdgZlmkCW, MUB 881486",95596.71,06-09-2008,09-10-1981,42,Female,4,3458.329,22561.75394,14179.01567,107437.7773,Both,Married,15,21,Finance,Senior Account Executive
3745,VYNlOFbq,"qyvQOAni St, facdbAJbFp, AMD 525338",38875.21,21-11-2023,04-10-2001,22,Female,0,7977.479,9174.927908,5766.016549,50261.60036,Life,Single,0,1,Marketing,Marketing Intern
3746,MNtIUeeQ,"LTuhEIRn St, WNBQapQOPp, AMD 344032",64194.64,17-05-2024,15-05-1995,29,Female,3,8131.536,15150.55981,9521.423977,77955.31183,Both,Married,0,8,Human Resources,HR Associate
3747,EBCgyyhm,"stcRcUDZ St, tmXZxjexhd, BLR 790085",35478.11,12-09-2023,15-10-2001,22,Female,0,8661.189,8373.179246,5262.154709,47250.32354,Medical,Single,0,1,IT,QA Engineer I
3748,aTQrldiP,"QIifXuxM St, fDaXiarbuL, BLR 199780",58911.68,20-02-2023,05-07-1998,26,Female,0,5205.832,13903.72983,8737.84918,69283.39265,None,Single,1,5,Human Resources,HR Associate
3749,FQtGHwsS,"bfQFdflo St, LDCBSFiRTF, KOL 915277",80779.6,13-11-2014,09-07-1988,36,Female,4,8651.04,19064.77178,11981.32461,96514.08716,Both,Married,9,15,IT,QA Lead
3750,DQnGKSgY,"McUdhKhh St, IljtTrGEKl, HYD 702109",89897.73,11-11-2021,26-07-1987,36,Other,2,8972.227,21216.7392,13333.7363,106752.9599,Medical,Married,2,15,IT,QA Lead
3751,GAJpWYzl,"yruZvqWq St, EXYceRjmIN, HYD 485975",113313.45,28-04-2020,27-11-1970,53,Other,4,12247.655,26743.07701,16806.78324,135497.3988,Life,Married,4,32,Marketing,Marketing Director
3752,aXVhfzrL,"sUgWFKpL St, HyjJRBRWBT, AMD 433906",81124.59,19-04-2017,12-04-1984,40,Other,4,8438.541,19146.19277,12032.49393,96676.82984,Life,Married,7,19,Sales,Senior Executive
3753,tCsAZtCG,"eeKdtVXp St, NlnbnRXddj, PUN 317420",106423.15,20-01-2010,26-07-1981,42,Male,2,9421.685,25116.89915,15784.8059,125176.9283,Life,Married,14,21,Human Resources,ERP Head
3754,juIpoEzz,"sQAvtoAC St, eCYVRjyqIu, KOL 431652",140387.96,20-11-2019,07-03-1970,54,Male,1,4360.204,33132.92487,20822.50618,157058.5827,Medical,Widowed,4,33,Sales,National Sales Manager
3755,jvRXHjEJ,"pbtUtjVZ St, SDjzVMSyIe, KOL 400030",97251.89,18-04-2005,03-12-1980,43,Male,1,5325.811,22952.39253,14424.5139,111105.5796,Medical,Divorced,19,22,Finance,Regional Account Head
3756,tWQutApW,"DLpbxeEd St, UvfAgqxkEs, KOL 837396",138890.12,15-02-2019,19-07-1972,51,Other,2,5539.988,32779.42005,20600.34481,156609.1832,Life,Divorced,5,30,Finance,National Account Head
3757,JGKnYgda,"sMWNkTbX St, teHOtIiVpU, CHN 160908",110562.96,15-02-2008,15-05-1974,50,Female,2,11529.704,26093.9346,16398.82735,131787.7712,Medical,Widowed,16,29,Finance,National Account Head
3758,wDOqbdpV,"KeLDLBzp St, KsWERYcBwM, AMD 710418",87089.27,23-12-2017,25-01-1982,42,Female,1,4327.073,20553.9153,12917.18224,99053.07607,None,Divorced,6,21,Human Resources,Senior HR
3759,QRjVkLJb,"jTqJBsWH St, PRSAoVmldj, HYD 744053",125396.35,06-10-2006,16-02-1969,55,Female,2,6232.365,29594.759,18598.93308,142624.5409,Medical,Married,17,34,Human Resources,Recruitment Manager
3760,ytAZpdyi,"LaUVTFdZ St, tFMgmPzMTE, HYD 327681",53476.76,24-01-2017,02-05-1996,28,Female,1,4676.324,12621.03582,7931.735498,62842.38432,Medical,Married,7,7,Finance,Account Associate
3761,bSXFdRGH,"rvLuFyKn St, oZgHwcrojq, MUB 203355",68159.23,07-12-2019,24-08-1995,28,Female,4,9097.077,16086.24163,10109.4566,83233.09203,Medical,Married,4,7,IT,Software Engineer II
3762,zraOFlqp,"rFIegoIq St, NVYKEkgJqd, CHN 132956",83634.52,15-03-2012,21-09-1985,38,Other,4,4714.548,19738.56068,12404.76968,95682.859,Life,Married,12,17,Finance,Regional Account Head
3763,sFxfZFgc,"RCscMwyq St, uiMLkoDLcZ, PUN 216437",106784.92,05-01-2016,03-09-1988,35,Female,4,14068.508,25202.28039,15838.46405,130217.2443,None,Married,8,14,Finance,Regional Account Head
3764,cnxHAnKI,"kanYwQYF St, kRyDRjfRGM, HYD 462302",61070.68,26-12-2018,01-01-1993,31,Male,3,8483.932,14413.27484,9058.074581,74909.81226,Both,Married,5,10,Finance,Account Executive
3765,zeUxgeZk,"XMSvaPLp St, TwPXmRZJyt, CHN 952356",44824.65,15-11-2022,05-02-2000,24,Other,2,7235.535,10579.05365,6648.444438,55990.79421,None,Married,1,3,IT,Software Engineer I
3766,hkDJRfgk,"RofKYTrm St, xbzpXnpbio, CHN 871891",133571.91,21-05-2003,19-04-1967,57,Male,1,5360.809,31524.27073,19811.54169,150645.448,Life,Widowed,21,36,IT,IT Manager
3767,bVAykNbn,"xBmBbHzF St, mjVIeqRxWF, BLR 922705",75521.55,06-07-2007,06-07-1982,42,Other,3,8303.845,17823.8208,11201.4445,90447.77131,Both,Married,17,21,Finance,Regional Account Head
3768,zTifjWmz,"CcDsghmh St, cSQTfIJPjp, AMD 530552",82657.69,17-01-2001,07-07-1980,44,Male,3,5884.231,19508.01929,12259.88512,95790.05518,Life,Married,23,23,IT,QA Lead
3769,mwozQLaX,"ZNpRArgP St, DhXraPHqQE, AMD 988137",35162.56,19-08-2024,04-06-2000,24,Female,0,8283.744,8298.706375,5215.351965,46529.65841,None,Single,-1,3,Marketing,Marketing Development Representative
3770,pPyGEOkS,"HYtyaQNu St, cdAgYuZUtK, AMD 454226",138583.27,23-09-2014,12-03-1969,55,Female,2,8022.673,32707.00046,20554.83246,158758.111,Life,Divorced,9,34,Sales,National Sales Manager
3771,mGavkftL,"sjdcUqqh St, xSCZVgkBPZ, MUB 206665",98605.15,08-11-2004,14-06-1980,44,Male,3,4670.485,23271.77506,14625.23101,111922.1791,Life,Married,19,23,Finance,Regional Account Head
3772,suLfMydC,"UhadzerE St, OcQkDLOkri, BLR 558367",108147.16,06-04-2004,18-05-1981,43,Other,3,10798.284,25523.78229,16040.51307,128428.7132,None,Divorced,20,22,Finance,Regional Account Head
3773,IkUQMFXT,"VMgYCEmR St, FqUDYcskAP, PUN 921577",19979.36,04-11-2021,14-03-2000,24,Male,0,5404.064,4715.323406,2963.362009,27135.3854,None,Single,2,3,Human Resources,HR Intern
3774,BBadlWWl,"rLzCvlPE St, ukmdYJZiay, HYD 160765",31533.56,27-11-2023,18-09-2002,21,Other,0,7431.644,7442.227056,4677.094447,41730.33661,Life,Single,0,0,Sales,Sales Development Representative
3775,wNEHfAcp,"fwfXHQMZ St, KwdRQEcJlS, KOL 255373",106542.89,20-03-2016,23-12-1977,46,Female,2,7419.711,25145.15895,15802.56587,123305.1941,Life,Married,8,25,IT,QA Lead
3776,YPQvSndt,"MFmVVnHV St, nMHTDDZAio, PUN 241146",110672.64,17-10-2022,05-02-1969,55,Female,2,10898.736,26119.82015,16415.09522,131276.1009,Both,Widowed,1,34,Marketing,National Marketing Manager
3777,tXhBmMuO,"OkGmHbQe St, MUsbGsbJNw, CHN 451746",107988.31,28-10-2024,19-06-1992,32,Male,2,11122.169,25486.29214,16016.95226,128579.8189,Medical,Married,-1,11,Finance,Senior Account Executive
3778,euaDJMEE,"jInZfoRm St, yKpfVZZbcG, KOL 463802",98478.47,11-02-2021,11-10-1991,32,Female,1,7556.153,23241.87735,14606.44168,114670.0587,None,Married,3,11,IT,QA Lead
3779,OkSEJNgQ,"kxEVwGTD St, AEkctVNWnG, MUB 321491",119237.13,12-10-2019,21-01-1966,58,Female,1,6685.287,28141.12314,17685.39038,136378.1498,Both,Divorced,4,37,Sales,National Sales Manager
3780,JRGAMiTZ,"tgEfCUVI St, pzjRFBeAmf, CHN 533281",145080.87,22-10-1991,28-02-1964,60,Female,1,9930.913,34240.4973,21518.56408,167733.7162,Both,Divorced,32,39,Marketing,Marketing Director
3781,YOvEHLDH,"GjQBvEPh St, oUwycxCoEw, KOL 320139",83022.14,15-09-2015,05-02-1992,32,Male,3,6046.786,19594.03304,12313.94076,96349.01828,Both,Divorced,8,11,IT,Software Engineer III
3782,UhBnSwXm,"rEsXlyiv St, XhyqxhhDgr, PUN 955306",142629.81,22-09-2003,10-05-1974,50,Female,2,6114.019,33662.02328,21155.01999,161250.8323,Life,Married,20,29,Marketing,Marketing Director
3783,GXwmsYfS,"fCJlEewL St, uFjBEmwvbl, CHN 329280",85822.24,28-09-2020,02-12-1991,32,Other,1,7284.776,20254.88389,12729.25487,100632.645,Medical,Married,3,11,Finance,Senior Account Executive
3784,PxQBCwLv,"gnjDgwwu St, MiksORkPGU, DEL 838456",144449.68,22-01-2021,12-11-1976,47,Male,2,7426.032,34091.53032,21424.94524,164542.2971,None,Divorced,3,26,Finance,National Account Head
3785,CEMzHwEb,"ydyNgLtQ St, rVfAFVKoJW, DEL 970037",102769.13,02-12-2010,04-12-1978,45,Male,,14419.087,24254.51487,15242.83738,126199.8945,None,,13,24,Sales,Senior Executive
3786,ACQptRFH,"kRUuvSeE St, lVklmRgcQH, MUB 884704",24491.21,01-10-2022,27-09-2001,22,Female,0,6373.879,5780.163917,3632.56487,33012.68805,Medical,Single,1,1,IT,QA Engineer I
3787,KNpsPhRA,"TnRiYkrk St, hZFdMbeokX, BLR 573010",76484.24,01-05-2019,01-02-1992,32,Female,4,7218.576,18051.02501,11344.2318,90409.60921,None,Married,5,11,IT,QA Lead
3788,rqnnczES,"ABJEdYvh St, PoQQklEtVT, DEL 854000",84825.01,05-09-2011,14-03-1984,40,Male,4,7626.499,20019.52791,12581.34455,99889.69236,Medical,Married,12,19,Sales,Regional Sales Manager
3789,OtPvzbUi,"FRxmgmAu St, AJjkQuAeMG, MUB 237216",130581.11,04-06-2006,13-09-1968,55,Male,2,9327.889,30818.41282,19367.94274,151359.4691,Both,Married,18,34,IT,Technical Lead
3790,VVzkpSge,"VXwtivHs St, WfKkudTnoo, CHN 774702",145736.61,13-09-2004,09-03-1970,54,Other,4,7469.339,34395.25832,21615.8242,165985.3831,Medical,Married,19,33,Marketing,National Marketing Manager
3791,dCmzBpAg,"HgiYJvIg St, CCTSovQDUC, PUN 995725",111282.05,22-11-1993,23-08-1971,52,Female,1,11511.795,26263.64684,16505.48362,132552.0082,None,Widowed,30,31,Human Resources,HR Director
3792,FnOEnnJW,"UEvgtjMA St, lAGHbtZwZT, BLR 647552",71935.68,02-08-2017,10-03-1996,28,Female,2,6688.432,16977.52058,10669.58407,84932.04851,Life,Married,6,7,Human Resources,HR Executive
3793,qCaPUubS,"aXGnYeWz St, TtVxIKLKRg, AMD 487341",70919.22,26-11-2023,27-04-1998,26,Female,0,7718.078,16737.62613,10518.82154,84856.1026,Life,Single,0,5,Human Resources,HR Associate
3794,dEUnrFWj,"cmnysvaS St, zJyCymIDTm, HYD 277578",78385.26,20-12-2011,04-12-1981,42,Male,3,7131.474,18499.68423,11626.19331,92390.22493,None,Married,12,21,Sales,Regional Sales Manager
3795,CGOtzQKB,"mrqllduJ St, DlRlFscOUz, CHN 571619",87237.8,22-12-2022,18-12-1988,35,Female,1,8612.22,20588.96983,12939.21238,103499.7775,Life,Married,1,14,IT,Software Engineer III
3796,LHPKOsQT,"YHlsORhA St, LwojNbyytD, CHN 158107",61755.02,05-08-2022,18-12-1996,27,Female,4,10491.498,14574.78574,9159.576689,77661.72705,Life,Married,1,6,Sales,Sales Executive
3797,CjplAQQH,"ChWnKMZR St, ytVcdbvmyl, BLR 787793",81997.13,09-07-2008,04-11-1980,43,Female,4,6680.287,19352.12071,12161.91008,95867.62762,Medical,Married,16,22,Finance,Regional Account Head
3798,Ljlaohph,"LrRIBHmI St, sMvwtIZCsy, BLR 951391",93533.78,21-06-2015,26-09-1979,44,Other,3,7396.622,22074.88238,13873.03949,109132.2449,None,Divorced,9,23,Finance,Senior Account Executive
3799,SALHvmNr,"zyChoPyE St, zGaMJtRVfu, AMD 423079",95391.33,25-06-2015,21-01-1988,36,Female,1,7254.867,22513.28226,14148.55347,111010.9258,None,Married,9,15,Human Resources,ERP Head
3800,VqGRClhk,"WgAaiVll St, ZcMsoUzgXo, AMD 811362",82104.67,02-12-2008,13-01-1984,40,Male,2,8270.533,19377.50119,12177.86054,97574.84365,Life,Married,15,19,Sales,Senior Executive
3801,PNJBvLpv,"kwsahuxH St, EAaAzNjMXK, BLR 847907",142517.42,15-12-1999,14-06-1966,58,Other,3,9446.258,33635.49815,21138.35018,164460.826,Both,Married,24,37,IT,Technical Lead
3802,cwcpdfHR,"FphMaLZy St, lFUXxmpjBo, CHN 216519",33157.34,15-10-2024,11-04-2001,23,Female,0,9009.266,7825.454939,4917.935393,45074.12555,Both,Single,-1,2,Sales,Sales Development Representative
3803,gcDWiSXo,"NIxJOKJe St, NfNXcbvYKh, KOL 582724",19267.46,20-01-2024,07-05-2002,22,Male,0,5905.254,4547.308078,2857.772169,26862.24991,Both,Single,0,1,IT,QA Engineer I
3804,qgMPJDFN,"inVQUusM St, aYgGXZLnWE, AMD 160126",95928.15,07-09-2014,08-08-1981,42,Female,3,6911.185,22639.97701,14228.17524,111251.1368,Medical,Married,9,21,IT,Software Engineer III
3805,MKcFlYWN,"ptYOIdth St, qoHoOltZnN, PUN 587688",148748.96,14-08-1999,22-04-1975,49,Other,4,7661.104,35106.20224,22062.61947,169453.6468,Medical,Married,24,28,IT,IT Manager
3806,ihrPljoF,"CtSKXWFR St, zTrxXQzPcn, DEL 818144",132549.41,25-01-2003,27-06-1965,59,Female,4,8739.059,31282.95078,19659.88329,152911.5365,Life,Married,21,38,Marketing,National Marketing Manager
3807,GviODITL,"BfOaxaes St, HkEVlgfcxr, KOL 280528",122004.39,24-12-2009,22-09-1971,52,Female,1,12446.561,28794.22343,18095.83361,145149.3408,Medical,Married,14,31,Sales,National Sales Manager
3808,iGoUnPam,"dogMoFnB St, JuAMfYOkBm, BLR 235443",84701.28,08-05-2016,27-10-1991,32,Female,4,9043.872,19990.32642,12562.99277,101172.4857,None,Married,8,11,IT,QA Lead
3809,FDcsjBUE,"JsCAuTwi St, poZNvqJNXC, BLR 440362",119402.83,15-01-1998,01-05-1976,48,Female,4,9216.717,28180.22995,17709.96719,139089.8098,Medical,Married,26,27,Finance,National Account Head
3810,fSeuvmjX,"cxOQfEas St, tgTFfOMPbV, HYD 974406",102936.25,16-12-2011,19-09-1984,39,Female,4,13838.375,24293.95681,15267.62482,125800.957,Life,Married,12,18,Finance,Regional Account Head
3811,jejLbtRh,"sExmjPqK St, NEBMPYZsjr, AMD 489697",45043.95,23-03-2020,22-04-1997,27,Other,0,5964.605,10630.81058,6680.97127,54958.39431,Medical,Single,4,6,Sales,Sales Executive
3812,skkfKMYZ,"kpGeygYp St, IhkaLSAdVG, CHN 148029",54547.27,25-08-2023,01-06-1998,26,Female,0,5117.273,12873.68659,8090.514791,64447.7148,Both,Single,0,5,Finance,Account Executive
3813,SAVOpBTq,"rUAkoXUM St, UNZYVOVOLb, DEL 508451",137448.09,08-11-1999,21-01-1976,48,Other,2,9314.191,32439.08693,20386.46123,158814.9067,Both,Married,24,27,Marketing,National Marketing Manager
3814,sxIneaat,"aJcWLusZ St, fWLGrqKZPe, AMD 773454",28557.79,25-06-2022,09-02-2001,23,Other,0,6604.221,6739.916375,4235.724765,37666.20261,Life,Single,2,2,IT,QA Engineer I
3815,gYrPYWCl,"BqVLVePr St, MkVBKfCBqI, MUB 381743",125115.51,05-07-2010,26-01-1976,48,Female,4,8006.449,29528.47803,18557.27856,144093.1585,Both,Married,14,27,Human Resources,HR Director
3816,eATobAtd,"VZGRIpdP St, VgUvrvrTHN, AMD 417607",66692.62,19-04-2024,20-04-1999,25,Male,4,8800.738,15740.1074,9891.927288,81341.53811,Medical,Married,0,4,IT,QA Engineer II
3817,IWnjTDMr,"idvqxvxA St, OAnLfbgtkh, HYD 739069",87424.1,06-05-2010,22-08-1977,46,Male,3,8736.59,20632.93844,12966.84461,103826.7838,None,Married,14,25,IT,Software Engineer III
3818,bNJTqajQ,"NtAaXKQS St, DRyIIiwpfr, BLR 515414",42031.7,03-07-2022,13-06-2000,24,Other,0,7234.83,9919.890268,6234.190832,52952.22944,None,Single,2,3,Human Resources,HR Representative
3819,bxTatfsm,"CALnZXPA St, QoycmdtJyb, CHN 412045",77334.88,03-04-2007,24-11-1984,39,Other,4,5753.512,18251.78433,11470.39972,89869.77661,Both,Married,17,18,Human Resources,ERP Head
3820,nqpbNHAG,"gHgWQbwi St, flpmfehwlG, BLR 789588",108124.43,19-03-2018,24-10-1987,36,Male,3,10328.557,25518.41779,16037.14173,127934.2631,Medical,Divorced,6,15,Sales,Senior Executive
3821,kGBcXLeE,"tDTrAriR St, xdyzmPhwLA, BLR 264392",145724.41,14-08-2006,13-05-1972,52,Other,2,6193.559,34392.379,21614.01468,164696.3333,Life,Divorced,17,31,IT,IT Manager
3822,uotJLDqF,"eRnSSsra St, CitrsVKMlx, CHN 330594",81677.87,06-11-2011,01-11-1979,44,Other,3,8322.213,19276.77224,12114.55707,97162.29817,None,Married,12,23,Sales,Regional Sales Manager
3823,wOxLjdxs,"YHgawEKw St, XOSDLMArVf, AMD 710921",140253.31,21-01-1991,01-11-1966,57,Female,4,10602.669,33101.14616,20802.53474,163154.5904,Medical,Married,33,36,IT,Technical Lead
3824,QtZmgSzR,"rUBIgqLJ St, GVreqHlshu, AMD 674786",147571.98,26-03-1988,25-10-1964,59,Male,1,4449.802,34828.4235,21888.04842,164962.1571,Medical,Married,36,38,IT,Technical Lead
3825,xVbYvFhr,"TpqKjTst St, AqtQQXKMuL, BLR 792125",86862.17,11-12-2021,26-12-1989,34,Female,3,7590.783,20500.31749,12883.4985,102069.772,Medical,Divorced,2,13,Finance,Regional Account Head
3826,oUfEHQro,"vLmsNADS St, HykyuolIbW, KOL 878135",84111.82,25-06-2012,05-11-1978,45,Male,,9401.818,19851.20813,12475.56338,100889.2828,Medical,,12,24,Human Resources,ERP Head
3827,yiXATVZh,"VuJLppOy St, UXigrfbXJK, BLR 500425",108873.12,04-12-2015,11-07-1991,33,Female,3,7934.688,25695.11591,16148.18831,126354.7356,Both,Divorced,8,12,IT,QA Lead
3828,MFNPZnoG,"sjgZrLCh St, BrcebAYTcU, AMD 509701",143298.69,02-09-2003,02-06-1973,51,Female,4,7546.131,33819.88547,21254.22906,163410.4774,None,Married,20,30,Human Resources,HR Director
3829,WuFqYheM,"mPaAjudm St, YxgVpdFWxs, DEL 688527",101529.83,09-06-2012,07-10-1984,39,Female,3,13336.017,23962.028,15059.02296,123768.852,Life,Divorced,12,18,Marketing,Regional Marketing Manager
3830,sxgBStpc,"UlGcVQAf St, bNzKKZoTGs, BLR 934734",42592.81,27-06-2022,15-11-1999,24,Male,1,6874.719,10052.31769,6317.415323,53202.43137,Medical,Married,2,3,Marketing,Marketing Intern
3831,YsDRCSet,"yzWTmLzi St, XSGTlAxXMo, BLR 259374",66614.56,18-04-2022,27-11-1997,26,Female,0,7064.544,15721.68448,9880.349337,79520.43914,Medical,Single,2,5,Marketing,Marketing Associate
3832,uRtmmOgb,"HeJZIxAG St, plrsnMvaLC, MUB 949959",144156.99,06-03-2005,26-03-1973,51,Male,1,7032.301,34022.45263,21381.53312,163830.2105,None,Widowed,19,30,Marketing,National Marketing Manager
3833,tkgBjeCN,"YhbBUHNa St, VoTelyCwQf, DEL 192505",138982.09,17-05-1995,12-06-1969,55,Other,2,10313.791,32801.12586,20613.9859,161483.021,Life,Widowed,29,34,IT,Technical Lead
3834,mXmHjsJN,"mCZZWsiC St, lnjtXRlstD, KOL 635169",89892.24,02-08-2012,13-12-1981,42,Female,2,6245.776,21215.4435,13332.92202,104020.5375,Medical,Married,11,21,IT,QA Lead
3835,pUJXkuef,"BndwFQUA St, XomHfnDkFw, MUB 886155",72270.04,25-10-2018,27-08-1997,26,Other,3,10365.996,17056.4328,10719.17674,88973.29206,Both,Married,5,5,Finance,Account Associate
3836,MoqLtZNO,"wGtCFPXG St, xNPrVWKoxn, DEL 819604",127042.09,17-10-2002,02-04-1971,53,Male,2,9222.791,29983.16966,18843.03116,147405.0195,Life,Widowed,21,32,Marketing,Marketing Director
3837,ByRbfqZO,"utAdWJdw St, EDnxyMVMix, DEL 983081",83708.96,01-06-2010,05-07-1985,39,Other,2,7318.104,19756.12925,12415.81071,98367.38254,Medical,Married,14,18,Human Resources,ERP Head
3838,WPVxTwEP,"CLSVqOlm St, JcxybxncZz, BLR 415590",29550.64,08-04-2023,16-09-2000,23,Other,0,6387.936,6974.238637,4382.985436,38529.8292,Both,Single,1,2,Human Resources,HR Representative
3839,ynfiQyhn,"ThTAtvIR St, lbcPBUwhRI, PUN 238824",110811.52,19-01-2003,17-12-1965,58,Other,3,11461.848,26152.59718,16435.69406,131990.2711,Life,Married,21,37,Sales,National Sales Manager
3840,yrFlqjkd,"rDeAfoQu St, KmEELNwGhW, HYD 429921",93833.66,05-11-2024,21-01-1985,39,Female,4,8344.634,22145.65698,13917.51804,110406.4329,Both,Married,-1,18,Sales,Senior Executive
3841,emSTuNQq,"GxOYmZLf St, qkJefvJGwM, CHN 598166",44904.18,01-01-2021,13-01-2000,24,Female,0,8046.582,10597.8235,6660.24042,56888.34508,Both,Single,3,3,IT,QA Engineer I
3842,rdoGxRBR,"WZOlVUiK St, sMMfoWAuTy, MUB 121689",81514.03,02-10-2023,22-11-1980,43,Male,4,5722.597,19238.1044,12090.25613,94384.47528,Both,Married,0,22,IT,QA Lead
3843,qaMCcqcg,"sTAQAOet St, lRUVKnLysD, KOL 350404",135959.61,02-04-2020,04-05-1966,58,Female,1,7922.039,32087.79117,20165.68814,155803.752,Both,Married,4,37,Finance,National Account Head
3844,BJHGrRQD,"bHGLLCAt St, OAPqMynimi, BLR 723188",111242.4,25-04-2001,10-05-1971,53,Female,1,10193.76,26254.28905,16499.60269,131190.8464,Life,Divorced,23,32,Sales,National Sales Manager
3845,dGDBGgRQ,"vBJMMneM St, wGuBWQPYrd, CHN 511066",141473.78,08-05-2023,01-06-1975,49,Female,1,6801.622,33389.18895,20983.55627,160681.0347,Life,Married,1,28,Finance,National Account Head
3846,feMmMbHd,"BLfhmLPu St, EbwLBpwrVD, HYD 861316",131571.46,24-11-2000,18-09-1966,57,Female,3,6122.854,31052.14506,19514.83261,149231.6265,Both,Divorced,23,36,Sales,National Sales Manager
3847,GlfRvhZl,"TVRgLyzv St, smGMLCkHVp, MUB 715343",61710.86,15-11-2024,24-03-1997,27,Female,0,7243.914,14564.36355,9153.026826,74366.11073,Medical,Single,-1,6,Marketing,Marketing Associate
3848,uKfZxbje,"aEoEuSrg St, vFbstoSRDd, MUB 123121",117924.24,04-07-1993,11-05-1964,60,Female,3,10607.576,27831.26832,17490.661,138872.4233,Life,Married,31,39,Sales,National Sales Manager
3849,wvoOjTgE,"qwpjsdOX St, PpbRaQpTfW, DEL 910777",142739.2,02-04-2000,27-01-1965,59,Other,3,9485.08,33687.84039,21171.24485,164740.8755,Both,Married,24,38,Sales,National Sales Manager
3850,JeWMWAjD,"bjihwnvv St, UiwKVujmBn, HYD 948572",73965.82,14-01-2018,21-08-1996,27,Female,0,10120.418,17456.65338,10970.69681,90572.19458,Both,Single,6,6,Finance,Account Associate
3851,IQNRazbc,"DkBDupwW St, dddEqelvqq, AMD 876583",119412.16,22-04-1992,24-06-1969,55,Female,2,11318.784,28182.43192,17711.35103,141202.0249,Medical,Widowed,32,34,IT,Technical Lead
3852,CooJMJEB,"FcntuHKy St, MHYpiCRETY, PUN 151199",99852.46,25-10-2019,01-04-1979,45,Female,,7278.754,23566.15236,14810.23348,115887.1329,None,,4,24,Human Resources,ERP Head
3853,SvypBIQT,"zGnZrbje St, yDlhObHbBn, HYD 768561",140414.62,07-08-2003,14-09-1969,54,Female,1,10613.538,33139.21689,20826.46043,163340.9145,Medical,Divorced,20,33,Human Resources,HR Director
3854,prpSXJBh,"YCuhngfU St, yDKIpyJXCE, AMD 333437",147026.64,27-03-1999,13-04-1969,55,Other,2,8088.336,34699.71796,21807.16295,168007.531,Medical,Widowed,25,34,Sales,Sales Director
3855,nqBCKYJP,"bvpTtusD St, NvegtGAcDn, KOL 429720",95020.31,11-11-2017,18-01-1988,36,Other,4,4566.969,22425.71793,14093.52335,107919.4736,Life,Married,6,15,Human Resources,Senior HR
3856,fbSbRGuj,"MeiKOVbQ St, BXbPUABpiJ, BLR 197496",113511.7,20-02-2014,21-07-1964,59,Other,2,9129.83,26789.86594,16836.18791,132595.208,Life,Married,10,38,Human Resources,HR Director
3857,gtAQYrIw,"BpLjmZyg St, bFomYwXZlx, BLR 985823",28720.08,16-12-2023,21-07-2001,22,Female,0,5354.992,6778.218394,4259.795807,36593.49459,Medical,Single,0,1,IT,QA Engineer I
3858,xVCOFIxT,"srAUHSVE St, ifglbyBuZk, BLR 146502",121241.83,26-04-2021,10-01-1972,52,Other,2,8401.817,28614.25185,17982.72982,140275.169,Both,Married,3,31,Finance,National Account Head
3859,bgIwsrZe,"MOfhSPOd St, FNhbWLeGwm, KOL 513437",91065.26,21-02-2016,18-05-1990,34,Other,1,8242.474,21492.28764,13506.90572,107293.1159,Medical,Married,8,13,Sales,Regional Sales Manager
3860,vqTSEfby,"uqWEBeaw St, EvUkHLbdNs, CHN 315128",115875.93,22-10-1989,21-10-1967,56,Male,1,13163.407,27347.84723,17186.85327,139200.331,Both,Widowed,34,35,IT,IT Manager
3861,mcVjkjkD,"mnKtthOL St, FGyaFFNybj, DEL 386385",38583.87,01-09-2023,17-08-2002,21,Female,0,8529.613,9106.168832,5722.80466,50496.84717,Medical,Single,0,0,Human Resources,HR Intern
3862,wAWzJdGx,"hbBOxbsx St, kMxbWozHGv, CHN 755399",68478.66,20-06-2020,21-03-1999,25,Male,4,6653.134,16161.63022,10156.83483,81136.58939,Life,Married,4,4,Human Resources,HR Associate
3863,PseeopAQ,"bMCRsaIy St, cVMipJpATZ, PUN 622934",107256.77,04-01-2013,17-10-1980,43,Male,1,8911.323,25313.64158,15908.44939,125573.2852,Both,Divorced,11,22,Human Resources,Senior HR
3864,tOgqcOXg,"vANEUKJB St, OZnvkXTXqA, DEL 710593",103004.88,11-06-2008,26-10-1980,43,Female,3,11887.512,24310.15416,15277.8041,123924.7421,None,Married,16,22,Human Resources,Senior HR
3865,cdttBcDj,"VImcjXcu St, nmUtfmNjQD, AMD 616997",116838.41,18-11-2006,25-08-1970,53,Female,1,8724.159,27575.00187,17329.60942,135807.9614,None,Widowed,17,32,Finance,Account Director
3866,WcBtjngG,"BtUpSyqq St, sRjXtuNUSK, KOL 268061",52771.45,01-03-2018,01-08-1992,31,Male,1,5253.855,12454.57579,7827.123095,62652.7577,Life,Married,6,10,Sales,Sales Executive
3867,wjqmWPdt,"QqPijbhW St, WBefAdmxnj, KOL 889810",142818.99,18-05-2007,13-08-1975,48,Male,2,7688.101,33706.67161,21183.07939,163030.6832,Both,Married,17,27,Sales,Sales Director
3868,CPXVGwRa,"JKCWumSn St, XoVskEVqDh, KOL 851685",92627.08,12-11-2016,06-05-1987,37,Female,1,6718.292,21860.89236,13738.55668,107467.7077,None,Married,7,16,Marketing,Regional Marketing Manager
3869,ocTEZjTU,"gEaflqtw St, ehedSKgWtD, CHN 571791",107762.39,12-03-2015,08-08-1991,32,Female,3,8580.761,25432.97282,15983.44354,125792.6803,None,Married,9,11,Marketing,Regional Marketing Manager
3870,FBbHIUhy,"IQWLFOae St, rtyrKFlZlO, PUN 379379",91840.7,19-12-2010,17-12-1987,36,Female,1,4446.93,21675.29903,13621.91988,104341.0091,None,Divorced,13,15,IT,Software Engineer III
3871,sCUcEHzz,"WeEheXvh St, JhHXyycglr, BLR 257687",94343.29,06-05-2022,05-09-1985,38,Male,4,6671.671,22265.93462,13993.10695,109287.7887,Both,Married,2,17,Sales,Regional Sales Manager
3872,nctkTvRG,"nPgRpKtx St, EXKPongNQe, AMD 843627",50425.88,21-03-2020,25-05-1999,25,Other,0,7845.412,11900.99844,7479.225413,62693.06503,Life,Single,4,4,Marketing,Marketing Associate
3873,RMUdbTFp,"CjgEscZy St, kHMuJdgcLp, KOL 237641",87186.01,13-07-2021,03-12-1983,40,Female,1,6161.399,20576.74689,12931.53083,100992.6251,Both,Divorced,3,19,Sales,Regional Sales Manager
3874,mKZyxTkt,"FcOmtURn St, iAzAAVZfWx, CHN 126068",23595.16,08-08-2024,11-07-2002,22,Other,0,6424.484,5568.687397,3499.661688,32088.66971,Both,Single,-1,1,Sales,Business Development Representative
3875,oJLEpUJt,"AFDvnvbH St, anCEKyyIhr, MUB 388953",66773.11,06-01-2019,19-09-1995,28,Female,0,11043.689,15759.10382,9903.865658,83672.03716,None,Single,5,7,Marketing,Marketing Representative
3876,xkZnHlvp,"VIdlmypp St, sJyfplKknZ, HYD 792480",107342.53,11-07-2006,20-04-1983,41,Other,3,10920.747,25333.88178,15921.16941,127675.9894,Medical,Married,18,20,IT,QA Lead
3877,itrSwTVW,"dIKUVebg St, BFHqDHddcR, AMD 243181",117963.49,09-12-2003,13-06-1975,49,Female,3,9985.651,27840.5317,17496.4826,138293.1901,Medical,Married,20,28,IT,IT Manager
3878,NizuzRpP,"oTquDarn St, OkXOkPyHuG, CHN 215404",118628.6,16-09-1997,09-10-1969,54,Female,4,9968.14,27997.50414,17595.1325,138999.1116,Both,Married,26,33,Finance,National Account Head
3879,FkPvkVWU,"pZGyTqAS St, pCWixvwOMR, MUB 522638",89124.83,01-10-2022,14-05-1984,40,Other,2,7055.517,21034.32727,13219.09887,103995.5754,Both,Married,1,19,Marketing,Senior Marketing Executive
3880,obZOQSGE,"yvDZtCWI St, ZUiQTDdZul, AMD 281908",105919.73,01-09-2013,25-12-1983,40,Female,1,14132.027,24998.08713,15710.13806,129339.7061,Medical,Divorced,10,19,Finance,Regional Account Head
3881,HFtUbLBA,"SJzYbNhH St, aeNMNQFbBD, KOL 180805",126774.72,03-05-2015,10-11-1967,56,Female,1,7433.528,29920.06774,18803.37453,145324.9412,Life,Divorced,9,35,Sales,Sales Director
3882,ogjBWVSg,"GoHaWYkc St, fQBzvHDOoE, AMD 452635",130694.99,17-08-2000,21-02-1972,52,Other,1,10112.501,30845.28961,19384.83355,152267.9471,Both,Married,23,31,Marketing,Marketing Director
3883,sYojQqAH,"mCQubgWr St, rawvwszLIK, BLR 514571",140075.52,12-09-2021,08-09-1971,52,Other,1,7281.448,33059.18599,20776.16472,159639.9893,Medical,Divorced,2,31,IT,Technical Lead
3884,Qdlwjckz,"wkowrros St, gDfXRckUVd, MUB 226098",142094.71,15-01-1999,10-05-1969,55,Other,1,5231.529,33535.73448,21075.65334,159786.3201,Both,Divorced,25,34,Marketing,National Marketing Manager
3885,jFLBMGew,"yPYFechu St, vsvFFZXwie, KOL 506117",132975.74,18-06-2023,17-10-1965,58,Male,2,8306.426,31383.56881,19723.11706,152942.6178,Life,Widowed,1,37,Marketing,Marketing Director
3886,zxgIzepB,"nGKWPtek St, ACptVrJnDS, BLR 463856",149554.78,17-06-2013,09-04-1970,54,Female,1,6745.522,35296.3836,22182.13963,169414.546,None,Married,11,33,Sales,Sales Director
3887,mAZXEbuD,"XZXhUoTc St, tkiFgYSHgQ, MUB 270365",38316.24,25-05-2020,28-07-1999,24,Female,3,7839.376,9043.005547,5683.109466,49515.51208,Medical,Married,4,3,Finance,Account Representative
3888,JYtpJEyD,"BRUsoLaJ St, pKrjhqUdNT, DEL 376525",87222.32,28-11-2021,27-10-1989,34,Male,1,7607.768,20585.3164,12936.91637,102478.488,Medical,Divorced,2,13,Human Resources,ERP Head
3889,UjRjZytw,"hJkFebcu St, DGjDBECIVN, KOL 251919",119993.75,18-01-2024,24-02-1974,50,Other,1,9176.625,28319.69282,17797.61314,139692.4547,Life,Married,0,29,Marketing,Marketing Director
3890,ZilMYJIk,"AYLkVFsg St, zxWiowBkqy, PUN 760805",88888.4,13-07-2015,26-07-1978,45,Female,,6375.16,20978.52749,13184.0313,103058.0562,None,,9,24,IT,QA Lead
3891,exSsdAmh,"cZguaQKb St, CkAMPvmRSF, KOL 761828",126028.95,25-06-1994,18-10-1967,56,Female,1,12277.105,29744.05876,18692.76105,149357.3527,None,Married,30,35,IT,Technical Lead
3892,QMgiMjkj,"MiHBrkVS St, OtSkWNbbWY, HYD 146760",42782.57,18-12-2023,21-09-2002,21,Male,0,6746.743,10097.1029,6345.560747,53280.85515,None,Single,0,0,Sales,Sales Development Representative
3893,vqMJuvOh,"cerwBXeu St, xhZMekMHBe, PUN 589026",88807.92,28-05-2011,01-09-1981,42,Other,2,5331.208,20959.53343,13172.09441,101926.567,None,Married,13,21,IT,Software Engineer III
3894,fLJmkCwD,"qBfTmwAN St, ISuxrYibAN, DEL 488032",108320.2,20-06-2010,03-01-1983,41,Other,1,13950.98,25564.62141,16066.17857,131769.6228,Medical,Divorced,14,20,Sales,Senior Executive
3895,ARcrbdXA,"CAFcRUzB St, evNywgpSkY, DEL 713041",49758.69,24-06-2021,05-02-1996,28,Male,0,5294.131,11743.53511,7380.267013,59416.0891,Life,Single,3,7,Sales,Sales Executive
3896,aHyCZkrI,"MiPRSMtQ St, hCYJGdoVaS, AMD 776729",89779.74,10-11-2012,14-08-1982,41,Female,1,4954.026,21188.89241,13316.23589,102606.4225,Medical,Married,11,20,IT,QA Lead
3897,bIDxPZeP,"OPLXnSYp St, btvqzqLVph, CHN 530820",132320.55,07-06-2015,28-08-1975,48,Female,1,11695.945,31228.93759,19625.93851,155619.4941,None,Married,9,27,IT,IT Manager
3898,owUlIBIE,"ktOSHVoS St, bldMnxUUTU, DEL 903362",137758.64,25-02-1993,01-07-1968,56,Male,2,9772.136,32512.37976,20432.52237,159610.6334,None,Married,31,35,IT,Technical Lead
3899,ebTsPUBL,"OBttjYBn St, CKZHhnsAyw, CHN 688475",92735.72,20-04-2019,15-12-1979,44,Other,2,3744.428,21886.53246,13754.67029,104612.0102,Both,Married,5,23,Sales,Senior Executive
3900,NvqTDcoh,"tgjoRzGg St, cQKQrEKLTM, HYD 593686",142744.27,27-10-1986,01-04-1965,59,Female,3,9755.573,33689.03696,21171.99684,165016.8831,None,Divorced,37,38,Human Resources,Recruitment Manager
3901,ApToIydk,"WDkSTwho St, YnjXAPqdgL, CHN 389541",109037.69,01-11-2014,25-08-1980,43,Male,2,12985.231,25733.95603,16172.59752,131584.2795,Life,Divorced,9,22,IT,QA Lead
3902,yVQalNAh,"BCKepjbm St, DbROLhibog, AMD 320232",106702.5,21-08-2013,04-09-1988,35,Female,1,14196.75,25182.82847,15826.23942,130255.8391,Life,Divorced,10,14,Human Resources,Senior HR
3903,SfEBXdkW,"YmisaPoj St, ARdzULUAdt, MUB 335313",85073.42,18-11-2006,28-09-1982,41,Other,2,5674.658,20078.15509,12618.18901,98208.04407,None,Divorced,17,20,Finance,Regional Account Head
3904,mepoqKZP,"mdmTdUzO St, DUOcTJUBlR, CHN 708871",53202.86,19-10-2024,19-04-1998,26,Other,4,6090.714,12556.39275,7891.11033,63958.85642,Medical,Married,-1,5,Sales,Sales Executive
3905,vBIuDaZx,"yRKineaL St, VkGEeUMHcj, DEL 500596",132586.65,09-07-2022,20-10-1966,57,Other,4,4971.335,31291.73978,19665.40677,149184.318,Both,Married,2,36,IT,IT Manager
3906,rmALzVCS,"QJVHuNOJ St, JORWkMExNn, PUN 640214",49161.26,16-02-2024,04-07-1999,25,Other,4,5292.874,11602.53582,7291.655498,58765.01432,Both,Married,0,4,Finance,Account Associate
3907,Inwhyqun,"oacVqZeR St, BchtmMTpol, MUB 858470",133833.43,10-07-2010,13-11-1974,49,Other,3,5754.657,31585.992,19850.33064,151323.7484,Life,Married,14,28,Human Resources,Recruitment Manager
3908,AykVTaPF,"iViCIkSQ St, kXLeQkmnrD, BLR 861825",108329.23,07-01-2024,03-05-1984,40,Female,2,10601.077,25566.75258,16067.51791,128429.5417,Life,Divorced,0,19,Marketing,Senior Marketing Executive
3909,abMNFGQk,"HcFdPGND St, raNPIhfqUa, PUN 624082",17836.6,26-09-2024,10-01-2002,22,Other,0,6761.34,4209.611192,2645.545343,26162.00585,None,Single,-1,1,Finance,Account Representative
3910,JiCUtjwY,"esDNyTuD St, BDOkpOLylo, DEL 169036",95999.65,18-05-2015,12-02-1985,39,Male,3,4213.035,22656.8517,14238.7802,108630.7565,Life,Married,9,18,IT,Software Engineer III
3911,LENabIYR,"QYQOfeDZ St, neDzXLkQUO, CHN 473529",40539.08,12-05-2024,24-02-2001,23,Female,0,7295.092,9567.617421,6012.803691,51388.98573,Medical,Single,0,2,Human Resources,HR Representative
3912,nHpHOGWr,"aRetDayu St, TGGTeBHUSp, AMD 550549",101541.46,22-07-2006,04-04-1984,40,Male,3,9226.854,23964.7728,15060.74794,119672.3389,Life,Married,17,19,IT,Software Engineer III
3913,opILFhDW,"FYPFSVwG St, OeUqbwCQON, PUN 245033",119080.1,07-03-2021,13-02-1968,56,Other,2,7492.99,28104.06253,17662.0995,137015.053,Both,Widowed,3,35,Finance,National Account Head
3914,yArIUolV,"DpmFwjqK St, dFzMLBsGsc, AMD 735852",112437.01,14-01-1990,23-07-1964,59,Male,3,12286.299,26536.22864,16676.78864,134582.749,Life,Married,34,38,Human Resources,HR Director
3915,XReCVMiJ,"jvZkVzVN St, ALJDHJzLSE, AMD 592412",82063.97,26-06-2012,17-04-1986,38,Male,3,9756.603,19367.8956,12171.82387,99016.64472,Medical,Married,12,17,Finance,Senior Account Executive
3916,aodshNWP,"jKlRnjZX St, EMzZHeaGfG, HYD 133330",135398.94,27-11-1990,26-07-1964,59,Female,2,10624.106,31955.46759,20082.52891,157895.9847,Medical,Divorced,33,38,Marketing,National Marketing Manager
3917,yiMfzwVK,"DOeYLpoy St, iwXsdxmisr, PUN 626083",78600.38,15-02-2016,06-04-1991,33,Female,4,5193.962,18550.45465,11658.10016,90686.69649,None,Married,8,12,Marketing,Regional Marketing Manager
3918,BdelwuwV,"UOTvAvoR St, TxKcZoctGC, BLR 683521",127805.67,07-11-2019,12-07-1976,48,Other,3,10972.433,30163.38197,18956.28624,149985.1987,Both,Married,4,27,Sales,Sales Director
3919,DLOstcNs,"kpuITHbX St, ZkQLvzOSst, PUN 416333",95817.5,08-05-2016,02-07-1979,45,Female,,5725.25,22613.86253,14211.7635,109944.849,None,,8,24,Human Resources,ERP Head
3920,bDmzVmOM,"yUQmSRwp St, CakdQDVaIs, MUB 733449",74257.08,09-06-2019,14-08-1998,25,Other,0,8634.292,17525.39358,11013.89683,89402.86875,Both,Single,5,4,IT,Software Engineer II
3921,RLrXcmzr,"QHFsyzVO St, eYWAcTIvjj, DEL 487130",124317.57,13-01-2011,12-03-1970,54,Other,2,9904.243,29340.15642,18438.92717,145123.0423,Life,Married,13,33,Sales,National Sales Manager
3922,SGLoSUMZ,"EHfQZyyb St, IyttfSvDdb, AMD 865015",76037.41,18-01-2005,23-06-1984,40,Female,3,8359.259,17945.56878,11277.95745,91064.28033,Medical,Married,19,19,Marketing,Senior Marketing Executive
3923,IeKpRZaw,"qagBrOKU St, BPNULzIloX, AMD 681942",70439.85,21-06-2020,28-12-1997,26,Male,0,9324.015,16624.49015,10447.72082,85940.63433,Both,Single,4,5,Human Resources,HR Associate
3924,BcizOWpB,"MIPtSory St, zUJytbMHeM, BLR 336316",115360.26,22-04-2018,21-10-1973,50,Other,3,12381.974,27226.14409,17110.36849,137858.0096,Life,Divorced,6,29,Marketing,National Marketing Manager
3925,whprpFLb,"FpawqJRg St, LwhPnAmlsF, PUN 285066",139632.18,15-05-2018,22-06-1976,48,Other,4,5475.782,32954.55343,20710.40801,157352.1074,Medical,Married,6,27,IT,Technical Lead
3926,fbaZxKSY,"jmMJsWgK St, kFYhZhNLDY, KOL 594021",145024.42,08-05-2017,07-12-1972,51,Male,2,8462.558,34227.17455,21510.19135,166203.9612,None,Divorced,7,30,Sales,Sales Director
3927,gEXfjbVm,"WrltMCGI St, lLPSMwWBcz, CHN 137738",114676.03,08-04-2001,24-03-1966,58,Female,2,11199.397,27064.65915,17008.8827,135931.2035,Medical,Married,23,37,Finance,Account Director
3928,LWFJMIJb,"TmJIAElC St, ZeGuDhezAV, AMD 335746",140673.67,11-06-2005,25-05-1977,47,Other,1,8042.633,33200.35521,20864.88302,161051.7752,Both,Widowed,19,26,Sales,Sales Director
3929,cJDvPvas,"bVuHtHlG St, xOnppagjUg, AMD 974081",140568.93,14-05-2012,17-07-1969,55,Other,3,7685.107,33175.63555,20849.34787,160580.3247,Medical,Divorced,12,34,Sales,National Sales Manager
3930,dtJGasWE,"GBqTWTkH St, NBjOWGyNxg, KOL 352235",71936.22,15-05-2020,27-06-1997,27,Other,2,9643.378,16977.64803,10669.66416,87887.58187,Both,Married,4,6,IT,QA Engineer II
3931,ZwvnTGRA,"XPPaQSWD St, pDjXpiplvf, MUB 157910",132105.13,23-03-1993,26-12-1967,56,Other,4,8188.487,31178.09637,19593.98716,151877.7262,Life,Married,31,35,Sales,Sales Director
3932,RvLifnfD,"PEKHCtOQ St, fMSZXeipbp, KOL 952370",72086.77,07-06-2016,09-12-1993,30,Male,1,8782.323,17013.17929,10691.99392,87190.27838,Life,Married,8,9,Human Resources,HR Associate
3933,gpHHrpFn,"TFMXGYmJ St, bIRUPBVMmC, DEL 796786",112427.17,11-01-2004,05-02-1977,47,Other,2,10965.283,26533.9063,16675.32916,133251.0301,Medical,Married,20,26,Finance,Account Director
3934,xcUrDDDr,"YksJswbc St, mFmrAaiUqb, DEL 444810",130721.29,28-06-2021,25-09-1965,58,Female,3,9367.871,30851.49667,19388.7344,151551.9233,Medical,Divorced,3,37,Finance,National Account Head
3935,dreGhMaO,"AlzRJBPM St, VuqSgPFiCB, CHN 158219",49647.94,14-11-2019,21-10-1992,31,Female,1,6546.206,11717.39703,7363.840444,60547.70259,Medical,Married,4,10,IT,QA Engineer II
3936,AhsFQCqg,"AefXegZt St, tUzxkXgQYw, DEL 446867",26444.22,14-08-2024,10-07-2001,23,Male,0,6232.578,6241.093285,3922.237594,34995.65369,Life,Single,-1,2,Finance,Accounts Intern
3937,PxEyuwVQ,"lmGGsdfG St, NyEgnQyWJG, HYD 142202",132948.93,23-03-2022,04-01-1977,47,Female,1,8758.107,31377.24139,19719.14057,153365.1378,Medical,Widowed,2,26,Marketing,Marketing Director
3938,TAotKOcS,"tfbGGhYS St, MJyBFnEXLH, CHN 473166",65022.54,03-12-2017,07-11-1996,27,Male,0,10116.746,15345.95226,9644.219072,80841.01919,Life,Single,6,6,IT,Software Engineer II
3939,RgJtPGKM,"AVcTimTs St, wZytxdXaCC, PUN 115129",49032.44,07-04-2020,19-03-1998,26,Male,0,5727.756,11572.13304,7272.548765,59059.78028,Medical,Single,4,5,Marketing,Marketing Representative
3940,YaAoSato,"LexCAQxK St, oQoDKrwTZv, KOL 801820",110479.89,08-05-2015,23-03-1969,55,Female,4,12969.011,26074.32927,16386.50631,133136.724,Both,Married,9,34,Finance,Account Director
3941,LthHNRNR,"JnTTvBnd St, eRaNpPCUTS, DEL 993836",123135.88,15-09-2018,19-02-1975,49,Female,3,8912.412,29061.26608,18263.65753,142845.9006,None,Divorced,5,28,Marketing,National Marketing Manager
3942,VHYYiLPt,"dpreLLbH St, EhpEdiOtGD, CHN 250849",138282.8,21-01-2005,10-05-1974,50,Female,4,6393.72,32636.08662,20510.26639,156802.3402,Life,Married,19,29,Marketing,National Marketing Manager
3943,UZNUHCME,"sukdVnhM St, MbMzTHzhHo, KOL 409221",20596.31,15-04-2023,26-10-2002,21,Female,0,5494.369,4860.929611,3054.868753,27896.73986,Life,Single,1,0,Human Resources,HR Representative
3944,oZSlghAR,"SQYLdFgk St, kgFRGLbAeT, DEL 691152",77270.25,04-12-2013,10-09-1991,32,Male,4,9938.975,18236.53102,11460.81372,93984.9423,Medical,Married,10,11,Sales,Senior Executive
3945,abQpDToI,"vuzjLzIr St, JdYtXwWUBD, CHN 516186",15777.08,09-09-2024,04-05-2002,22,Other,0,7036.292,3723.544428,2340.074931,24196.8415,None,Single,-1,1,Marketing,Marketing Intern
3946,BxHsuGJA,"eHOCKxQn St, zaHUtxKnZO, HYD 702264",139795.36,03-12-2013,14-08-1969,54,Female,3,8732.464,32993.0655,20734.61106,160786.2784,Medical,Married,10,33,Sales,National Sales Manager
3947,zayVdeDM,"KNvcLDQu St, pqKQmqpIOy, MUB 742331",66291,24-10-2022,01-10-1993,30,Other,3,11157.9,15645.32117,9832.35854,83261.86263,None,Married,1,9,Human Resources,HR Associate
3948,usFCiSQT,"cogHGUTE St, BfXaNFBfzl, MUB 447896",101787.71,23-04-2021,15-12-1986,37,Male,4,11965.229,24022.89019,15097.27202,122678.5572,None,Married,3,16,Marketing,Senior Marketing Executive
3949,bqMrbNhD,"ZgFpxQkl St, xOLUilrJfz, BLR 524451",97644.54,16-09-2013,04-04-1991,33,Male,2,8075.546,23045.06175,14482.75221,114282.3955,Medical,Married,10,12,Sales,Senior Executive
3950,ucxHsIFM,"cXdslaNZ St, wyBwEqzgzP, CHN 619892",77161,12-12-2016,04-07-1981,43,Male,4,10090.9,18210.74696,11444.60964,94018.03732,None,Married,7,22,Finance,Senior Account Executive
3951,NykkpTDj,"yEGRayHi St, kcREZQlNCX, PUN 634230",128340.31,10-09-1992,25-10-1964,59,Male,2,10852.969,30289.56221,19035.58467,150447.2565,Medical,Divorced,31,38,Sales,National Sales Manager
3952,wqKYeyyJ,"gGprIoCQ St, LBOwcGwUkn, MUB 676010",132469.49,23-01-2013,11-07-1968,56,Male,3,8759.051,31264.08888,19648.02947,152844.6004,Life,Married,11,35,Finance,Account Director
3953,kZCIvJuu,"ACSHGGCX St, tmbkERCUKY, MUB 401979",120386.44,26-02-1992,08-09-1970,53,Female,3,10903.356,28412.37148,17855.85738,141846.3101,Both,Divorced,32,32,IT,IT Manager
3954,LThnNDzM,"FQkbMvyz St, EajgpsipAB, KOL 938135",18708.03,05-11-2023,27-09-2002,21,Female,0,6012.197,4415.277153,2774.796858,26360.70729,Medical,Single,0,0,Finance,Accounts Intern
3955,hNCgIhwx,"cFqfDbTr St, FVinbyhvCM, HYD 709616",120250.7,09-03-2023,27-03-1972,52,Other,1,11446.93,28380.33552,17835.72426,142242.2413,None,Widowed,1,31,Sales,National Sales Manager
3956,AScxzUyy,"bZHwRnZR St, JZrltWdvra, PUN 754592",102861.18,26-06-2012,08-01-1978,46,Male,2,10208.882,24276.23956,15256.49035,122089.8112,Both,Widowed,12,25,IT,QA Lead
3957,dBYhEBQo,"atjHrdsP St, nABEiKrPvT, PUN 322284",98126.15,27-03-2020,19-11-1981,42,Other,2,6967.385,23158.7264,14554.18517,113698.0762,Both,Divorced,4,21,Human Resources,ERP Head
3958,gzIrelSj,"IkHhdBCl St, icTsidaOdN, KOL 163047",102244.99,28-08-2014,07-11-1989,34,Male,2,14105.501,24130.81273,15165.09633,125316.2074,Medical,Married,9,13,IT,QA Lead
3959,XgVsVqcM,"jfhwqUQy St, LUlmeKPNjX, AMD 864613",119514.59,06-09-2015,18-02-1972,52,Female,3,7204.541,28206.6064,17726.54357,137199.1938,Life,Married,8,31,Finance,National Account Head
3960,IGksfTDE,"vtRNMDWn St, RgyOBuzcEV, AMD 694783",46345.9,09-10-2020,12-07-1999,25,Female,0,5648.41,10938.08345,6874.078015,56058.31544,Medical,Single,3,4,IT,QA Engineer II
3961,ZfSsgZhQ,"VCNLqfKQ St, vUNlzAJbIz, AMD 727054",107429.21,01-08-2007,11-07-1985,39,Male,2,10115.079,25354.3391,15934.02589,126964.6022,Life,Married,16,18,Marketing,Senior Marketing Executive
3962,PhDfxWWc,"QkMvUkoH St, VOFnwlSKPz, CHN 757568",130364.02,17-10-2009,08-09-1968,55,Female,1,4971.598,30767.17747,19335.7437,146767.0518,None,Married,14,34,Finance,National Account Head
3963,YJtRUVTt,"FhQLXxtY St, nSHhuyIkkM, KOL 772439",109948.59,12-01-2023,19-01-1991,33,Other,2,8687.141,25948.9373,16307.70328,128276.965,None,Divorced,1,12,Finance,Senior Account Executive
3964,bvdAGymu,"ghOOhOPV St, rHlYMjLeSo, KOL 977201",65116.73,04-03-2024,17-03-1998,26,Male,4,6714.327,15368.18202,9658.189442,77541.04958,Medical,Married,0,5,Human Resources,HR Executive
3965,SrBmQWnB,"oSkrJMdE St, JJlzdDTmZn, PUN 932409",111400.77,03-12-1997,26-09-1974,49,Male,2,9468.923,26291.66591,16523.09231,130638.2666,Medical,Widowed,26,28,Sales,Sales Director
3966,XikivsyD,"WXuGMCCg St, bxrxDziwDE, AMD 912913",72085.54,14-05-2021,07-10-1994,29,Other,0,9868.446,17012.889,10691.81148,88275.06352,Life,Single,3,8,Human Resources,HR Executive
3967,PTaWMInY,"KSUwObeo St, aknIedMnqU, PUN 666677",103693.76,02-03-2018,03-03-1989,35,Male,3,12677.624,24472.73655,15379.97959,125464.141,Life,Married,6,14,Sales,Senior Executive
3968,gTzrksUx,"kqVJqZKi St, fcJenzTdAB, PUN 555045",71670.02,11-09-2020,03-11-1992,31,Other,1,6320.998,16914.82224,10630.18107,84275.65917,None,Married,3,10,Finance,Account Associate
3969,alFUwViV,"QhWbLskX St, ofKGmgWsLA, CHN 959323",117311.6,04-08-1990,02-06-1964,60,Other,1,12065.84,27686.67932,17399.79352,139664.3258,Medical,Widowed,33,39,Human Resources,Recruitment Manager
3970,rdpnuycV,"ZjpUBkjg St, BMeFQfjGqu, AMD 768037",120818.69,14-05-2003,10-12-1975,48,Male,1,7830.131,28514.38669,17919.9692,139243.2385,None,Divorced,21,27,Sales,Sales Director
3971,LtogNdzi,"MtNNJxLU St, ciDGZSMoQr, HYD 328907",28583.95,22-07-2023,07-11-2001,22,Female,0,5882.605,6746.090389,4239.604847,36973.04054,None,Single,0,1,Marketing,Marketing Development Representative
3972,jhjgshYx,"gjlxkCmc St, NoSoUBbShO, CHN 881145",97595.46,05-11-2012,22-05-1989,35,Male,1,4391.454,23033.47839,14475.47261,110544.9198,Both,Married,11,14,Human Resources,Senior HR
3973,YQwFpodk,"ZnNrpAbY St, baFFfEECel, BLR 598798",85742.76,23-05-2012,25-05-1988,36,Male,1,8898.724,20236.12584,12717.4663,102160.1435,Medical,Married,12,15,IT,Software Engineer III
3974,xzdFOfSx,"GlTQfhHz St, qHcQQpuaDR, HYD 944303",129151.48,16-02-1994,02-01-1965,59,Other,1,7619.852,30481.00623,19155.89835,148096.4399,None,Divorced,30,38,IT,Technical Lead
3975,jVpCPWYP,"rUvmGUQy St, bsYOLYnzyJ, HYD 514700",88552.36,01-12-2019,07-11-1991,32,Other,3,7048.764,20899.21878,13134.18945,103366.1533,Medical,Married,4,11,Finance,Senior Account Executive
3976,cblDnGxS,"LyyCnnfP St, UWUIsmtAti, MUB 601586",120017.5,20-11-2014,14-02-1968,56,Other,4,11002.25,28325.29805,17801.13577,141543.9123,None,Married,9,35,Sales,Sales Director
3977,YLfCGXVr,"FUdmVizW St, kPIGPjqXOc, BLR 124762",85565.41,26-07-2017,06-05-1985,39,Male,2,6796.459,20194.26951,12691.16154,99864.97697,Both,Married,6,18,Human Resources,ERP Head
3978,ECcpIioA,"YreLpbXg St, aIrLJqCtuQ, DEL 779211",70933.37,16-11-2018,04-02-1996,28,Other,4,7606.663,16740.96567,10520.92028,84760.07839,None,Married,5,7,Human Resources,HR Executive
3979,sldzojmm,"oWNwbTCt St, abUaLfpAOY, DEL 395395",121331.77,09-11-2002,21-07-1972,51,Other,3,10878.823,28635.47856,17996.06983,142850.0017,None,Married,21,30,Marketing,Marketing Director
3980,GAinNIWm,"RCANMLzD St, roSYlrsEtr, AMD 282962",69147.5,13-03-2024,24-05-1999,25,Other,0,9269.25,16319.48297,10256.03796,84480.19501,Medical,Single,0,4,IT,QA Engineer II
3981,ecOqoJxh,"KVCXYzre St, eKLkcsrMYD, MUB 322560",51802.47,15-05-2023,21-07-1995,28,Male,0,6109.753,12225.88708,7683.40285,62454.70723,Life,Single,1,7,IT,Software Engineer II
3982,NWlfQLvi,"XEMwmlMo St, VDfVQvhRsE, BLR 343945",86118.86,24-10-2021,10-06-1988,36,Male,3,6481.114,20324.8891,12773.24989,100151.6132,None,Married,2,15,Sales,Senior Executive
3983,sNQoUVjg,"dhjvByoW St, atJxOiCkuw, PUN 890177",81887.88,24-01-2015,13-07-1989,35,Male,4,6874.212,19326.33664,12145.706,95942.72265,Life,Married,9,14,Human Resources,ERP Head
3984,KgneEhxz,"VhgVZVlG St, FedhUTYxaK, MUB 341173",87246,24-10-2015,18-12-1987,36,Female,3,4511.4,20590.90511,12940.42861,99407.8765,None,Married,8,15,Finance,Senior Account Executive
3985,aPBJFMFV,"LGPyotTI St, AhnJFLjgwR, PUN 276926",143772.02,09-05-2003,23-11-1966,57,Other,1,7163.798,33931.59596,21324.43392,163542.98,Life,Married,21,36,IT,Technical Lead
3986,HATvzvUY,"mDorQZdJ St, gtHAfOEypU, BLR 390880",81706.51,28-05-2020,27-03-1991,33,Male,1,9681.349,19283.53156,12118.80499,98552.58557,None,Married,4,12,Human Resources,ERP Head
3987,HfaJUFzo,"tSPYJacP St, WOFhlecurH, AMD 588658",101005.88,28-04-2006,17-03-1983,41,Male,2,8313.412,23838.37071,14981.31008,118176.3526,Medical,Divorced,18,20,IT,QA Lead
3988,TWMvRVpZ,"DTKwWKMV St, ptWWivdRsw, CHN 918065",82361.91,24-01-2012,28-02-1991,33,Male,3,5870.809,19438.21234,12216.01468,95454.91666,Both,Married,12,12,Marketing,Senior Marketing Executive
3989,TEbpxMhP,"OpICEBWn St, GNGUlYqRvS, KOL 664364",136958.54,28-07-2004,02-02-1974,50,Other,1,10542.146,32323.54837,20313.8506,159510.3838,Medical,Divorced,19,29,IT,IT Manager
3990,yUkWkJaj,"aWktNvLY St, PswjMOxvHo, BLR 303368",145125.27,24-02-2012,08-07-1972,52,Male,1,7411.473,34250.97613,21525.14954,165262.5696,Life,Divorced,12,31,Human Resources,HR Director
3991,SFrKognB,"WNcNAjaH St, DwBXrkgDpw, PUN 521695",43018.3,27-07-2022,07-03-2001,23,Other,0,7082.17,10152.73747,6380.524496,53872.68297,Life,Single,1,2,Finance,Account Representative
3992,lTCaDzss,"GiKGkjiq St, LgBtHZvask, KOL 714253",79429.14,03-07-2024,24-06-1991,33,Other,4,5534.086,18746.05007,11781.02281,91928.25326,Life,Married,0,12,Human Resources,Senior HR
3993,MMIFJYoz,"CNKMKSiM St, efKYNmLhfZ, KOL 640462",101914.35,11-07-2021,15-05-1983,41,Female,1,11895.565,24052.77847,15116.05542,122746.6381,Both,Married,3,20,IT,QA Lead
3994,UUFHbAXI,"HIvdiFQU St, uvLWltlUes, PUN 863981",133478.19,16-05-2003,24-08-1971,52,Female,3,6528.181,31502.1519,19797.64103,151710.8819,None,Married,21,31,Marketing,Marketing Director
3995,XTSuhwYe,"poXlrJRB St, fmyEhGZPQh, CHN 539742",98092.47,25-11-2007,08-06-1986,38,Male,4,6260.753,23150.77759,14549.18971,112954.8109,None,Married,16,17,Human Resources,Senior HR
3996,tPpIFcZD,"tOELsQAj St, mQMdzfTNjy, PUN 368261",24767.4,01-10-2023,15-12-1999,24,Female,2,5664.26,5845.347445,3673.529693,32603.47775,Life,Married,0,3,Human Resources,HR Representative
3997,VuqMYVsA,"KvTszvSE St, IZuhbRUnhG, HYD 120862",101164.65,01-03-2017,21-09-1985,38,Other,2,14214.535,23875.84197,15004.85904,124250.1679,None,Married,7,17,Finance,Regional Account Head
3998,DbQCrkqi,"PELTgPhV St, fCxsPkQkTD, AMD 264836",133887.92,10-04-1993,03-06-1971,53,Male,3,9681.208,31598.85217,19858.41266,155309.5675,Medical,Married,31,32,Sales,Sales Director
3999,vkAIxbEl,"EmWXthyV St, qsMPmGsxsT, HYD 934323",103522.51,02-12-2015,10-01-1981,43,Other,4,14273.749,24432.31988,15354.57959,126873.9993,Medical,Married,8,22,IT,QA Lead
4000,tgACjuQq,"RSOiIoBg St, RnLajhaRgL, AMD 186702",117222.04,10-04-1995,08-03-1967,57,Female,4,12091.796,27665.54229,17386.50987,139592.8684,None,Married,29,36,Finance,Account Director
4001,FJEiYdJM,"zPoMnLrc St, XhTTRWVoyU, PUN 619219",43195.75,22-03-2022,05-06-2001,23,Other,0,7002.425,10194.6174,6406.844088,53985.94831,Medical,Single,2,2,IT,Software Engineer I
4002,nbpDKIsb,"EwSGidkz St, JYLoampQym, AMD 127325",82136.11,20-08-2002,13-07-1978,46,Female,1,8369.389,19384.92134,12182.52376,97707.89658,Medical,Married,21,25,Sales,Senior Executive
4003,uzuaPqgF,"ynPhttFZ St, LvXsqhTwEc, HYD 914333",100514.04,15-01-2009,14-05-1980,44,Other,3,14142.596,23722.29168,14908.3598,123470.5679,Life,Married,15,23,Finance,Senior Account Executive
4004,pteJZGkR,"IfurEemF St, nZshwrgvfo, HYD 595257",144936.93,16-09-1998,11-10-1965,58,Male,2,9567.307,34206.52606,21497.21473,167213.5483,Medical,Married,25,37,Finance,National Account Head
4005,cNaQFXuH,"VHvvaeac St, qebpgQfyIB, AMD 233692",77767.28,25-07-2020,07-10-1985,38,Male,2,5312.272,18353.83494,11534.53379,89898.85315,Life,Divorced,3,17,Finance,Senior Account Executive
4006,fuiuLexP,"FCwZzBKy St, IpvixeiHED, MUB 230906",147261.98,28-10-2005,27-02-1973,51,Other,4,6001.802,34755.26049,21842.06886,166176.9736,None,Married,18,30,Finance,Account Director
4007,ESyVqiRC,"AYXfABIP St, bSTBULzBbw, AMD 504058",46348.42,10-02-2020,07-01-1993,31,Other,3,6078.158,10938.6782,6874.451784,56490.80442,None,Married,4,10,Finance,Account Executive
4008,kCrtTaJb,"nfjVyJly St, hjivxeCaNs, DEL 253428",84151.62,16-02-2020,04-03-1990,34,Other,2,6173.838,19860.60131,12481.46656,97704.59276,None,Divorced,4,13,Finance,Regional Account Head
4009,FtQRfFaM,"EolBZgys St, WUqWXueLzD, HYD 575568",140810.38,20-12-2017,25-10-1968,55,Male,3,7308.962,33232.6201,20885.16001,160466.8021,Medical,Divorced,6,34,Human Resources,Recruitment Manager
4010,ehhbaZqB,"GBBYkuUG St, gCNLYbYYjI, CHN 422664",135195.41,05-08-2001,21-07-1969,54,Male,3,5374.459,31907.43253,20052.3411,152424.9604,Medical,Married,22,33,Marketing,National Marketing Manager
4011,qKnAEDlA,"YzKYleBs St, YHxPJXguWR, KOL 543059",126006.57,10-09-2017,06-02-1977,47,Other,4,10038.343,29738.77686,18689.44162,147094.2482,None,Married,6,26,Finance,National Account Head
4012,TCMgHURU,"NuBxbLWI St, VjXLAzSSti, KOL 722894",141109.99,04-03-2021,21-04-1974,50,Other,2,9420.001,33303.33097,20929.59852,162903.7235,None,Widowed,3,29,IT,IT Manager
4013,jCiGobLV,"DxcgyCrn St, zlRSyDUCXM, PUN 875881",105559.99,24-12-2012,04-05-1990,34,Male,3,10829.001,24913.18499,15656.781,125645.395,Both,Married,11,13,Finance,Regional Account Head
4014,WwccxCXT,"NNCyJxZK St, qvZjbrXMHf, DEL 909106",78183.02,18-05-2016,09-10-1991,32,Female,2,5219.698,18451.95363,11596.19684,90258.47479,Medical,Married,8,11,IT,QA Lead
4015,jFRQwaNA,"HNzNwgeB St, dODrDkUjpx, KOL 520716",59713.22,18-03-2022,28-12-1993,30,Male,1,5381.678,14092.90107,8856.734528,70331.06454,Medical,Married,2,9,Human Resources,HR Executive
4016,mdVyMhBR,"VwXVNnvK St, dYeiwoynnj, PUN 293807",141530.76,12-04-1989,17-08-1965,58,Female,2,5395.924,33402.63679,20992.00761,159337.3132,Medical,Married,35,37,Sales,Sales Director
4017,GZhxbzeG,"EWFTduMv St, BtkLvVdcON, PUN 366125",22613.98,05-06-2022,14-04-2001,23,Other,0,5806.602,5337.119367,3354.131924,30403.56944,Life,Single,2,2,Human Resources,HR Representative
4018,MFDqsBRa,"SxvzYiBe St, DwsPpmhRvh, CHN 278579",121883.68,19-05-2013,20-09-1976,47,Other,1,7561.632,28765.7347,18077.92976,140133.1169,Both,Widowed,11,26,IT,Technical Lead
4019,UGgoYeZU,"mdTMRoPL St, bLgxCfkSAe, AMD 955300",119557.95,11-01-1996,15-02-1974,50,Female,1,9646.205,28216.83978,17732.97477,139688.02,Both,Widowed,28,29,Marketing,Marketing Director
4020,acpmKBFp,"RwrKVSNn St, NrAVceKYVF, KOL 865921",149024.42,01-03-2008,06-10-1971,52,Female,2,3367.558,35171.21348,22103.47602,165459.7155,Life,Married,16,31,Finance,National Account Head
4021,cnSUVKpg,"kuxqxUSQ St, lGzzaFOULC, HYD 968586",112201.79,28-04-2010,15-01-1977,47,Female,1,12772.821,26480.71443,16641.90053,134813.4249,Both,Married,14,26,Finance,National Account Head
4022,WCYXhjes,"MasMzrVT St, hIMZqBmeJH, AMD 716529",60846.92,10-05-2019,14-05-1998,26,Other,2,10586.308,14360.4653,9024.886236,76768.80707,Medical,Married,5,5,Finance,Account Executive
4023,lolczAzc,"EfbszesS St, FGBYmFsoLy, BLR 841989",28479.47,16-03-2023,18-10-2002,21,Female,0,4842.053,6721.432092,4224.108251,35818.84684,None,Single,1,0,Marketing,Marketing Intern
4024,ATBeInFR,"CDSjTlOy St, pzKOiJOocU, CHN 313523",141387.79,26-07-2007,16-02-1967,57,Female,1,3929.221,33368.89448,20970.80214,157715.1033,Medical,Married,16,36,Finance,Account Director
4025,ZHvxtnld,"oKWrCbpD St, PsFQWnJWvU, PUN 448216",131744.83,20-08-2019,17-06-1976,48,Female,4,7099.517,31093.06207,19540.54705,150396.862,Both,Married,4,27,Finance,Account Director
4026,ABXeMElL,"MifKdewX St, KYJQrlezau, BLR 126791",133664.78,08-12-2000,09-08-1972,51,Male,2,9395.522,31546.18895,19825.31627,154781.1747,Both,Married,23,30,Marketing,Marketing Director
4027,sblydWlU,"PCkyabPz St, xadXtxeWIO, BLR 950529",52675.59,06-05-2019,15-05-1993,31,Other,3,6695.441,12431.9519,7812.905028,63990.07787,None,Married,5,10,Marketing,Marketing Associate
4028,gJWnvXge,"LHlQqaxe St, mcZtXLObqB, HYD 758918",134040.59,17-06-1992,23-03-1971,53,Male,2,6758.941,31634.88377,19881.05685,152553.3579,None,Married,32,32,Sales,National Sales Manager
4029,ftQmaORG,"ngITIdeW St, RUxKCBImzA, AMD 124297",138261.14,11-05-2012,26-04-1976,48,Male,3,7440.886,32630.97465,20507.05376,157825.9469,None,Married,12,27,IT,IT Manager
4030,RXjkBsZX,"JzRfuJaY St, PaQdbwbXXA, AMD 135847",38498.49,05-07-2023,24-09-2002,21,Male,0,6748.151,9086.018321,5710.140999,48622.51832,Both,Single,1,0,Marketing,Marketing Development Representative
4031,QgvnsYug,"obUsksKf St, XeOpVqojZa, DEL 248877",115528.45,23-07-1998,01-10-1974,49,Female,3,8736.155,27265.83856,17135.31463,134395.1289,None,Divorced,25,28,Sales,Sales Director
4032,xCfNOBjP,"iQTqqdVK St, yGThtMESsQ, MUB 680024",144545.18,20-03-1986,04-02-1964,60,Female,2,7509.482,34114.06925,21439.10991,164729.6213,Life,Widowed,38,39,Sales,National Sales Manager
4033,wszmZoqU,"UREEXMPC St, wyeyNiXjtt, HYD 161319",133645.81,17-12-1994,12-04-1967,57,Other,3,10688.419,31541.71185,19822.50262,156053.4382,None,Married,29,36,Sales,Sales Director
4034,PNkucOqq,"ofUToEHh St, DarnpYxyky, PUN 726462",141117.83,07-09-2001,01-04-1974,50,Male,2,10732.217,33305.18129,20930.76135,164224.4669,Both,Divorced,22,29,Human Resources,HR Director
4035,AdLFYNFx,"HEioAIJv St, KSomLKtXwz, DEL 432119",49248.38,05-07-2016,19-05-1995,29,Female,4,7301.162,11623.09698,7304.577238,60868.06175,Life,Married,8,8,Human Resources,HR Associate
4036,zzRedMHR,"QuIWuLbn St, AzxNiIpqpx, CHN 577926",78506.07,20-02-2007,06-07-1980,44,Female,1,6466.393,18528.19657,11644.11199,91856.54758,Medical,Married,17,23,IT,Software Engineer III
4037,oubZQZFr,"jsHQvMNk St, rmXHFbsBFl, AMD 893972",145185.91,01-04-1998,27-12-1976,47,Male,4,4124.409,34265.28776,21534.14373,162041.463,Life,Married,26,26,Sales,National Sales Manager
4038,RQcjTUDs,"laCsiTJO St, ghTuMcsjQM, MUB 482041",105223.69,12-05-2021,01-07-1991,33,Female,4,11154.631,24833.81491,15606.90059,125605.2353,None,Married,3,12,Marketing,Regional Marketing Manager
4039,wUpsBolC,"zcBEtFvL St, lXHUuBVIET, BLR 187047",92808.9,01-03-2021,23-05-1987,37,Female,3,3859.11,21903.80365,13765.52444,104806.2892,None,Married,3,16,IT,QA Lead
4040,iJroCupe,"nxxbwuRf St, lTQsXzKnYr, BLR 611478",86437.49,27-12-2016,23-10-1985,38,Male,3,7754.251,20400.08888,12820.50947,101771.3204,Both,Married,7,17,Finance,Senior Account Executive
4041,DdfYmFvC,"ckxxIWCm St, gpaazswXaB, PUN 929680",122389.38,10-07-2013,06-05-1971,53,Male,4,6836.062,28885.08482,18152.93578,139957.591,None,Married,11,32,Sales,Sales Director
4042,pxoCkXgP,"wXVyMOLR St, mdboSfNLdX, DEL 892437",139775.01,27-02-1996,22-01-1970,54,Female,4,8797.499,32988.2627,20731.59272,160829.179,Medical,Married,28,33,Human Resources,Recruitment Manager
4043,RjUOpdfg,"pZfpAwhl St, ZLvyCxcdvO, KOL 694622",90202.66,14-04-2012,07-08-1985,38,Other,4,7689.734,21288.70564,13378.96388,105802.1358,Life,Married,12,17,IT,Software Engineer III
4044,RVhUzepk,"RcYAJndU St, yOMmkQlmKt, BLR 232987",87875.18,16-09-2013,24-09-1987,36,Female,2,5373.482,20739.39771,13033.74933,100954.3104,Medical,Divorced,10,15,IT,Software Engineer III
4045,lWmwimlV,"UvzMYACM St, BCGxKRyNji, HYD 537118",63869.42,10-09-2021,19-09-1995,28,Female,0,7375.058,15073.80472,9473.186966,76845.09575,None,Single,2,7,Finance,Account Associate
4046,rqTfOQqt,"MMzNrePO St, niBExJpPjS, CHN 640308",128097.57,03-01-2009,05-10-1967,56,Female,1,8490.243,30232.27321,18999.58119,147820.505,None,Married,15,35,Human Resources,Recruitment Manager
4047,aFRCfxwc,"yINkIOgY St, hPOvZUbDjc, HYD 753605",68862.27,23-04-2017,14-10-1994,29,Other,0,10942.773,16252.16591,10213.73231,85843.4766,Both,Single,7,8,Human Resources,HR Associate
4048,woXaKpwf,"cSSAGJZz St, EjmhMkrtMS, KOL 590871",107794.62,11-04-2006,28-06-1981,43,Female,2,8935.538,25440.57942,15988.22393,126182.5135,Life,Married,18,22,IT,QA Lead
4049,ahxCKefs,"ixyKUhQj St, WnOECbsWOj, PUN 674697",145455.35,27-07-2020,23-01-1975,49,Other,3,6542.465,34328.87822,21574.10739,164752.5858,Life,Divorced,3,28,Marketing,Marketing Director
4050,OhCFABen,"gVfRnBhq St, dWLsPkIakR, BLR 617997",81037.57,06-12-2011,08-01-1990,34,Female,4,6916.243,19125.65521,12019.58702,95059.88118,None,Married,12,13,Marketing,Senior Marketing Executive
4051,RYFQDTDK,"hKGBmvXb St, liGqYOMhPs, DEL 655927",66854.93,13-05-2019,16-01-1997,27,Other,0,8756.507,15778.41414,9916.001296,81473.84984,Both,Single,5,6,Human Resources,HR Executive
4052,fxIkemjC,"xAytCcAe St, rTboAIQKOt, DEL 794939",80850.26,19-12-2017,13-12-1986,37,Female,3,9509.974,19081.44822,11991.80499,97449.87724,None,Married,6,16,Marketing,Senior Marketing Executive
4053,VtDLGcaI,"TIVzRpII St, hzRFwNVdHl, CHN 619027",27146.24,03-04-2021,17-12-1999,24,Male,1,6897.376,6406.776837,4026.36202,36424.03082,Both,Married,3,3,Human Resources,HR Intern
4054,KusJdYWz,"eAaanVEs St, ephWiTsWrG, BLR 873847",25711.08,21-08-2023,14-10-2002,21,Female,0,5411.892,6068.065109,3813.497413,33377.5397,Medical,Single,0,0,Sales,Business Development Representative
4055,YWCVtTWi,"UcnOebqX St, ZlezidaiNT, AMD 126537",132114.19,11-11-2009,08-07-1972,52,Female,4,10116.581,31180.23462,19595.33095,153815.6747,Both,Married,14,31,Sales,National Sales Manager
4056,XFgPNmwg,"hPoyCPOQ St, nBarHmoGgy, BLR 684811",103240.73,22-07-2009,20-11-1987,36,Female,4,11866.927,24365.81706,15312.78565,124160.6884,Medical,Married,14,15,Sales,Regional Sales Manager
4057,KpLLwdaq,"fvCqrFaV St, hZxFzpQKbo, KOL 728945",133683.31,14-07-2019,01-03-1970,54,Male,2,6787.669,31550.56221,19828.06467,152193.4765,Medical,Divorced,5,33,Finance,Account Director
4058,ujaqMLdu,"pAJzZlrb St, iZwpyIHewy, AMD 358963",77105.76,19-12-2018,13-06-1985,39,Male,3,5923.424,18197.70978,11436.41637,89790.47741,None,Married,5,18,Finance,Regional Account Head
4059,bbGeMGTP,"RpuRdtnA St, sEDPEHdbKd, CHN 531583",85342.71,17-03-2019,25-10-1980,43,Male,1,8915.729,20141.71015,12658.13042,101742.0187,None,Married,5,22,IT,QA Lead
4060,lFrwacRY,"KjmUKYPl St, gozRZPouiS, DEL 364980",78667.74,03-01-2015,15-03-1984,40,Female,1,9564.226,18566.35226,11668.09107,95130.22719,Life,Divorced,9,19,IT,Software Engineer III
4061,cCBDTSqA,"ArlsIgsq St, NpCJnKpLkU, PUN 878989",147676.34,09-08-2019,23-12-1970,53,Female,2,8176.366,34853.05348,21903.52722,168802.2323,Medical,Married,4,32,Human Resources,HR Director
4062,otqwDcUH,"GRhvfvRY St, PzLwCesgxz, KOL 437447",90162.76,10-03-2023,02-10-1982,41,Female,1,5289.724,21279.28886,13373.04586,103358.727,None,Married,1,20,Human Resources,ERP Head
4063,xnhzoypo,"hrKcdeNd St, bLHNCOKFst, DEL 587758",99867.66,12-03-2017,17-10-1977,46,Female,1,5302.234,23569.73971,14812.48796,113927.1457,Medical,Married,7,25,Marketing,Regional Marketing Manager
4064,yGbCdYhb,"PuzJgEXu St, HMwQArOvDM, MUB 584806",131614.41,13-01-2008,06-02-1976,48,Other,1,8266.559,31062.28168,19521.203,151422.0477,Medical,Married,16,27,Human Resources,Recruitment Manager
4065,sRNvoVmH,"JHiHykeC St, NDKgbraWgQ, DEL 917784",59237.35,09-11-2020,27-07-1998,25,Female,0,5086.265,13980.59112,8786.152934,69518.05318,Life,Single,3,4,IT,QA Engineer II
4066,DbXlfAvq,"GyVBDxjk St, HORXyrCYsL, HYD 320556",99008.32,14-05-2002,19-05-1978,46,Male,4,7709.168,23366.9271,14685.02965,115399.3855,Life,Married,22,25,Marketing,Senior Marketing Executive
4067,MIjkFEEc,"qfXLrakU St, JhThABVMxe, HYD 369024",90843.22,18-02-2019,13-04-1987,37,Other,4,4948.678,21439.88404,13473.97248,103757.8096,Life,Married,5,16,Human Resources,Senior HR
4068,UXfzKSHR,"lRsGdNfA St, LVTMzrQwQH, MUB 473137",40544.67,03-12-2023,17-09-2001,22,Male,0,8668.533,9568.936715,6013.632806,52768.50691,Both,Single,0,1,Finance,Accounts Intern
4069,iecqujsi,"qXmWQWTT St, XzCMKfnfAD, DEL 395760",80069.39,09-09-2010,06-03-1988,36,Other,1,9229.061,18897.1553,11875.98544,96319.62087,Both,Married,13,15,Human Resources,ERP Head
4070,djTSYUUy,"LebUMMyy St, RhwHOkZlQo, PUN 858139",103915,21-01-2017,10-07-1986,38,Other,1,8062.5,24524.95134,15412.79416,121089.6572,None,Married,7,17,Sales,Senior Executive
4071,tQCpYIts,"Cbtdzebm St, NkwZSQsqlJ, KOL 791876",97710.9,02-05-2004,15-11-1979,44,Other,3,6852.91,23060.72336,14492.5948,113131.9386,Medical,Divorced,20,23,IT,Software Engineer III
4072,smtSCtyB,"ZuWPfOmM St, uvUirHyTfx, KOL 422330",120710.43,28-11-1991,21-08-1969,54,Other,1,11023.957,28488.83628,17903.91195,142319.3113,None,Married,32,33,IT,IT Manager
4073,vyfjyBWP,"JMxuTAgB St, qOTdbcajZy, MUB 541517",111683.03,17-09-2022,24-03-1965,59,Female,4,12574.697,26358.28202,16564.95744,134051.0516,Life,Married,1,38,Human Resources,HR Director
4074,BDKmrNgy,"jfmFvpej St, QxFSDWBaUe, PUN 190126",25442.42,22-03-2022,05-11-2001,22,Male,0,4998.758,6004.658735,3773.649448,32672.18729,None,Single,2,1,Human Resources,HR Representative
4075,txRjNXSv,"mrfYtQUp St, GoYqafIDLj, MUB 165913",124560.26,05-04-2017,07-04-1969,55,Female,3,10900.974,29397.43363,18474.92324,146383.7444,Life,Married,7,34,Human Resources,Recruitment Manager
4076,AFXlSJqK,"tBimIRSb St, NHLlymDtuD, PUN 745935",121776.33,13-03-2020,25-06-1968,56,Male,2,8649.367,28740.39905,18062.00749,141104.0886,None,Married,4,35,Sales,National Sales Manager
4077,yuQfniLI,"fnWKdhEn St, LFDPtSOftG, CHN 311754",96139.93,28-06-2017,15-04-1990,34,Other,1,4694.007,22689.95915,14259.5867,109264.3095,Life,Married,7,13,Finance,Senior Account Executive
4078,ledDOTjx,"DWGREgdd St, UTCpIwZVHd, AMD 814708",96573.27,28-10-2010,19-09-1977,46,Female,3,5479.673,22792.23161,14323.86019,110521.3144,None,Divorced,13,25,Finance,Regional Account Head
4079,qGboeVHe,"ioLDFmSL St, KXcYaQeNBU, CHN 482986",109914.16,14-09-2015,21-04-1988,36,Other,3,8081.584,25940.81148,16302.59658,127633.9589,Life,Married,8,15,IT,Software Engineer III
4080,COfgvAxm,"TwItwuWa St, pKBMBzIENn, MUB 833187",130518.21,24-10-2022,20-02-1968,56,Other,2,10102.179,30803.56781,19358.61334,152065.3435,Both,Widowed,1,35,Finance,Account Director
4081,tVOJIAPq,"MJwxmoXr St, nmDzrOWEAN, AMD 694659",100064.56,24-07-2008,01-11-1987,36,Other,1,14138.544,23616.21002,14841.6924,122977.6216,Both,Married,15,15,Marketing,Regional Marketing Manager
4082,sPhOETuL,"NPcRfWWm St, iKKexBzsno, BLR 390203",146568.27,14-01-2024,04-01-1966,58,Male,1,5289.173,34591.53818,21739.17698,164709.8042,Both,Married,0,37,Marketing,National Marketing Manager
4083,ShQZbwRM,"lFPFRIyT St, fSpBCdpOqx, CHN 956270",95985.35,15-04-2023,28-02-1985,39,Male,3,7664.465,22653.47676,14236.65921,112066.6326,Both,Married,1,18,IT,QA Lead
4084,FtCoqaFD,"ueEspHAJ St, todVsNJLEr, KOL 816233",120425.8,22-11-2006,14-07-1966,58,Female,3,10702.42,28421.66083,17861.6953,141688.1855,None,Married,17,37,Sales,National Sales Manager
4085,MTMozWVc,"bIRJhEvN St, WOLPSUYsnj, BLR 966351",146981.12,26-07-1996,05-07-1970,54,Other,4,10074.888,34688.97479,21800.41138,169944.5714,Both,Married,27,33,Sales,National Sales Manager
4086,ZCRNPEtG,"TISjOoZv St, QIXIwYVDrt, CHN 162590",132332.44,05-03-2021,18-06-1972,52,Male,4,6494.756,31231.74375,19627.70205,150431.2377,Medical,Married,3,31,Marketing,Marketing Director
4087,NLQJBAUu,"NhSyrSff St, mfQhUTBqQR, AMD 490809",25548.08,17-04-2024,09-03-2002,22,Other,0,5868.192,6029.595523,3789.321063,33656.54646,Medical,Single,0,1,IT,QA Engineer I
4088,QwhynhBj,"fVSmWHsV St, AIraVIxJVc, PUN 925852",72619.79,28-10-2020,24-02-1999,25,Other,2,5739.021,17138.9772,10771.05206,84726.73614,None,Married,3,4,IT,QA Engineer II
4089,TZPmfvUF,"FoCgRTdZ St, pyDvldglGV, BLR 583345",56852.97,17-05-2022,15-06-1996,28,Female,1,5893.703,13417.85423,8432.498908,67732.02833,Life,Married,2,7,Sales,Sales Representative
4090,rEDQHZmI,"QUebwXke St, hfkAgUiSJq, PUN 425652",63877.03,18-12-2020,02-04-1999,25,Female,0,10317.297,15075.60075,9474.315691,79795.61206,Both,Single,3,4,Marketing,Marketing Representative
4091,CYpdOidA,"TbvbMVXp St, sSORsvWMCd, MUB 784675",138818.77,06-06-2010,20-08-1973,50,Male,2,10187.123,32762.58075,20589.76209,161178.7117,Both,Married,14,29,Marketing,National Marketing Manager
4092,bCjMVgBd,"gacSVBAN St, LTbOSKeiPD, MUB 568837",83073.05,12-11-2013,02-01-1992,32,Male,3,7266.695,19606.0483,12321.4918,97624.3015,Life,Married,10,11,Marketing,Senior Marketing Executive
4093,NDksqgun,"SVNLdumL St, GFZLKwOMIA, MUB 606538",75250.69,28-05-2008,19-01-1978,46,Other,3,8118.931,17759.89521,11161.27022,89968.24598,Both,Married,16,25,Finance,Regional Account Head
4094,XUfGVvam,"pruPdsfc St, XKLSaEKlhJ, KOL 916932",149899.8,20-08-2021,04-06-1965,59,Other,4,3505.02,35377.81168,22233.3134,166549.3183,Life,Married,2,38,IT,IT Manager
4095,IMPjlUzR,"YnlOuHZx St, AAjHnaxMTl, MUB 698049",124740.6,08-07-2020,15-09-1975,48,Female,2,11577.94,29439.99562,18501.67147,147256.8641,None,Divorced,4,27,IT,Technical Lead
4096,TsNsNAIO,"RLWiqPxq St, NlHRGqsWkG, DEL 169028",83952.45,19-09-2015,24-01-1989,35,Other,2,5029.755,19813.59526,12451.92543,96343.87482,None,Married,8,14,Human Resources,ERP Head
4097,QATILCRR,"tywPZaZY St, nJkQePDTHu, DEL 593355",91021.57,15-02-2002,27-01-1980,44,Other,3,4155.843,21481.97637,13500.42556,103158.9638,Both,Divorced,22,23,IT,Software Engineer III
4098,LVXAbhID,"obZrwLnE St, TnwaDEvHbf, DEL 788074",84838.83,18-08-2021,01-09-1986,37,Other,4,6628.117,20022.78956,12583.39435,98906.34221,Medical,Married,2,16,Marketing,Regional Marketing Manager
4099,DhObdRXM,"utmMNeaI St, uqDpICJDII, DEL 583020",108596.32,11-08-2006,16-12-1985,38,Male,3,12573.368,25629.78842,16107.13301,130692.3434,Life,Divorced,17,17,Marketing,Regional Marketing Manager
4100,ZsOUvTJi,"iTtbPGiq St, aCgOcBJvJj, AMD 267261",98260.72,10-07-2014,14-11-1989,34,Male,3,4295.928,23190.48623,14574.14475,111172.9895,None,Divorced,10,13,Marketing,Regional Marketing Manager
4101,DOLZqhWf,"aMqTjMlu St, PbhtruYEQf, MUB 759519",142794.17,07-02-1992,24-07-1965,58,Female,1,7795.583,33700.81384,21179.39806,163111.1688,Life,Widowed,32,37,Marketing,Marketing Director
4102,KvdGYiKq,"nmLWEaRr St, NOdjBOFLeu, CHN 944110",90335.72,13-11-2003,06-11-1981,42,Male,1,8474.428,21320.1091,13398.69949,106731.5576,None,Married,20,21,Marketing,Senior Marketing Executive
4103,GBxopDbW,"buQVqbqu St, bVwDIAHsSU, BLR 843377",138084.81,21-09-2009,13-09-1970,53,Male,1,8749.519,32589.35905,20480.90029,158942.7878,Life,Widowed,14,32,IT,Technical Lead
4104,tKpfXWvo,"MBZbrEaO St, OBSTupyVfG, DEL 616943",107016.55,15-01-2018,23-05-1980,44,Other,2,9376.345,25256.94732,15872.81968,125777.0226,Life,Married,6,23,Marketing,Regional Marketing Manager
4105,pcYhrkdr,"efCvNLVu St, PODhUCczgk, AMD 185810",74918.27,12-02-2022,26-03-1996,28,Female,3,6212.173,17681.44085,11111.9653,87699.91855,Medical,Married,2,7,Finance,Account Associate
4106,bFRjygmR,"LpInXzUq St, jxlmTcLGCl, MUB 624704",101308.78,20-06-2014,03-03-1990,34,Male,3,9545.122,23909.85805,15026.23657,119737.5235,Both,Married,10,13,Human Resources,ERP Head
4107,gRscqLiC,"GamPTkix St, AJrfwMfrqW, DEL 386209",95092.2,13-12-2018,16-12-1991,32,Other,3,7737.78,22442.68467,14104.18616,111168.4785,Life,Married,5,11,Sales,Regional Sales Manager
4108,PZJXAnsr,"kHkICipU St, gQZWRCIMvZ, AMD 713777",60874.24,18-10-2015,16-04-1993,31,Other,1,9109.576,14366.91309,9028.938371,75321.79072,Life,Divorced,8,10,IT,Software Engineer II
4109,HahdRfQu,"CkgXPdlm St, hlgLPVHIAv, DEL 681589",88012.87,11-07-2000,15-07-1978,46,Male,1,6388.713,20771.89389,13054.17167,102119.3052,Both,Divorced,24,25,Marketing,Senior Marketing Executive
4110,sXckqiaJ,"YSuNHrdr St, uZoAWMyUIa, PUN 981438",144700.66,11-12-1990,19-02-1964,60,Other,1,4200.934,34150.76404,21462.17088,161590.1872,Life,Divorced,33,39,IT,Technical Lead
4111,vbdzpMnI,"KaMqPinR St, XtkPHFhFhO, AMD 427793",49830.16,21-04-2020,22-11-1998,25,Female,2,5756.984,11760.40273,7390.867527,59956.6792,Life,Married,4,4,IT,QA Engineer II
4112,TQRSfTKV,"nYGjzqdn St, xQqILGZmRI, HYD 457387",129254.9,15-09-2008,25-03-1965,59,Male,4,9029.51,30505.41436,19171.23772,149618.5866,None,Married,15,38,IT,IT Manager
4113,jFsVAIEs,"SlqgrHtR St, DyEmhsSIqX, DEL 997649",73610.88,14-05-2019,09-11-1994,29,Other,0,7671.912,17372.88409,10918.05169,87737.6244,Both,Single,5,8,IT,Software Engineer II
4114,gpWYExme,"GJAYpqus St, ppomWGbsfQ, DEL 934442",142337.23,21-08-1993,22-07-1969,54,Female,3,7883.277,33592.97156,21111.62419,162701.8544,Both,Married,30,33,Marketing,Marketing Director
4115,mrhCRvnO,"pUXQrCrn St, qIllkeApSH, KOL 310344",48430.61,14-10-2023,05-06-1996,28,Male,0,6897.939,11430.0953,7183.284636,59575.35967,None,Single,0,7,Human Resources,HR Executive
4116,jDAaszED,"NlUTbzrU St, kuoyXfLdVy, DEL 638841",143823.19,13-10-2009,15-04-1977,47,Other,1,3790.681,33943.67258,21332.02351,160225.5201,None,Married,14,26,IT,IT Manager
4117,IXwMyzdC,"OBngJAUw St, AQaWwUTNGX, DEL 296165",45558.75,26-06-2020,10-07-1999,25,Other,2,5594.125,10752.30839,6757.327007,55147.85639,Both,Married,4,4,Sales,Sales Representative
4118,ELsPiqaP,"FdQcuxFC St, OYsFvCHIoU, PUN 961319",103069.3,19-08-2015,07-12-1983,40,Other,4,12090.07,24325.35791,15287.35895,124197.369,None,Married,8,19,Finance,Senior Account Executive
4119,chGfRTAs,"ZqJVfKoP St, VwDzzrYgkU, BLR 462898",78981.13,27-08-2000,25-07-1978,45,Female,,5111.887,18640.31535,11714.57344,91018.75891,Medical,,23,24,Finance,Regional Account Head
4120,sTGjrIsd,"wgiOWpQS St, ZOwbvgBFIA, MUB 219171",119594.12,16-09-1986,06-11-1965,58,Other,1,11927.588,28225.37625,17738.33955,142008.7447,Life,Divorced,37,37,Finance,Account Director
4121,EmdKkOnm,"CJSqGTJs St, MxrgCkEuMx, KOL 219082",56965.13,04-12-2017,07-07-1996,28,Female,3,4516.487,13444.32509,8449.13461,66476.80747,None,Married,6,7,Finance,Account Associate
4122,MoOUSySH,"ykaoIdWD St, uVrzqpwRTE, KOL 210950",140495.56,24-07-2013,11-09-1973,50,Male,2,4539.444,33158.31951,20838.46554,157354.858,Both,Married,10,29,Human Resources,HR Director
4123,BbfBIpXh,"inYkQqCZ St, NgFtHdgqxp, PUN 833262",80274.99,16-02-2005,10-06-1982,42,Other,2,8894.501,18945.67891,11906.48027,96208.68964,None,Married,19,21,Human Resources,Senior HR
4124,yGVsjwBT,"LxjIaLdi St, dKuwpajPav, CHN 845038",24224.2,03-06-2020,20-08-1999,24,Male,0,6848.58,5717.146959,3592.961635,33196.96532,None,Single,4,3,Human Resources,HR Representative
4125,sajIURYt,"YGEzpvcC St, jTCPJBPoeL, AMD 838390",132320.38,09-11-1990,04-01-1969,55,Female,3,10359.962,31228.89747,19625.9133,154283.3262,Medical,Married,33,34,Sales,National Sales Manager
4126,CrdSMoxK,"lainkCUg St, rynzRUttcF, DEL 175174",76947.96,27-03-2022,24-04-1991,33,Other,1,5402.204,18160.46745,11413.01129,89097.62015,None,Divorced,2,12,Sales,Senior Executive
4127,wNTkMDRf,"qeErZTrE St, wrnzwGkcSo, AMD 695267",88337.56,22-01-2020,26-06-1990,34,Other,3,8359.244,20848.52389,13102.33007,104442.9978,None,Married,4,13,Human Resources,Senior HR
4128,FgLbhiAn,"fGZJIPPV St, FULQUfFEXu, HYD 616421",127078.99,16-07-2009,26-04-1977,47,Male,1,7988.101,29991.87842,18848.50421,146210.4652,None,Married,15,26,Sales,National Sales Manager
4129,UqYiKjYM,"eoszkcjO St, baPilpfCOM, BLR 145319",140792.21,09-02-2019,10-05-1973,51,Female,1,5723.779,33228.3318,20882.46502,158861.8558,Medical,Divorced,5,30,IT,IT Manager
4130,gQCWyBtk,"gsMfAbZs St, KgHnorkWkm, BLR 858813",140667.77,04-10-2017,26-04-1975,49,Male,1,5430.223,33198.96275,20864.00793,158432.9478,Medical,Married,6,28,IT,Technical Lead
4131,IWLniEuF,"eXJpsCPJ St, ytGjqRLoXB, AMD 133890",135598.9,14-04-2003,06-02-1965,59,Female,2,9149.11,32002.6601,20112.18721,156638.4829,None,Married,21,38,Marketing,National Marketing Manager
4132,JOzYNrWN,"imLjPIgv St, XctCPkumat, PUN 871715",111252.67,22-11-2020,05-11-1968,55,Male,4,11498.733,26256.71287,16501.12594,132506.9899,Life,Married,3,34,Marketing,National Marketing Manager
4133,vOwwsghO,"EqlTIqti St, MQBATzBfQs, KOL 408754",140097.34,13-04-1990,19-11-1969,54,Female,2,4721.266,33064.33572,20779.40109,157103.5406,None,Divorced,34,33,Human Resources,Recruitment Manager
4134,trzloDST,"srjymVxd St, erbcFZWVnZ, AMD 655626",49567.14,05-03-2018,26-10-1995,28,Female,0,6149.286,11698.32745,7351.856093,60062.89735,None,Single,6,7,Human Resources,HR Associate
4135,zogrxyeq,"TzDmIDJF St, shToyxaWSu, DEL 826022",146751.06,01-07-1993,02-10-1966,57,Male,3,3661.894,34634.67839,21766.28861,163281.3438,Both,Divorced,31,36,Human Resources,HR Director
4136,xtlZUkhV,"GPEgagae St, pjaKmfhlja, AMD 987528",91566.27,10-07-2021,15-05-1984,40,Male,1,8327.373,21610.53088,13581.21611,107922.9578,Medical,Married,3,19,IT,Software Engineer III
4137,gFaJawYe,"mNRGeoQt St, scbJgwZhiG, HYD 270396",78191.08,20-12-2017,10-11-1981,42,Other,2,5962.892,18453.85586,11597.3923,91010.43556,Medical,Married,6,21,IT,Software Engineer III
4138,iTtoftbH,"blHkVRIm St, LCyWjQwQhR, BLR 870491",59863.57,22-11-2024,26-06-1999,25,Female,0,5946.643,14128.38513,8879.034616,71059.56352,Both,Single,-1,4,Marketing,Marketing Associate
4139,UMqjdkEB,"niRrONNt St, ZKLOjkfRIT, PUN 965724",144218.71,24-04-2018,01-09-1964,59,Female,3,6519.129,34037.01915,21390.6875,163384.1707,Both,Married,6,38,Finance,Account Director
4140,DfJRMaDd,"dcrmiRTe St, bIZdHcNsjT, BLR 153517",28321.32,20-07-2024,27-02-2000,24,Other,0,5633.868,6684.107153,4200.651258,36438.64389,None,Single,-1,3,Marketing,Marketing Development Representative
4141,tfZsKKTy,"ShftYCoZ St, HKGmLWqDFV, HYD 518038",22195.29,28-07-2022,14-11-2000,23,Other,0,5747.471,5238.304453,3292.031334,29889.03412,Life,Single,1,2,Marketing,Marketing Development Representative
4142,DHLbAEAO,"nJTfRirg St, wCxIDHSLNQ, MUB 151082",124135.15,10-07-2009,28-09-1972,51,Other,4,6417.485,29297.10353,18411.87042,141437.8681,Both,Married,15,30,Sales,Sales Director
4143,bNlvbDdv,"wOknARSY St, StIBFxXyWE, DEL 323545",127632.16,20-02-2014,22-09-1975,48,Male,2,10202.784,30122.43192,18930.55103,149026.8249,None,Married,10,27,IT,Technical Lead
4144,hPQnIvbL,"RZuBPimQ St, AoRArnSlJz, DEL 925206",138263.13,27-08-1997,28-08-1968,55,Male,2,8558.687,32631.44431,20507.34892,158945.9124,None,Widowed,26,34,Finance,Account Director
4145,gIfRQnpf,"XBKIhuTD St, NihjvnHAjZ, MUB 462645",93749.86,11-03-2009,20-05-1980,44,Female,4,7130.014,22125.87937,13905.08872,109100.6646,None,Married,15,23,IT,Software Engineer III
4146,HlLgHjOi,"YFSOQRhB St, GJevfAADjU, CHN 862471",82962.07,22-07-2006,04-09-1984,39,Female,3,9492.793,19579.85594,12305.03111,99729.68782,Both,Divorced,17,18,Human Resources,Senior HR
4147,GhDMSgku,"WkhLYoXz St, mFGMldqJGl, PUN 196592",52877.11,23-11-2020,11-08-1993,30,Other,0,7503.289,12479.51258,7842.794709,65017.11687,Both,Single,3,9,IT,Software Engineer II
4148,nJBrQBQN,"cCokbNnw St, lIUHvBvGpX, PUN 982700",79561.52,28-06-2013,12-05-1989,35,Other,1,9927.848,18777.29304,11800.65756,96466.00348,Medical,Divorced,11,14,Finance,Senior Account Executive
4149,iFIZniqy,"tVAAjhoh St, NREFsGJYns, PUN 939984",84140.3,25-11-2017,10-05-1992,32,Female,4,7974.97,19857.92968,12479.78756,99493.41212,Life,Married,6,11,Sales,Regional Sales Manager
4150,KLADQEXp,"HoXJgzfQ St, DfqQSYxXnU, PUN 686249",112370.62,05-12-2010,05-02-1974,50,Male,3,12247.938,26520.55995,16666.94159,134472.1764,Medical,Married,13,29,IT,IT Manager
4151,hIelsGFW,"bcQTyUrP St, bBcWsZMTrc, PUN 579542",55032.79,03-06-2022,13-08-1997,26,Male,2,6536.721,12988.27404,8162.527685,66395.25735,Life,Married,2,5,Finance,Account Associate
4152,SijNQxti,"xOzaSZDv St, ygurohGwWq, AMD 816137",110267.36,01-04-2001,28-01-1964,60,Male,2,13704.264,26024.17012,16354.98361,133640.8105,Both,Widowed,23,39,Human Resources,Recruitment Manager
4153,qudAWoOL,"AxYgUJlc St, TaEehlYCVY, CHN 958604",90507.35,15-06-2014,22-11-1989,34,Other,1,6041.265,21360.61545,13424.15585,104485.0746,Both,Married,10,13,IT,QA Lead
4154,YOLLAKEN,"ULBewEyw St, OmPjTUZFCF, KOL 371577",49289.69,05-05-2024,05-02-1997,27,Male,0,5237.031,11632.84655,7310.704385,58848.86316,Both,Single,0,6,IT,QA Engineer II
4155,gijfhSDi,"ZswwLMoQ St, vXfbufVJJw, BLR 532765",110242.39,25-11-2022,13-01-1977,47,Female,1,7827.761,26018.27696,16351.28004,127737.1479,Life,Widowed,1,26,Sales,National Sales Manager
4156,YTBujBlo,"PlPyYtyZ St, EepHRzPgwL, DEL 483003",97897.91,16-11-2024,01-07-1985,39,Other,2,7493.209,23104.85954,14520.33234,113975.6462,None,Married,-1,18,Human Resources,ERP Head
4157,cqeKrCbS,"JJbKbeIO St, JIUJkcsBSI, KOL 687810",148208.1,07-05-1997,04-04-1972,52,Female,3,7839.19,34978.55401,21982.39848,169043.4455,Both,Married,27,31,Finance,National Account Head
4158,KTmeRGDb,"kEPBAdup St, YHBujVvdWS, KOL 762642",76457.44,26-01-2023,23-12-1988,35,Other,2,7458.256,18044.69995,11340.25679,90620.13916,Medical,Married,1,14,Finance,Regional Account Head
4159,BXWpjlnc,"hmWLZbJG St, XaecpAxYBb, DEL 659344",98764.77,02-06-2000,04-07-1978,46,Male,2,7878.523,23309.44693,14648.90603,115303.8339,Medical,Married,24,25,Finance,Regional Account Head
4160,YKaxBuMd,"ujWwstUV St, nPFnDPLwgS, DEL 875783",132843.29,09-08-2007,28-10-1967,56,Male,2,7862.671,31352.30932,19703.47192,152354.7984,None,Married,16,35,Sales,Sales Director
4161,PXAvFBQD,"knDPOGJp St, bPembICDyv, AMD 287985",68466.44,24-03-2020,07-07-1999,25,Female,1,7453.356,16158.74618,10155.02234,81923.51984,None,Married,4,4,IT,Software Engineer II
4162,mtZFmhxA,"WnuIuGqT St, ZdInOKGIQK, CHN 284602",86658.9,02-10-2017,20-01-1991,33,Female,3,7103.11,20452.3438,12853.34926,101361.0045,Both,Married,6,12,Marketing,Regional Marketing Manager
4163,SArEcBoD,"MaEusmFr St, xcuHFztcmK, CHN 312281",96441.47,19-10-2016,15-06-1984,40,Other,3,8274.853,22761.12552,14304.31146,113173.1371,Both,Divorced,7,19,Human Resources,ERP Head
4164,NrcEsveS,"mBYIWfmJ St, kMKeYrhlvt, AMD 544340",76808.57,25-08-2020,23-12-1989,34,Male,4,9754.143,18127.57005,11392.33681,93297.94624,Both,Married,3,13,Marketing,Senior Marketing Executive
4165,zwRQMqzs,"EhJwcZDa St, uozYFnkQsY, DEL 716624",97348.54,06-08-2022,06-06-1985,39,Male,1,5716.146,22975.20287,14438.84914,111601.0397,Both,Married,1,18,Finance,Regional Account Head
4166,VEybsVWc,"tzyLgqiK St, tEBgXKrfxu, HYD 873267",135835.97,09-08-2013,24-07-1972,51,Male,2,11137.403,32058.61092,20147.34971,158884.6342,None,Married,10,30,Sales,National Sales Manager
4167,jXUhrQwq,"bXnXIZOo St, ldhnYxkZpT, BLR 412026",41544.93,22-05-2022,24-05-2001,23,Female,0,7162.507,9805.00781,6161.992537,52350.45227,Life,Single,2,2,Marketing,Marketing Intern
4168,PHtLMENq,"DNuvoAZD St, AFLnrOzCJF, HYD 774445",131930.44,18-12-2014,24-10-1973,50,Female,2,8863.956,31136.86783,19568.07694,152363.1869,Life,Married,9,29,Human Resources,Recruitment Manager
4169,OnnNLFKZ,"bUQJCYYu St, PIwUMjItdT, MUB 987724",15332.27,10-12-2023,09-08-2002,21,Other,0,6205.773,3618.564939,2274.100193,22882.50775,None,Single,0,0,Marketing,Marketing Intern
4170,QbZnhrxS,"KMZCoTQm St, vDyAMOtThe, AMD 491105",50980.15,12-08-2023,02-07-1998,26,Female,3,5890.985,12031.81156,7561.435387,61341.51117,None,Married,0,5,Human Resources,HR Associate
4171,YyismzFW,"RtleSEMn St, VmQRgMXmbO, KOL 331826",94129.7,16-06-2004,07-01-1979,45,Other,,6413.03,22215.5253,13961.42704,108796.8283,None,,20,24,Marketing,Regional Marketing Manager
4172,qGPOuDAT,"mtvGeriS St, wTdXKacJyB, KOL 686792",124656.71,10-05-1999,07-10-1972,51,Male,1,8590.329,29420.19676,18489.22881,144178.007,Life,Divorced,25,30,Marketing,National Marketing Manager
4173,kFQuyNew,"BuFzPXyx St, GeeWnivKPf, MUB 860677",104086.18,15-10-1998,25-07-1977,46,Female,4,12307.382,24565.35148,15438.18378,125520.7297,Life,Married,25,25,Human Resources,ERP Head
4174,jEfpZNMO,"rTRJpkxq St, DwysWSuajd, KOL 158902",75569.87,01-03-2023,04-06-1984,40,Other,2,6182.013,17835.22479,11208.61138,88378.49642,Medical,Married,1,19,IT,QA Lead
4175,gABSFaPn,"YkPUaoJa St, vuyAxZwFuG, CHN 299166",77443.67,21-08-2021,26-05-1985,39,Male,1,7344.633,18277.45983,11486.53558,91579.22725,Medical,Divorced,2,18,Sales,Regional Sales Manager
4176,OgQtnYmt,"VtttxXcQ St, mNhhakPDeq, KOL 610131",117387.65,11-04-2008,20-08-1966,57,Male,2,12412.235,27704.62786,17411.07334,140093.4395,Life,Married,16,36,Sales,Sales Director
4177,SsyUMnIx,"AAuHbRsM St, MCFVgTmFwN, BLR 541378",107167.75,24-08-2006,05-09-1977,46,Male,2,11367.225,25292.632,15895.24584,127932.3612,Both,Married,17,25,Finance,Senior Account Executive
4178,wfJYykHJ,"DQmtKRQc St, bsukhUrdgp, KOL 934013",94605.93,20-12-2021,26-01-1986,38,Female,1,8476.407,22327.92022,14032.06203,111378.1952,Life,Married,2,17,Human Resources,ERP Head
4179,sfJgxIVa,"pXSJewUH St, HSBAMHOIzu, MUB 557803",97013.85,19-11-2005,04-07-1984,40,Other,1,6077.615,22896.21277,14389.20753,111598.4702,Medical,Married,18,19,Finance,Senior Account Executive
4180,IQOvzlzc,"uhUAPXoC St, WxFQSGTOvQ, MUB 123274",75907.38,25-06-2023,10-01-1990,34,Other,1,6184.262,17914.88044,11258.67125,88747.85119,Both,Divorced,1,13,Marketing,Senior Marketing Executive
4181,wjnFdxra,"GWAzQojA St, ARCpDgfJaQ, MUB 856695",81751.91,12-05-2022,18-05-1987,37,Male,1,9390.809,19294.2464,12125.53877,98311.42663,Medical,Divorced,2,16,IT,QA Lead
4182,rQjXENDA,"GMlcYPBU St, FNSPSgTyYe, AMD 488260",130095.57,03-06-1993,14-12-1971,52,Male,4,8249.443,30703.82066,19295.92688,149752.9068,None,Married,31,31,IT,Technical Lead
4183,AyGrvrMf,"RcfiPSFl St, oyqnCrIegc, BLR 420913",25005.64,28-08-2022,26-06-2000,24,Other,1,5744.436,5901.574404,3708.865728,32942.78468,None,Married,1,3,IT,QA Engineer I
4184,YVfyeojq,"iiOyOtfh St, yohCbLyPka, HYD 477646",111480.91,04-01-2001,25-09-1976,47,Male,2,12029.909,26310.57973,16534.97877,133286.42,Both,Widowed,23,26,Finance,Account Director
4185,duFBsKNH,"DZebOmpe St, GGsLLilUdG, MUB 372924",131648.47,04-02-2013,25-06-1974,50,Male,1,8711.153,31070.32017,19526.25482,151903.6883,None,Widowed,11,29,Human Resources,HR Director
4186,imVVUluZ,"MimyVYJk St, ghfnkPLUNe, AMD 774982",85343.7,09-02-2011,24-11-1982,41,Female,4,7624.63,20141.9438,12658.27726,100451.9965,Both,Married,13,20,Finance,Regional Account Head
4187,PGAfnKxX,"rGcuXYcb St, lPGayzcReI, DEL 770682",128361,05-09-2002,17-04-1969,55,Other,2,8587.9,30294.44526,19038.65343,148204.6918,Medical,Married,21,34,Finance,Account Director
4188,oEzhHpum,"ADZIJwJd St, uqheEPjYUH, KOL 924634",95672.71,11-03-2015,26-12-1990,33,Other,2,7348.729,22579.69068,14190.28808,111410.8416,Both,Married,9,12,Human Resources,ERP Head
4189,QVTbbHCE,"QXZTSNSQ St, PGvOBepagO, BLR 625342",145310.62,08-02-2013,09-08-1973,50,Other,2,4890.938,34294.72054,21552.64086,162943.6377,None,Widowed,11,29,IT,Technical Lead
4190,cZzjKUoN,"mAAxIaXn St, MKHxdMoqyv, CHN 658004",98538.89,26-04-2014,18-11-1981,42,Male,3,4980.111,23256.13706,14615.40325,112159.7348,Both,Married,10,21,IT,QA Lead
4191,tYzQJDrS,"UIFbmJiZ St, BPSwfOSCVy, BLR 630051",53817.26,13-06-2021,06-06-1996,28,Female,4,6513.274,12701.39713,7982.238855,65049.69227,Both,Married,3,7,Marketing,Marketing Associate
4192,yqUxKxHY,"zwSkFbdO St, AewowVVsdu, AMD 996140",18266.1,21-07-2023,27-10-2001,22,Other,0,7490.39,4310.977372,2709.249285,27358.21809,Both,Single,0,1,Finance,Account Representative
4193,sIddDuWL,"euuwYsip St, xudllVooqN, CHN 172794",125974.5,17-03-2008,06-12-1976,47,Male,2,10529.55,29731.20803,18684.68496,147550.5731,Both,Married,16,26,Sales,National Sales Manager
4194,PjndQCwq,"bdHtOAuF St, HOdSFgwQSE, DEL 685436",104605.13,23-02-2006,06-10-1980,43,Other,3,13276.487,24687.82873,15515.15505,127054.2907,Both,Married,18,22,Sales,Senior Executive
4195,BUXgwCdR,"DnGBzsby St, AQsGJNucMq, AMD 609468",60985.05,19-10-2018,10-10-1992,31,Female,1,9813.495,14393.06533,9045.373839,76146.23649,None,Married,5,10,Marketing,Marketing Representative
4196,RAvINsAD,"AdlvCIGZ St, UShnqBaMxc, PUN 216803",78850.04,13-12-1999,04-11-1977,46,Male,1,5753.996,18609.37684,11695.13002,91518.28282,Life,Married,24,25,IT,Software Engineer III
4197,cHOwYXzX,"weKeMLbx St, HiPzTFBWpu, KOL 811682",143311.12,28-07-1997,24-03-1970,54,Female,4,8087.888,33822.81908,21256.07269,163965.7544,None,Married,26,33,IT,Technical Lead
4198,elhOUcna,"XVyFELYg St, MEuMLaROsp, PUN 508906",106557.22,06-10-2021,05-08-1988,35,Other,4,11666.278,25148.54097,15804.69132,127567.3477,None,Married,2,14,Human Resources,Senior HR
4199,TnQWoIRN,"vinLTtuy St, mDWtHxmqDA, HYD 317743",76925.31,13-07-2017,13-09-1987,36,Male,3,7880.469,18155.12182,11409.65182,91551.24901,Both,Married,7,15,Sales,Senior Executive
4200,XUocNmfh,"TdqXZytf St, tZNezXHvMN, BLR 721390",119668.6,19-10-2010,26-02-1977,47,Other,1,6803.14,28242.95426,17749.38651,136965.3077,Both,Married,13,26,Human Resources,HR Director
4201,ncAFDyBs,"RhOyKnmz St, TQcoraZhjW, KOL 845169",85883.74,21-10-2013,03-11-1979,44,Male,1,6338.626,20269.39849,12738.37662,99753.38787,Medical,Married,10,23,Sales,Regional Sales Manager
4202,SdIRXLuS,"ECVwvyVz St, gMiYYlEwbt, PUN 210512",64023.74,16-10-2022,10-06-1995,29,Male,4,7973.626,15110.22574,9496.075889,77611.51585,Both,Married,1,8,IT,Software Engineer II
4203,TkyrLAqu,"MGgiLMOQ St, xfhrcddfhK, DEL 168812",100951.04,04-10-2009,23-06-1981,43,Other,1,11495.896,23825.42793,14973.17615,121299.1878,Both,Divorced,14,22,Marketing,Regional Marketing Manager
4204,MGOMyCoY,"jOANGddj St, oUfvfnBpyJ, BLR 776769",100676.8,05-09-2009,15-11-1985,38,Female,2,9822.32,23760.70462,14932.50055,119327.3241,Life,Married,14,17,Sales,Regional Sales Manager
4205,CnyEWCkP,"krVADDqc St, pRPQzdybzF, CHN 360240",20580.28,01-12-2021,06-09-2000,23,Other,0,5816.972,4857.146375,3052.491165,28201.90721,Both,Single,2,2,IT,Software Engineer I
4206,jTampBXe,"NrHmqGGV St, QywXXkgxpk, CHN 779020",85253.52,12-02-2016,18-09-1977,46,Other,4,7583.648,20120.66044,12644.90165,100312.9268,Both,Married,8,25,Sales,Regional Sales Manager
4207,YnVOWerf,"vEDqKMMx St, APGbuwwjQN, CHN 971688",143921,08-12-2000,05-07-1970,54,Other,1,10405.9,33966.75669,21346.5308,166947.1259,None,Divorced,23,33,Finance,National Account Head
4208,eVbTnuQR,"xpgbReDE St, ewNkwbfNLZ, DEL 695696",56632.45,08-05-2021,09-05-1995,29,Male,0,5526.755,13365.80937,8399.791124,67125.22324,Life,Single,3,8,IT,Software Engineer II
4209,wUGnZfkE,"VWLvozpB St, IMWzoUIfFm, HYD 662638",61155.89,18-03-2017,12-05-1995,29,Other,2,7617.411,14433.38523,9070.713028,74135.9732,Medical,Married,7,8,IT,QA Engineer II
4210,RfwhGmMR,"WuvRncvF St, fLIHLEsGPP, AMD 506737",125906.61,13-12-1991,04-08-1970,53,Female,3,9690.339,29715.18533,18674.61544,146637.5189,Life,Divorced,32,32,Marketing,National Marketing Manager
4211,swaUFVAL,"WecVtIuv St, nHdLNhMsIR, BLR 455741",118530.99,25-03-2001,13-09-1976,47,Female,3,8469.901,27974.46723,17580.65487,137394.7034,Life,Divorced,23,26,IT,IT Manager
4212,BUbNXNNr,"gqjfKDap St, rXnJBjbWgV, PUN 960767",82277.19,23-08-2021,07-11-1982,41,Other,1,8937.281,19418.21759,12203.44891,98429.23968,Medical,Married,2,20,IT,Software Engineer III
4213,RHTJcpzw,"wLRgkbBJ St, thbCROWBFi, MUB 767303",102837.87,12-03-2017,21-01-1990,34,Other,1,9932.213,24270.73818,15253.03298,121787.7882,Life,Married,7,13,Human Resources,ERP Head
4214,YrHQrtcb,"WZAgStxN St, dvWPWgmgbV, HYD 960537",86943.39,27-03-2003,12-01-1978,46,Other,2,9305.661,20519.4862,12895.54514,103872.9921,Both,Married,21,25,Sales,Regional Sales Manager
4215,TcnLLPAU,"RaSogDzn St, ZxIsQSawXS, KOL 840228",136591.58,01-09-1997,02-08-1974,49,Male,4,4668.842,32236.94224,20259.42267,153237.9416,Life,Married,26,28,Sales,Sales Director
4216,cyryjJkk,"ShYrCgUn St, zUXReVYmOb, CHN 445153",113471.75,07-10-2007,25-12-1964,59,Male,1,10366.825,26780.43735,16830.26248,133788.7499,Both,Married,16,38,Marketing,National Marketing Manager
4217,vkEmRDVh,"HeeBpKmC St, zPcxuTWvjf, AMD 294005",103186.52,10-04-2012,18-12-1984,39,Male,1,8322.348,24353.02297,15304.74516,120557.1458,Medical,Divorced,12,18,Finance,Senior Account Executive
4218,NWrNwrpw,"umlhcTTM St, fJOOiTSUYU, HYD 249426",62328.04,26-01-2017,07-10-1996,27,Female,3,9430.196,14710.02404,9244.567685,77223.69235,Both,Married,7,6,Marketing,Marketing Associate
4219,EXZemJap,"rsgnRUQQ St, bjFqMFXPqa, CHN 835527",119130.47,05-08-2019,04-10-1971,52,Female,1,9476.953,28115.95034,17669.57044,139053.8029,Life,Married,4,31,Marketing,Marketing Director
4220,ySXORoiS,"HqbxJBtW St, knPAVvchVq, AMD 745231",77882.25,01-08-2007,11-04-1986,38,Female,3,6606.775,18380.96898,11551.58628,91318.4077,Life,Divorced,16,17,Human Resources,ERP Head
4221,hJgBprZN,"BAKQVzbd St, KsQMYEpYgS, PUN 373873",143763.11,10-10-2011,22-05-1971,53,Other,1,10299.689,33929.49311,21323.11237,166669.1797,Both,Widowed,12,32,Finance,National Account Head
4222,YNQVIkUk,"DsImRFRC St, chSBwjatfg, MUB 470808",84682.92,23-08-2010,11-12-1977,46,Male,1,8830.708,19985.99328,12560.26959,100939.3517,None,Married,13,25,Marketing,Regional Marketing Manager
4223,jEwaYGby,"heWUomIc St, CYWeFyopmr, BLR 527464",78451.08,28-05-2018,10-05-1983,41,Male,4,7294.892,18515.21839,11635.95581,92625.23459,Medical,Married,6,20,Finance,Senior Account Executive
4224,UROhaeqv,"CZTUfkKR St, paapWUIEax, HYD 174649",109655.33,14-08-2007,19-09-1980,43,Male,4,10407.467,25879.72509,16264.20661,129678.3155,None,Married,16,22,Human Resources,ERP Head
4225,AJfRSCDA,"YMVLipnt St, hPVdOeBtKS, CHN 256501",91219.29,11-10-2021,23-02-1987,37,Female,1,7467.071,21528.64022,13529.75163,106685.2496,Medical,Married,2,16,Sales,Senior Executive
4226,zURATPWG,"EUHwAYGn St, JZvKdrgmat, AMD 582099",119280.2,17-08-1989,02-02-1964,60,Female,4,10064.98,28151.28808,17691.77857,139804.6895,None,Married,34,39,Sales,Sales Director
4227,YXGTjYSb,"YhyeYnJZ St, sNjfBLCnPG, KOL 989942",114969.14,15-06-2001,16-07-1977,47,Other,2,9846.086,27133.83596,17052.35712,134896.7048,Life,Widowed,23,26,Marketing,National Marketing Manager
4228,MlkavStY,"OqUzQKiz St, vUOkDWPCIN, CHN 790357",100609.66,21-04-2016,18-03-1983,41,Female,3,14640.034,23744.85893,14922.54227,124072.0107,Both,Married,8,20,Marketing,Regional Marketing Manager
4229,LwaSquoy,"gXctolIe St, EreHJpbiaG, MUB 812839",109876.33,24-01-2013,26-03-1992,32,Other,3,10995.367,25931.88324,16296.98559,130506.5946,Medical,Married,11,11,Finance,Senior Account Executive
4230,nbDUMExS,"tCEdoTER St, ecRPscaRWu, MUB 646988",71442.41,19-08-2023,06-06-1994,30,Other,0,10034.759,16861.10406,10596.42169,87741.85138,None,Single,0,9,Sales,Sales Representative
4231,HkdcGMdM,"AjaWrzhY St, anCGvWUNms, MUB 597146",79597.75,03-03-2023,23-12-1990,33,Other,2,9207.225,18785.84367,11806.03124,95784.78743,Life,Married,1,12,Human Resources,ERP Head
4232,oCCpOTnP,"MMkPmxSY St, KAEIEkBGIc, AMD 493650",121012.09,03-03-2019,04-12-1970,53,Male,1,9199.791,28560.03097,17948.65452,140823.2575,None,Widowed,5,32,IT,IT Manager
4233,LDUyRedQ,"YsPcwYSz St, AqyXJGsRDf, HYD 288955",89099.49,01-03-2023,03-08-1978,45,Female,,8981.051,21028.34679,13215.34041,105893.5474,Both,,1,24,Human Resources,Senior HR
4234,tfbCrYtP,"cYskwNNV St, CJuKaQrEry, BLR 280799",85367.84,23-10-2000,21-09-1977,46,Female,2,8086.216,20147.64107,12661.85773,100939.8393,None,Widowed,23,25,Human Resources,ERP Head
4235,HZaiwDkh,"vTgOUQZr St, PKTZmZCchO, CHN 367391",127451.58,22-03-1986,27-04-1964,60,Female,3,6401.842,30079.81328,18903.76719,145029.4681,Both,Married,38,39,Human Resources,Recruitment Manager
4236,NbXtjanl,"VKwafEFp St, rWykZzDkUt, MUB 595283",45290.17,08-05-2023,07-04-1995,29,Male,3,8084.983,10688.9209,6717.490908,57346.58299,Medical,Married,1,8,Sales,Sales Representative
4237,MNMtkJoP,"nBokLtjJ St, QclOWDTeAT, CHN 753475",121339.37,01-03-2011,23-10-1971,52,Female,1,7835.063,28637.27224,17997.19707,139814.5082,Life,Widowed,13,31,Marketing,Marketing Director
4238,KPnHOCdo,"KBIKFZrX St, nsAbCGENug, CHN 247147",55105.03,28-03-2016,13-03-1994,30,Female,1,5161.497,13005.32338,8173.242406,65098.60798,Medical,Married,8,9,Marketing,Marketing Associate
4239,dIxhqGZx,"zLkNGNXE St, zFqWnHRYSc, MUB 975188",128565.49,08-08-2019,08-03-1977,47,Other,2,10094.451,30342.70689,19068.98363,149933.6643,None,Married,4,26,Finance,National Account Head
4240,LooRsEix,"UlmOgMGq St, fXchUEsPPL, PUN 752804",96707.51,25-10-2010,25-06-1986,38,Male,3,7408.249,22823.91355,14343.77083,112595.9017,Medical,Married,13,17,Marketing,Regional Marketing Manager
4241,MvLQSDsk,"fumMXVxW St, BDNUdxrszq, MUB 159242",48163.62,19-11-2020,25-08-1998,25,Female,1,6241.638,11367.08307,7143.684368,58628.6567,Both,Married,3,4,Sales,Sales Executive
4242,qxBkeaia,"FLqALzum St, sQzsbUDmNZ, HYD 382448",127990.83,21-05-2018,23-01-1976,48,Other,1,6834.917,30207.08153,18983.74938,146049.0791,Medical,Married,6,27,IT,Technical Lead
4243,DPYaCKxb,"cmPgBYLC St, EZfKBxEbXo, AMD 617015",92190.73,18-07-2014,20-11-1982,41,Other,1,6464.927,21757.90951,13673.83674,106739.7298,Life,Divorced,10,20,IT,Software Engineer III
4244,kBEtmUXb,"XGerZYsn St, LwFZXfkWwm, HYD 700786",65533.18,25-06-2020,20-08-1994,29,Other,1,7734.682,15466.46827,9719.957793,79014.37248,None,Married,4,8,Marketing,Marketing Associate
4245,tlRsknAo,"mdMPvLdL St, PrZDdWnQKA, CHN 877970",132685.26,21-01-2002,21-08-1971,52,Other,2,4978.474,31315.0127,19680.03272,149298.714,None,Divorced,22,31,Marketing,Marketing Director
4246,poPbjDlQ,"JqvVLXxO St, wFLChSmtQo, MUB 416012",139640.86,04-09-2019,04-02-1977,47,Female,3,7826.914,32956.602,20711.69544,159712.6806,None,Married,4,26,Sales,Sales Director
4247,YrPJgPkc,"ACxTEKQL St, BFWwrZKIZt, BLR 252887",56738.13,24-10-2023,27-09-1998,25,Male,0,6721.187,13390.75088,8415.465705,68434.60217,Life,Single,0,4,Marketing,Marketing Associate
4248,BArasGEF,"TJUvRklA St, fyaXYWgxWb, BLR 672154",53979.21,18-03-2022,08-05-1996,28,Male,4,4712.079,12739.61891,8006.259469,63424.64844,Life,Married,2,7,Finance,Account Executive
4249,DqRAnQov,"HdJmoKcj St, sKUWTNrLAk, MUB 414868",105794.76,02-07-2011,09-07-1990,34,Other,3,11111.524,24968.59299,15691.60236,126183.2746,Life,Married,13,13,Human Resources,ERP Head
4250,PdwQqCLP,"etbltRPL St, pAaoRfAkEQ, AMD 801537",125905,27-10-2017,15-09-1967,56,Other,2,9504.5,29714.80535,18674.37664,146449.9287,Life,Divorced,6,35,IT,IT Manager
4251,gkPHrCJc,"OsZxvBew St, oRAVjxZbVE, CHN 307209",113695.79,14-03-2015,21-08-1966,57,Other,1,11776.421,26833.31297,16863.49236,135442.0316,Life,Widowed,9,36,Sales,Sales Director
4252,jqsTWvsx,"YxJlkXdC St, UvARwHrAtG, CHN 606326",134888.25,13-02-1992,25-07-1967,56,Female,4,6593.175,31834.93978,20006.78277,153309.582,Medical,Married,32,35,Sales,Sales Director
4253,UtiditnJ,"jpsJYgFR St, cQHOxTWmFM, KOL 760503",111482.1,27-02-2000,26-04-1964,60,Female,1,8674.79,26310.86058,16535.15527,129932.5953,Both,Divorced,24,39,Sales,National Sales Manager
4254,ynpeZWmq,"TrHnipUG St, wJKqthMirI, HYD 249465",116852.28,17-08-2011,05-12-1964,59,Male,3,11943.772,27578.27533,17331.66664,139042.6607,None,Married,12,38,Sales,Sales Director
4255,shImYPAX,"iLQBQTOv St, sDdzMuvTce, AMD 779828",133880.83,28-07-2002,02-01-1976,48,Female,3,9574.917,31597.17886,19857.36106,155195.5648,Both,Married,21,27,Human Resources,HR Director
4256,xgyjhvkf,"VJLtxxAT St, yVcLmGfuHX, AMD 395466",96998.03,22-10-2018,19-09-1985,38,Female,3,6844.197,22892.4791,14386.86109,112347.845,Life,Married,5,17,Finance,Senior Account Executive
4257,IwkfstUE,"HNTDOrXQ St, UXlTKQTtIQ, DEL 864332",138878.46,20-07-2011,14-05-1969,55,Female,1,7929.154,32776.66818,20598.61538,158985.6668,Medical,Divorced,12,34,IT,IT Manager
4258,FRnxVMxh,"elkekcjE St, mNXmTHdCVs, DEL 153678",44988.19,08-12-2023,28-08-2002,21,Other,0,6493.181,10617.65068,6672.700882,55426.3208,Medical,Single,0,0,Marketing,Marketing Development Representative
4259,yNUWnFXf,"wvahheso St, VzUSKPgGWG, CHN 709024",80863.18,17-08-2023,15-08-1991,32,Male,3,5925.682,19084.49747,11993.7213,93879.63817,Medical,Married,0,11,Human Resources,Senior HR
4260,YRDMGTfw,"fdLRwbgY St, VyosjpMfDR, MUB 724890",71137.22,26-02-2023,17-09-1997,26,Other,4,8601.278,16789.07625,10551.15555,85976.4187,Life,Married,1,5,Human Resources,HR Associate
4261,gCJKapMM,"GowAStQo St, uhUXaAOuOT, PUN 244455",63958.12,25-08-2020,23-04-1998,26,Male,0,7938.188,15094.73878,9486.343054,77504.70373,Both,Single,3,5,Sales,Sales Executive
4262,kuBVeiMT,"hztUfwfh St, KQPnNaLNfo, BLR 214861",64890.52,21-05-2018,20-09-1996,27,Male,0,8693.948,15314.79426,9624.637711,79274.62455,Both,Single,6,6,Finance,Account Executive
4263,KXgAGoZl,"viYESbmL St, gaVYcqvOhC, DEL 860444",93925.73,14-09-2020,04-07-1982,42,Male,3,5283.427,22167.3864,13931.17397,107445.3694,Medical,Divorced,3,21,Finance,Senior Account Executive
4264,IzTWGWHb,"HijkTZjz St, qweneLqsgV, KOL 162862",113405.74,17-09-2023,08-01-1966,58,Female,2,13441.426,26764.85835,16820.4718,136791.5525,Life,Widowed,0,37,Sales,Sales Director
4265,DCLfZuTW,"xiAQZoMw St, eTVMPwMdlY, KOL 705376",127303.47,22-10-1996,22-08-1973,50,Female,1,6980.653,30044.85788,18881.79935,145447.1815,Both,Widowed,27,29,Sales,National Sales Manager
4266,JZLWpCNj,"gYnPQngu St, XjVRCJxEsv, MUB 284378",117609.42,24-02-2001,19-05-1971,53,Other,3,12898.058,27756.96774,17443.96653,140820.4792,None,Married,23,32,Finance,National Account Head
4267,ylOdpgCd,"XLNfTQBz St, fFXDImbyvc, CHN 911208",95722.72,13-10-2011,26-11-1988,35,Male,2,5659.728,22591.49353,14197.70562,109776.2359,Both,Married,12,14,Marketing,Senior Marketing Executive
4268,cWCpUDid,"UrBTvNec St, AGovqozpJW, PUN 228313",137802.05,11-01-2003,21-08-1973,50,Male,1,7464.795,32522.62494,20438.96099,157350.5089,Both,Married,21,29,Finance,Account Director
4269,UyrlevmO,"YWUvahwH St, xUTFdjZZza, MUB 615486",79375.17,18-06-2006,05-12-1984,39,Male,4,8287.483,18733.31263,11773.01792,94622.94771,Life,Married,18,18,Marketing,Senior Marketing Executive
4270,hBJwPGqz,"TwiWbSmx St, fNnPctdrLE, HYD 596687",46273.67,04-01-2022,12-04-1999,25,Female,0,7701.633,10921.03647,6863.364777,58032.9747,None,Single,2,4,Sales,Sales Executive
4271,plCveKpo,"TwhyyDvT St, kqKEnxFAhf, CHN 504117",120538.77,23-09-2002,09-12-1970,53,Other,3,12142.123,28448.32285,17878.45114,143250.7647,Medical,Divorced,21,32,Marketing,National Marketing Manager
4272,wqODujnc,"zuMEuejk St, SvcdnvNchx, KOL 276777",67659.02,02-06-2023,23-07-1998,25,Female,1,8678.098,15968.1872,10035.26486,82270.04034,Medical,Married,1,4,IT,QA Engineer II
4273,oJcvuUGY,"FyZubZXl St, SQYEKmEBsx, CHN 605873",87768.99,10-06-2017,26-03-1985,39,Male,3,7930.101,20714.33584,13017.9991,103395.4277,Both,Married,7,18,Finance,Senior Account Executive
4274,bBKIdiic,"nOSWHAgS St, YkdPngqAjy, KOL 907281",54600.91,25-12-2022,14-05-1998,26,Other,0,4616.909,12886.34616,8098.470739,64005.69442,None,Single,1,5,Finance,Account Associate
4275,UQLMTAxf,"hgxIJxcg St, RktxYqyQIB, MUB 835761",105557.52,01-10-2018,08-10-1977,46,Other,2,8893.248,24912.60204,15656.41465,123706.9554,None,Divorced,5,25,Sales,Regional Sales Manager
4276,nrCBBIRS,"tQrzTPPy St, CQSmwKHQDl, CHN 549844",132155.71,14-03-2003,27-01-1976,48,Female,3,9557.429,31190.03375,19601.48925,153301.6835,None,Divorced,21,27,Human Resources,Recruitment Manager
4277,saKhWohf,"mVWaOtcd St, FZSGGNOSAk, BLR 562584",78650.84,05-08-2011,20-09-1986,37,Male,2,8554.916,18562.3637,11665.58444,94102.53525,Life,Married,12,16,Human Resources,Senior HR
4278,RrnGxDfu,"pwKiSOpd St, QiZofOTSDX, KOL 134725",133036.41,13-07-2013,04-05-1975,49,Female,1,9054.359,31397.88752,19732.1157,153756.5408,Both,Divorced,11,28,Finance,Account Director
4279,nwFmdyDi,"HEYBFjXC St, JtXEVeUjch, AMD 897321",94161.64,19-12-2015,05-10-1978,45,Female,,7343.836,22223.06345,13966.16441,109762.375,Life,,8,24,Sales,Regional Sales Manager
4280,eQIEHAPn,"jOZDCpiv St, AtzOUADOBN, HYD 236849",57945.3,06-05-2022,23-06-1997,27,Male,3,5030.47,13675.65474,8594.514569,68056.91018,Life,Married,2,6,Human Resources,HR Executive
4281,KmXlJBPh,"IEEImSTD St, DSuCefZCkn, DEL 164718",37589.52,12-01-2024,23-05-2002,22,Other,0,7865.048,8871.492555,5575.321507,48750.73905,Medical,Single,0,1,Marketing,Marketing Intern
4282,EvyGQUXj,"vbMOoqwi St, ysfRrpjzQF, KOL 949855",46065.27,12-02-2017,11-03-1996,28,Other,4,5549.473,10871.85204,6832.454645,55654.1404,Both,Married,7,7,Human Resources,HR Associate
4283,NJTjnTgQ,"PkJnMcAI St, dhiIBICRlJ, CHN 853189",100696.01,19-06-2024,21-05-1988,36,Other,2,9208.399,23765.23837,14935.3498,118734.2976,Medical,Married,0,15,Marketing,Regional Marketing Manager
4284,wOTxLKjM,"wNyfhKMR St, AWXLSCohCw, DEL 269669",138473.2,13-04-1992,16-05-1965,59,Male,1,9275.68,32681.02287,20538.50674,159891.3961,Both,Widowed,32,38,Sales,National Sales Manager
4285,wuxXDqZI,"YXYqlxvW St, MUgxRxgAiJ, AMD 976287",43906.83,10-05-2021,16-03-2000,24,Female,1,7472.317,10362.4392,6512.312304,55229.27389,None,Married,3,3,Human Resources,HR Intern
4286,yyRQKxGl,"aXQBLHQV St, yLVTAWvNhS, PUN 909091",78496.75,20-01-2012,03-09-1984,39,Other,1,10041.325,18525.99696,11642.72964,95421.34232,Medical,Divorced,12,18,Finance,Regional Account Head
4287,SKYrtbSt,"Fggrbgsh St, iueCILHEtV, KOL 382618",82450.29,15-08-2017,25-07-1979,44,Male,1,7543.971,19459.07088,12229.12331,97224.20857,Life,Divorced,6,23,IT,QA Lead
4288,uXaVVEzw,"CJBeMgab St, oInmePZAog, BLR 908929",66175.06,10-11-2022,28-06-1999,25,Female,0,7643.494,15617.9582,9815.162184,79621.35002,Life,Single,1,4,Finance,Account Associate
4289,GFSOYoCQ,"qTfjvWHd St, jCEVMUxDSk, HYD 377484",60515.53,06-11-2023,09-09-1992,31,Male,2,7793.447,14282.25404,8975.734085,73615.49695,Medical,Married,0,10,Marketing,Marketing Associate
4290,xiyTkttC,"ETsVUbQs St, ByehKvLnZt, AMD 494741",85208.76,03-11-2008,16-11-1987,36,Male,1,6290.124,20110.09664,12638.2628,98970.71785,None,Married,15,15,IT,Software Engineer III
4291,VyEvZqtR,"cfEndNyB St, cKRiaGcbDR, KOL 815987",84006.73,20-06-2015,02-06-1992,32,Female,1,6896.327,19826.40586,12459.9763,98269.48656,Life,Divorced,9,11,IT,Software Engineer III
4292,XPiUypaP,"MLJtIuJw St, oGfAhLWcov, DEL 259440",115875.91,08-07-2015,03-09-1969,54,Other,1,7448.409,27347.84251,17186.8503,133485.3112,Both,Married,9,33,Marketing,National Marketing Manager
4293,tacUbXxc,"twYXyHvm St, VyDFZhgOtN, HYD 220762",36495.16,18-09-2023,22-10-2002,21,Male,0,7256.484,8613.212944,5413.004753,46951.85219,Both,Single,0,0,Human Resources,HR Intern
4294,rOZPXtsj,"uKMlcmoM St, qVKkuojIjD, CHN 919189",146857.15,11-04-2008,25-12-1969,54,Female,1,6558.285,34659.71667,21782.024,166293.1277,Both,Married,16,33,Finance,Account Director
4295,IGYQRTLh,"cdVdPLbL St, GqdkBChjhW, HYD 866180",29843.05,20-05-2020,06-10-1999,24,Other,0,4436.695,7043.250243,4426.356029,36896.63921,None,Single,4,3,Marketing,Marketing Development Representative
4296,GaLNqTFq,"rbrVzgKL St, qygTsihoFL, HYD 868623",135321.68,26-04-2009,24-01-1970,54,Other,2,7054.832,31937.23348,20071.06962,154242.6759,Both,Divorced,15,33,Sales,Sales Director
4297,lnatjeVo,"KZXAbizg St, UwRiKtlsOw, HYD 565130",132505.76,10-03-2013,04-12-1965,58,Male,3,6745.424,31272.64895,19653.40907,150870.4239,None,Married,11,37,Marketing,National Marketing Manager
4298,hvZhtRyH,"DMWtQVtA St, LXwBSXUOUy, HYD 708817",72812.93,05-04-2019,23-07-1992,31,Male,1,10061.707,17184.56012,10799.69881,89259.49831,None,Married,5,10,Finance,Account Executive
4299,LXIosVxT,"mfYzwLgS St, lDTRttHftt, DEL 729783",110565.25,09-06-2004,25-04-1967,57,Male,3,7578.475,26094.47506,16399.16701,127839.0331,Both,Married,20,36,Human Resources,Recruitment Manager
4300,ZEBeQAdT,"OAiHuxJE St, PufslBeano, BLR 219229",99285.28,13-03-2000,02-02-1978,46,Male,3,5366.472,23432.29236,14726.10868,113357.9357,Both,Divorced,24,25,Finance,Senior Account Executive
4301,rTBhquBC,"BTNvnnfy St, CzKCYQQoIF, AMD 216385",123241.46,15-05-1994,05-05-1965,59,Female,2,6132.854,29086.18399,18279.31728,140181.1807,None,Married,30,38,Finance,National Account Head
4302,WpmpiyZI,"NDyrtdzJ St, ASsLXZZNEa, DEL 517395",122466.78,08-01-2023,14-01-1974,50,Male,3,8462.322,28903.35197,18164.41584,141668.0381,Life,Married,1,29,IT,Technical Lead
4303,xowIvohJ,"IWSUnEeD St, iWpgPKySic, DEL 674806",27135,24-03-2024,16-07-2002,22,Male,0,7266.5,6404.124088,4024.694891,36780.9292,Both,Single,0,1,Marketing,Marketing Development Representative
4304,TDCVXjjt,"XFmhHpDr St, WrUeyqJvHZ, CHN 923091",96574.68,08-07-2018,10-08-1980,43,Male,2,4332.532,22792.56438,14324.06933,109375.7071,None,Divorced,6,22,Sales,Regional Sales Manager
4305,uKpwcEsY,"mdTluITJ St, OlTKRvrgYm, HYD 143421",130753.27,07-07-2008,27-05-1971,53,Male,2,7572.673,30859.04426,19393.47771,149791.5095,Life,Married,16,32,Finance,National Account Head
4306,QfXLbxUz,"luVMVeTs St, EKgSGmAXTO, MUB 321268",85817.29,28-02-2010,03-01-1987,37,Female,3,5120.271,20253.71564,12728.52068,98462.75597,Life,Divorced,14,16,IT,QA Lead
4307,tdKRVLtu,"jpdGMZyl St, fvbOotWrwm, PUN 919680",112689.11,14-06-2023,07-04-1974,50,Other,3,7590.089,26595.72669,16714.1804,130160.7453,Life,Married,1,29,IT,Technical Lead
4308,qMGfocGL,"zPBrTOCT St, qUSmZcRjcM, AMD 466763",29387.17,06-12-2022,10-04-2000,24,Female,0,4784.283,6935.658127,4358.739375,36748.37175,Both,Single,1,3,Finance,Account Representative
4309,SEEHsyQa,"MfEgAoPe St, qbExRgkUgV, DEL 424515",80233.46,17-10-2018,21-03-1979,45,Female,,6858.654,18935.87742,11900.32049,94127.67093,None,,5,24,IT,Software Engineer III
4310,QObZliQz,"RRqGKePK St, zNrydHsMkl, PUN 887265",148390.6,07-06-2001,16-03-1966,58,Other,3,9850.94,35021.62579,22009.46709,171253.6987,None,Married,23,37,Sales,National Sales Manager
4311,kWWWwTOR,"lOyRitio St, itjHZPJmML, MUB 636170",111766.54,23-12-1998,03-06-1974,50,Male,3,10539.346,26377.99119,16577.34374,132106.5334,Medical,Married,25,29,Human Resources,Recruitment Manager
4312,jXswMarb,"CsFoLMCJ St, XiAqjnOzjz, BLR 695410",80417.74,17-06-2023,16-02-1980,44,Male,3,8098.226,18979.36929,11927.65312,95567.68218,Medical,Divorced,1,23,Human Resources,ERP Head
4313,miJUkhec,"nYGspyDv St, ifYCLiwBbb, CHN 136326",46182.25,11-12-2019,24-10-1998,25,Other,0,6134.775,10899.46046,6849.805255,56366.68021,Both,Single,4,4,Finance,Account Associate
4314,XoriBnkQ,"OfXMWEQb St, UQNBTELsVa, MUB 617648",89525.55,10-06-2012,26-12-1983,40,Male,1,5625.445,21128.90109,13278.53413,103001.362,Life,Married,12,19,Human Resources,Senior HR
4315,YwuPuQCq,"pksXBMio St, mrEsPJlylQ, MUB 619280",54914.48,27-01-2019,14-01-1996,28,Female,0,6431.552,12960.35173,8144.979807,66161.40392,None,Single,5,7,Sales,Sales Representative
4316,fxUMffoi,"nQxzwfJK St, axshHYNVXC, HYD 895755",73954.79,25-08-2023,28-06-1999,25,Female,2,7908.521,17454.05019,10969.06082,88348.30037,None,Married,0,4,Finance,Account Executive
4317,TBeIQPMj,"MMlrZVqm St, EdPyKxeguk, PUN 500610",83886.34,08-05-2007,12-06-1981,43,Male,3,7328.366,19797.99265,12442.11992,98570.57873,Both,Divorced,17,22,Marketing,Regional Marketing Manager
4318,NBghNVEg,"iwTxCCRR St, BpXudLtAGc, KOL 714065",131236.78,04-11-2000,26-02-1977,47,Other,3,11217.322,30973.15732,19465.19248,153962.0668,Life,Married,23,26,Finance,Account Director
4319,KGquZMWB,"UvDbdaFk St, jidZedlgHy, MUB 696018",120888.59,09-07-2021,17-04-1976,48,Female,2,7301.141,28530.88377,17930.33685,138790.2779,Medical,Married,3,27,Marketing,Marketing Director
4320,EUfMakXg,"NSHilAnO St, cNAawSIDHh, KOL 156172",86729.69,01-10-2008,26-03-1986,38,Male,2,8783.031,20469.05092,12863.84891,103117.923,Both,Married,15,17,Human Resources,ERP Head
4321,sXkPFMfD,"OzYdWwBs St, FEsQRGxcXq, KOL 234031",142890.28,21-10-2006,19-12-1965,58,Other,1,3803.972,33723.49674,21193.65321,159224.0955,None,Married,17,37,Sales,Sales Director
4322,gfdtvneM,"GjYPWINn St, dllGGYUyOL, DEL 137079",18531.97,10-09-2022,26-08-2001,22,Female,0,7080.803,4373.72528,2748.683434,27237.81485,Both,Single,1,1,Human Resources,HR Representative
4323,JgzEeRFN,"lAxAhDZv St, coCBajAnyU, BLR 885593",98265.17,07-01-2018,12-07-1982,42,Female,1,4711.483,23191.53647,14574.80478,111593.3847,Medical,Divorced,6,21,Marketing,Regional Marketing Manager
4324,KBZztnrs,"GuBZeYaf St, wxoWDqWIFF, BLR 771476",90298.6,07-07-2015,15-10-1991,32,Female,2,3977.14,21311.34842,13393.19381,102193.8946,Life,Married,9,11,Sales,Senior Executive
4325,vBFlyftW,"PTrxTWSu St, CKEXhoTyeN, HYD 726407",20073.33,05-10-2021,15-05-2000,24,Female,3,5490.667,4737.501241,2977.299749,27324.19849,Life,Married,2,3,Sales,Business Development Representative
4326,RPdlrbDq,"ZWpRfATM St, uCtjxjhlXS, KOL 865933",119930.28,03-03-2021,26-10-1976,47,Male,3,9839.972,28304.71328,17788.19919,140286.7661,None,Married,3,26,Finance,Account Director
4327,jgIIRDVC,"IroyxpRg St, OKRskEWUJv, CHN 994742",84045.39,10-11-2014,04-03-1991,33,Female,2,8672.461,19835.53,12465.7104,100087.6706,None,Married,9,12,Finance,Regional Account Head
4328,ESYGYAsq,"GSkVTyrh St, fbmQGVSmMj, AMD 683304",129642.18,23-03-2003,18-04-1964,60,Other,4,10971.782,30596.8162,19228.67954,151982.0987,Life,Married,21,39,Marketing,National Marketing Manager
4329,ECVYNMmw,"GfuwULmG St, tuqTqdNrzp, MUB 951429",118294.98,11-05-1998,28-09-1968,55,Male,3,8397.502,27918.76657,17545.64959,137065.599,Life,Married,26,34,Sales,National Sales Manager
4330,WKwhVlRE,"WmsQKEkH St, EfkwTHmCpf, MUB 990936",48084.26,17-01-2022,08-12-1997,26,Female,0,7672.574,11348.35333,7131.9136,59973.27373,Life,Single,2,5,Finance,Account Executive
4331,hSozfGEm,"maoXavGB St, JtfZlODhyb, DEL 474885",66804,28-10-2018,27-02-1993,31,Male,2,8515.6,15766.39416,9908.447299,81177.54686,Medical,Divorced,5,10,Sales,Sales Executive
4332,MtIjOmmF,"cnYCuzgz St, YqWAnpRXEy, BLR 785407",70810.23,01-07-2013,19-09-1992,31,Other,4,9623.977,16711.90343,10502.65601,86643.45442,Both,Married,11,10,Human Resources,HR Executive
4333,WBftgBQr,"JOiJAxvw St, FtUtFCGHvX, KOL 494963",90433.4,20-01-2004,07-12-1980,43,Female,1,6100.66,21343.16253,13413.1875,104464.035,Life,Married,20,22,Human Resources,ERP Head
4334,AyYmEyMl,"ZyFXTDJS St, WPGZehZZrT, HYD 134298",131280.63,07-01-2012,10-12-1973,50,Male,1,6187.937,30983.50635,19471.69636,148980.377,Medical,Divorced,12,29,IT,Technical Lead
4335,XVVJxfvH,"nchOqDID St, iWwERNfFed, MUB 434154",125591.96,20-07-1996,14-08-1970,53,Female,1,11550.804,29640.92487,18627.94618,148155.7427,None,Widowed,27,32,Sales,National Sales Manager
4336,GJVLsxit,"dAFAUWNy St, iGhnNWryoA, AMD 405222",24227.22,20-07-2021,22-07-2000,23,Other,0,7074.278,5717.859708,3593.409565,33425.94814,None,Single,2,2,Sales,Business Development Representative
4337,eJnDyDXO,"SNhCguRX St, gLmZuJSSxy, DEL 766396",83610.4,23-08-2017,08-06-1988,36,Other,3,9423.96,19732.86813,12401.19218,100366.036,None,Married,6,15,Human Resources,ERP Head
4338,EeEHFXhh,"ARMRBOpI St, BqvqtqKige, CHN 437236",103357.07,14-07-2021,01-03-1991,33,Female,1,11371.293,24393.27443,15330.04133,123791.5961,None,Married,3,12,IT,Software Engineer III
4339,mFoveyfr,"YfviTtZL St, VARcTLCFkm, DEL 664306",86193.12,10-07-2015,02-09-1977,46,Other,1,5488.688,20342.41518,12784.26422,99239.95896,Medical,Married,9,25,Sales,Regional Sales Manager
4340,MjSycaDF,"DXbgqUTI St, dpNhUwKpwK, AMD 696362",97581.05,08-05-2002,28-05-1980,44,Male,1,3799.895,23030.07749,14473.3353,109937.6872,Both,Married,22,23,Finance,Senior Account Executive
4341,dpSMTTqR,"naenIDmu St, izyNMvvoRD, CHN 150478",98843.83,10-03-2012,09-07-1985,39,Female,2,5764.617,23328.10586,14660.6323,113275.9206,None,Married,12,18,Marketing,Regional Marketing Manager
4342,oxjwoGRu,"RnIuLLoj St, JjDHgLinwU, MUB 766505",145919.98,01-01-2021,04-10-1972,51,Other,1,4248.002,34438.53543,21643.02185,162963.4956,Life,Widowed,3,30,Finance,Account Director
4343,xEgRYmQY,"VKJdylxG St, bHbtbKBKbP, AMD 953545",144448.2,21-05-2006,01-01-1977,47,Other,4,7174.18,34091.18102,21424.72572,164288.8353,None,Married,18,26,Marketing,Marketing Director
4344,vZvgHVlt,"tNstRwsC St, UjZfcdZnea, DEL 236575",49911.73,05-11-2023,19-07-1997,26,Male,3,7392.827,11779.65404,7402.966085,61681.24495,Life,Married,0,5,IT,Software Engineer II
4345,GvqhHmaP,"IUJfpCtW St, amjJrKyqqM, HYD 488397",117264.93,11-01-2010,24-03-1973,51,Female,2,9855.507,27675.66474,17392.87137,137403.2304,Medical,Widowed,14,30,IT,Technical Lead
4346,upGwxRZq,"WjAeqFfG St, JMdoswqjsr, CHN 962513",33312.29,28-12-2022,15-09-1999,24,Other,2,7199.771,7862.024647,4940.917758,43433.16789,None,Married,1,3,Finance,Account Representative
4347,EMXOTlda,"NOWHzQyB St, LbnzNtSbXA, DEL 594063",144839.23,04-08-2011,17-09-1967,56,Female,2,7295.077,34183.46791,21482.72375,164835.0512,None,Married,12,35,Finance,National Account Head
4348,jmWEWwiv,"puIgdmCG St, VoMXyBpWbY, MUB 375708",98410.97,11-04-2010,10-07-1983,41,Male,3,5374.903,23225.94669,14596.43,112415.3897,None,Married,14,20,Human Resources,Senior HR
4349,CiWmMyrF,"pfDJXxhI St, giXviKMsAX, DEL 181075",108912.04,27-01-2021,02-11-1991,32,Other,4,9081.796,25704.30141,16153.96097,127544.1764,Medical,Married,3,11,Finance,Senior Account Executive
4350,ZKhIwSxT,"LVOfLCVe St, tBgnPpUQlZ, HYD 842259",106115.38,19-07-2002,09-12-1981,42,Male,2,12648.462,25044.26243,15739.15709,128068.9473,Both,Married,21,21,Sales,Senior Executive
4351,LuQSBTdl,"NNGlWRkh St, tVEGdNpiMV, AMD 978424",48188.38,19-05-2018,08-09-1993,30,Other,1,6983.162,11372.92667,7147.3568,59397.11187,None,Married,6,9,Sales,Sales Executive
4352,szUDfSnS,"CzTyOLhT St, mWKMQShZIZ, DEL 610652",47439.63,12-02-2023,13-05-1994,30,Female,4,5394.037,11196.21438,7036.301326,56993.58005,Life,Married,1,9,Marketing,Marketing Representative
4353,ERCagGZC,"QshpZgqe St, OtIuTZvYIO, PUN 856999",105371.92,06-05-2016,20-11-1989,34,Male,4,11690.808,24868.79864,15628.88624,126302.6404,Both,Married,8,13,Sales,Regional Sales Manager
4354,iKaYtBaF,"GwkRkjoj St, bjnTcFMJMi, HYD 716028",46151.28,10-06-2024,21-04-1999,25,Female,0,5957.872,10892.15124,6845.211749,56156.09149,None,Single,0,4,IT,QA Engineer II
4355,lzSHdjEa,"mvfbzhTZ St, wVJoqYTGLD, CHN 239255",118950.64,25-12-2006,23-03-1975,49,Male,2,11970.936,28073.50871,17642.89785,141352.1869,Medical,Married,17,28,Finance,National Account Head
4356,jTApVEzx,"IsIACXFH St, ZcQfGKsCMB, CHN 942662",124914.99,22-12-1997,16-10-1969,54,Male,2,11190.501,29481.15336,18527.5372,147059.1072,None,Widowed,26,33,Human Resources,HR Director
4357,RsjUpjRM,"GgFNUlBg St, wdEILKshVz, CHN 945283",32301.4,23-06-2023,11-11-2002,21,Female,0,7892.86,7623.444769,4790.981372,43026.7234,Life,Single,1,0,Sales,Business Development Representative
4358,wOHkZYBx,"ubwpBUiJ St, JFdhkqprPH, BLR 291941",75448.89,24-09-2008,10-06-1982,42,Male,1,8904.111,17806.67234,11190.66748,90969.00586,Both,Divorced,15,21,Finance,Regional Account Head
4359,KaMphkeR,"jmuEoRJw St, qlYCIfLMJs, HYD 162725",72984.41,22-01-2019,17-04-1997,27,Other,0,8982.559,17225.03107,10825.13293,88366.86714,Medical,Single,5,6,Human Resources,HR Executive
4360,JmBXCCbr,"sluFxHlv St, boxyqfrKQQ, KOL 521659",126134.37,24-09-2023,04-09-1976,47,Female,2,10363.563,29768.93891,18708.39707,147558.4748,Life,Divorced,0,26,Marketing,National Marketing Manager
4361,FAxJmSKK,"rVMSogns St, GXMpCgyeWc, BLR 330186",90681.65,13-03-2014,18-10-1985,38,Male,4,6226.835,21401.75195,13450.00823,104860.2287,Life,Married,10,17,Sales,Senior Executive
4362,VIFVLARl,"jnbpuCbF St, TYhISvGbXd, BLR 915415",112968.72,05-07-2005,14-07-1973,51,Other,2,12138.128,26661.71737,16755.65248,135012.9129,Both,Married,19,30,IT,Technical Lead
4363,LrNpPlNV,"gPnUcNHE St, fOyKYMXvhM, MUB 113973",100158.29,09-03-2011,18-11-1988,35,Other,1,12783.171,23638.33122,14855.59455,121724.1977,None,Married,13,14,IT,Software Engineer III
4364,uIKvHEIC,"cusnQQyb St, pvIcykdQcq, CHN 590640",74133.64,19-10-2014,27-07-1993,30,Female,3,5796.636,17496.26054,10995.58806,86430.94847,Both,Married,9,9,Finance,Account Executive
4365,yONDbSkM,"rARknDZn St, kMRuQZpFOZ, KOL 934813",141574.44,10-07-2015,26-12-1965,58,Other,1,4835.556,33412.94569,20998.48628,158824.4554,None,Married,9,37,Marketing,National Marketing Manager
4366,TbTzleIY,"clgXAemH St, IflbWVNOSW, KOL 572617",53966.44,06-12-2016,09-01-1995,29,Male,0,5237.356,12736.60506,8004.365407,63936.03565,Both,Single,7,8,Human Resources,HR Executive
4367,HRHlAyFH,"DjRtpAZi St, RtoglgROnX, CHN 200053",74937.63,22-02-2014,14-04-1993,31,Male,3,10413.237,17686.01,11114.8368,91922.0402,Medical,Married,10,10,IT,QA Engineer II
4368,tBXfMFvm,"pxkJELnX St, PbIOacMIqn, CHN 195790",116987.71,08-03-1997,22-02-1969,55,Male,2,11936.229,27610.23813,17351.75378,139182.4234,None,Divorced,27,34,Finance,National Account Head
4369,tbRxHFfx,"oJTNJIlW St, IUivJLkJlb, HYD 774025",93975.62,19-10-2023,14-12-1991,32,Other,2,4758.438,22179.16092,13938.57371,106974.6452,Medical,Married,0,11,IT,Software Engineer III
4370,RcMftelE,"cWEYJTon St, uLHuGxNGLo, PUN 294361",54110.19,16-03-2019,11-05-1998,26,Male,0,7166.981,12770.53146,8025.686575,66022.01588,Both,Single,5,5,Finance,Account Executive
4371,nYWmNqNg,"wDKJAqzo St, badpAGYpBh, PUN 893468",15707.41,27-02-2021,15-08-2000,23,Other,0,6496.259,3707.10163,2329.741396,23581.02923,Medical,Single,3,2,IT,QA Engineer I
4372,imcnLqWK,"uJSXoDoY St, wSKscGSRfC, HYD 669414",95795.15,15-05-2015,25-06-1979,45,Male,,7453.485,22608.58771,14208.44853,111648.7742,Both,,9,24,Finance,Senior Account Executive
4373,zBiyzWvv,"DqZAyOPo St, iNnXaQALfl, AMD 902988",81879.43,26-07-2007,17-12-1980,43,Female,3,6311.057,19324.34236,12144.45268,95370.37668,Life,Married,16,22,Human Resources,Senior HR
4374,WdCKFclG,"uxYxwiUs St, LHLcssfhpG, BLR 162309",149197.27,26-10-2016,14-02-1969,55,Male,4,3127.273,35212.00776,22129.11333,165407.4374,Life,Married,7,34,Marketing,National Marketing Manager
4375,VCUgtleZ,"gGxhRtEE St, PLqqIZCFmu, BLR 177772",86128.95,12-08-2003,03-01-1978,46,Male,4,9141.105,20327.27044,12774.74645,102822.579,None,Married,20,25,Sales,Regional Sales Manager
4376,cnfZSzUo,"IUwFfeqX St, gTLYFXijWV, AMD 548942",105098.35,17-08-2013,27-12-1979,44,Female,3,12763.165,24804.23345,15588.31001,127077.4384,Both,Married,10,23,IT,QA Lead
4377,NDKUSsbI,"mdIywdDN St, wazMrOsEdw, AMD 293479",25242.69,07-10-2023,06-10-2002,21,Other,0,4564.731,5957.520511,3744.025261,32020.91625,Life,Single,0,0,IT,Software Engineer I
4378,kOMBIxVB,"xYgIisXB St, NNHqvYZRFI, PUN 429348",65986.89,14-12-2022,05-01-1999,25,Male,1,10454.311,15573.54825,9787.25259,82227.49666,Life,Married,1,4,Marketing,Marketing Representative
4379,YyqMmVPJ,"BMmAwmBt St, dDtrmEWnKr, CHN 159055",127769.35,24-12-2002,14-11-1971,52,Male,1,10472.065,30154.8101,18950.89921,149445.3259,Medical,Divorced,21,31,Finance,Account Director
4380,RAQKvmYa,"htKxNVUj St, GqxzLSduIz, KOL 741530",130581.69,06-08-2020,15-09-1967,56,Other,4,5946.831,30818.54971,19368.02876,147979.0419,Both,Married,3,35,IT,IT Manager
4381,DSiIFLvu,"DyDIuxkv St, HoweFvpCWU, HYD 829811",17144.3,07-08-2020,11-10-1999,24,Other,3,6781.57,4046.221655,2542.862599,25429.22906,Medical,Married,3,3,Human Resources,HR Intern
4382,nWyVVgjS,"oPsNPeIU St, hkKoytyUKf, CHN 571147",121684.1,12-02-2022,04-10-1973,50,Other,4,5956.59,28718.63187,18048.32782,138310.994,Both,Married,2,29,Sales,National Sales Manager
4383,JJwRwoRl,"ioDxGPvj St, IUgNdtEULO, PUN 850278",59684.52,06-10-2015,22-11-1994,29,Male,4,6939.548,14086.12759,8852.477711,71857.71788,None,Married,8,8,Marketing,Marketing Associate
4384,fnbAzsoh,"dexKyXQV St, TneKokimOW, BLR 419954",138863.88,07-10-2022,05-07-1973,51,Other,4,8398.612,32773.22715,20596.45286,159439.2663,None,Married,1,30,IT,Technical Lead
4385,KVYDMTMW,"NXCfrlqy St, mYDOsxysJe, DEL 128267",75462.68,24-06-2017,05-02-1983,41,Other,1,5925.732,17809.92691,11192.71283,88005.62608,Both,Married,7,20,IT,QA Lead
4386,vFmHrwOD,"ayYhZanv St, wpUQKXNQjj, CHN 521939",101741.28,16-07-2018,21-11-1990,33,Other,4,11107.872,24011.93226,15090.38547,121770.6988,Both,Married,6,12,Finance,Senior Account Executive
4387,OjIVKQKl,"dElbLlvY St, UDHILRYkaM, KOL 737702",132090.37,15-12-2019,08-08-1971,52,Other,1,11679.963,31174.61287,19591.79794,155353.1479,Life,Widowed,4,31,Human Resources,HR Director
4388,fofbAcOS,"DAqvuCNR St, jUdxRwjFxn, MUB 538476",64363.81,23-11-2016,14-02-1995,29,Female,0,9627.619,15190.48557,9546.515469,79635.3991,None,Single,7,8,Finance,Account Associate
4389,UWMRyMIZ,"uwvpBwjF St, VsTLjFaIHH, PUN 848937",83889.74,08-07-2018,04-02-1988,36,Other,3,8889.026,19798.79509,12442.62421,100134.9369,None,Divorced,6,15,IT,Software Engineer III
4390,VBXmrCng,"dfnBiMsz St, jfHJaMoGRr, CHN 583457",103371.78,17-06-2020,25-10-1981,42,Female,1,9473.822,24396.74613,15332.22314,121910.125,Life,Married,4,21,Finance,Regional Account Head
4391,KVFRcRtp,"inXwogSC St, PGqIZTsvtE, MUB 360981",148631.96,28-05-2019,21-12-1970,53,Female,2,9454.804,35078.5891,22045.26589,171120.0872,None,Divorced,5,32,Finance,Account Director
4392,lBaEtJxE,"yvxRGwkn St, GAykAUtXhP, PUN 530374",111074.91,27-03-1999,09-09-1976,47,Male,3,13734.509,26214.75978,16474.76037,134549.4184,None,Married,25,26,Human Resources,HR Director
4393,MzANWFUM,"okudsWSR St, DrmgRXtYMj, CHN 408518",109944.5,01-11-2019,21-03-1985,39,Female,4,10129.55,25947.97202,16307.09664,129714.9254,Medical,Married,4,18,IT,Software Engineer III
4394,owxxhVYr,"HqEyZseD St, CDJDBRstoe, BLR 335470",111782.52,27-07-2004,26-11-1969,54,Female,2,10701.748,26381.76263,16579.71392,132286.3167,None,Divorced,19,33,Marketing,Marketing Director
4395,iDRGeIUA,"TzhgTgJH St, jGbxjhgEAu, CHN 798332",144341.92,09-11-2023,20-09-1973,50,Female,2,9291.808,34066.09791,21408.96215,166290.8638,None,Married,0,29,Sales,National Sales Manager
4396,ZKJDJTTM,"krGkVRcV St, VxKIJYdTFv, PUN 466613",93113.4,23-11-2022,03-04-1991,33,Male,1,4843.66,21975.66861,13810.68823,106122.0404,Life,Married,1,12,Marketing,Senior Marketing Executive
4397,dqMhFYjl,"rZaIaBAm St, XWxfuMFHtk, BLR 448716",122944.08,14-05-2020,02-08-1971,52,Male,4,6196.592,29015.99942,18235.20953,139921.4619,None,Married,4,31,Sales,Sales Director
4398,bFDmgPvQ,"bAtTnliR St, XbrzGfqwhv, HYD 715378",131546.03,16-10-1992,16-05-1968,56,Male,1,11699.397,31046.14333,19511.0608,154780.5095,Life,Married,31,35,Finance,Account Director
4399,UDQyNoCD,"cDclmqLp St, MFXaPtyprU, MUB 125887",61991.48,12-06-2023,13-05-1998,26,Male,0,6895.852,14630.5926,9194.648712,74323.27589,Both,Single,1,5,Sales,Sales Executive
4400,IqGEHDsV,"uytzuXgh St, NQgIZcYxjg, PUN 771795",61668.88,08-12-2024,28-02-1993,31,Other,4,7304.112,14554.45586,9146.800304,74380.64756,Both,Married,-1,10,Finance,Account Associate
4401,xmYjSvjO,"KiTELggl St, VGRejpmqVc, AMD 378724",86984.8,23-07-2016,17-10-1981,42,Male,1,8089.52,20529.25937,12901.68712,102701.8922,Medical,Married,7,21,Human Resources,Senior HR
4402,KmZLBwAq,"ZYyRTAne St, FQQXgezRzT, MUB 271337",98135.63,09-07-2012,22-08-1985,38,Female,4,5791.437,23160.96377,14555.59125,112532.4395,Both,Married,12,17,IT,Software Engineer III
4403,KnNfXgml,"NMOwMyTx St, FBWrTPmkqi, AMD 392890",119320.58,11-03-2012,16-05-1968,56,Other,3,6850.942,28160.81815,17697.76778,136634.5724,None,Married,12,35,IT,IT Manager
4404,SSLAeJzc,"KcmAalNC St, KSZxIgCbKr, DEL 660562",74112.91,14-04-2024,17-02-1993,31,Female,3,5881.709,17491.36805,10992.51337,86493.47369,Both,Married,0,10,IT,QA Engineer II
4405,KTlSdcAi,"vILZazLC St, NPTBMjeRAS, KOL 870822",107421.43,15-08-2002,07-01-1979,45,Female,,8419.857,25352.50294,15932.87195,125260.918,None,,21,24,Sales,Senior Executive
4406,piyJCbKf,"yOFtCzHR St, AnDIFyJcVt, DEL 256592",22973.15,10-08-2023,16-09-2002,21,Female,0,6691.685,5421.886983,3407.404438,31679.31755,Medical,Single,0,0,Finance,Accounts Intern
4407,HJALumSt,"uqNiFYrS St, JbRwrYUAos, KOL 901117",77654.83,01-11-2012,03-07-1990,34,Female,2,8651.517,18327.29564,11517.85508,93115.78757,Medical,Divorced,11,13,Finance,Regional Account Head
4408,azQECKUR,"NNilVZSe St, KjPPSYnHOL, HYD 914377",106999.2,19-01-2021,17-12-1990,33,Other,4,7701.08,25252.85255,15870.24631,124082.8862,Life,Married,3,12,Sales,Regional Sales Manager
4409,juzgMcCK,"weThptuu St, wMTMVexPTB, PUN 423941",105901.25,06-09-2023,02-11-1991,32,Female,4,7613.875,24993.72567,15707.39708,122801.4536,None,Married,0,11,IT,QA Lead
4410,YSAKzspW,"FclyaRfU St, DDwMDxjMGf, AMD 838157",58177.97,22-12-2022,06-12-1993,30,Female,0,5821.203,13730.56713,8629.024455,69100.71567,None,Single,1,9,IT,Software Engineer II
4411,lGeYrgkj,"aIQiZGqM St, uAGzfnpMDc, BLR 819395",148450.48,12-07-2007,14-04-1969,55,Male,2,5126.952,35035.75805,22018.34857,166594.8415,Both,Divorced,17,34,Finance,Account Director
4412,Yxsrzakn,"tNCYzFAM St, bJpCFHbUdQ, CHN 596935",110565,02-07-2019,18-06-1976,48,Female,1,8039.5,26094.41606,16399.12993,128299.7861,Both,Married,5,27,Human Resources,HR Director
4413,LQWLGWWZ,"BCbPArrA St, guVUArEPiY, KOL 929570",15667.72,10-01-2023,26-09-2002,21,Male,0,5583.228,3697.734404,2323.854528,22624.82788,Life,Single,1,0,IT,Software Engineer I
4414,RrkuFchK,"FZqPlwmR St, rGcsgAkWmE, DEL 234373",15042.7,07-12-2021,10-08-1999,24,Other,2,8005.73,3550.223601,2231.150832,24367.50277,None,Married,2,3,Sales,Sales Development Representative
4415,OlNgRgQq,"pJvUhOhJ St, xLQTvZZDwM, AMD 445620",121050.62,27-08-2009,17-01-1970,54,Female,2,9260.938,28569.12443,17954.36933,140926.3131,Both,Married,14,33,Marketing,National Marketing Manager
4416,uOxEEUbw,"hDuHBoXK St, CnaXvNSSdM, CHN 797871",91939.18,16-04-2023,04-04-1992,32,Other,1,7485.082,21698.54127,13636.52655,107486.2767,Life,Married,1,11,IT,Software Engineer III
4417,RubSijza,"iEJFoQnb St, SyHiMbkKsH, PUN 338490",90918.12,03-01-2017,02-08-1990,33,Male,4,7534.188,21457.56117,13485.08174,106424.7874,Life,Married,7,12,Sales,Senior Executive
4418,yAaghJoD,"UPBknjoP St, pwNUIBbJGc, DEL 185096",78558.3,20-08-2023,16-07-1991,33,Female,1,6260.17,18540.52336,11651.8588,91707.13455,Life,Divorced,0,12,IT,QA Lead
4419,OvsHiOad,"veKOBzof St, DevXMayKmo, DEL 878499",104252.48,20-02-2012,19-09-1980,43,Female,2,8236.752,24604.5999,15462.84959,121630.9823,Medical,Divorced,12,22,Human Resources,ERP Head
4420,rcnkmQPL,"miNeYpzV St, WcyRYpQjAv, KOL 436289",56357,15-04-2020,19-07-1994,29,Other,0,4939.3,13300.80049,8358.936058,66238.16443,Life,Single,4,8,IT,QA Engineer II
4421,JCrJexpf,"kJWcMAaq St, QNYcqjrVFA, AMD 404509",82910.16,23-04-2021,09-05-1990,34,Male,1,5170.984,19567.60467,12297.33176,95351.41691,None,Divorced,3,13,Finance,Regional Account Head
4422,ORNcJGKp,"wdChervq St, FGCdWvqnHO, BLR 481118",19350.12,08-05-2024,14-06-2000,24,Male,1,5189.988,4566.816642,2870.032397,26236.89225,Medical,Married,0,3,IT,Software Engineer I
4423,QNEjjMks,"lRzkbToC St, itKhXSXJwJ, BLR 548286",116025.73,23-06-1986,19-06-1965,59,Male,2,13035.427,27383.20148,17209.07178,139235.2867,Medical,Widowed,38,38,Human Resources,HR Director
4424,EKEJrSrP,"QZzNXPgf St, LORSztexdg, BLR 739120",77953.64,07-10-2010,23-10-1980,43,Female,3,6124.636,18397.81771,11562.17493,90913.91879,Medical,Married,13,22,IT,QA Lead
4425,VCGZbHjA,"qkCfAJrT St, jHvtyHjUEc, BLR 939928",140939.83,23-11-1995,12-02-1965,59,Female,1,9077.017,33263.17156,20904.36019,162375.6584,None,Widowed,28,38,Finance,National Account Head
4426,ixYTRmOg,"hKPtILFa St, AwHPDABxun, CHN 244542",97241.04,07-09-2013,18-11-1982,41,Other,2,4405.896,22949.83182,14422.90462,110173.8632,None,Divorced,10,20,Human Resources,ERP Head
4427,adxIbnjI,"gcsJzNYR St, oZrUAizHoH, BLR 570474",146556.49,10-10-2002,26-07-1969,54,Male,4,4719.351,34588.75798,21737.42976,164127.1692,Life,Married,21,33,Marketing,National Marketing Manager
4428,bMWpNvDu,"yZHevllE St, NBoCQGWnEK, HYD 817740",80043.46,26-03-2018,08-02-1988,36,Male,4,7098.654,18891.03557,11872.13947,94161.0101,Medical,Married,6,15,Human Resources,ERP Head
4429,yCqMHrqW,"HHFQKcMx St, UnuWrBBaiK, PUN 936618",61100.1,12-11-2019,05-06-1998,26,Male,0,7123.99,14420.21825,9062.43819,73581.87006,Both,Single,4,5,Human Resources,HR Associate
4430,EWOvkgwA,"XONpSfaq St, vVRzMuZtKX, BLR 573110",120282.86,02-09-2004,03-10-1969,54,Male,1,6192.714,28387.9256,17840.49427,137023.0053,Life,Widowed,19,33,Marketing,National Marketing Manager
4431,YnVTmFbv,"HRWrlwJR St, gLkLtFYIpz, AMD 862548",19713.59,06-02-2021,06-10-2000,23,Other,0,7110.641,4652.5991,2923.942692,28552.88741,Medical,Single,3,2,IT,QA Engineer I
4432,CoVcBTEk,"tGIDuoUk St, LhWEEELvVR, DEL 629609",140767.16,16-05-1999,03-02-1976,48,Other,2,6266.284,33222.41976,20878.74957,159377.1142,Medical,Divorced,25,27,Marketing,National Marketing Manager
4433,ulzsITTo,"VktPXHwS St, wkBDdpbbtB, CHN 770196",82504.05,17-03-2024,20-01-1985,39,Other,2,6894.595,19471.75876,12237.09705,96633.30671,Both,Married,0,18,IT,QA Lead
4434,zUaxgkRJ,"ndVmzODZ St, vaCFUgjMQF, KOL 390578",50381.3,03-03-2015,12-09-1994,29,Male,0,6444.87,11890.47713,7472.613255,61244.03387,None,Single,9,8,Marketing,Marketing Associate
4435,EwecElCD,"FPRGsoQi St, COwdxXfKrI, BLR 780268",122092.21,02-01-2015,07-01-1968,56,Other,1,8503.779,28814.94981,18108.85918,141302.0796,Medical,Divorced,9,35,Human Resources,Recruitment Manager
4436,ETmQbSHn,"nqApEtjc St, ZDSZfnVSLS, BLR 237711",106061.91,28-03-2024,20-06-1991,33,Male,3,12582.809,25031.64299,15731.22636,127945.1356,None,Divorced,0,12,Sales,Regional Sales Manager
4437,dSxHZNvx,"lwIjbwEn St, matoHQqHMg, MUB 419126",122520.83,17-12-1992,22-10-1965,58,Female,1,7130.917,28916.1083,18172.4326,140395.4227,Both,Married,31,37,Marketing,National Marketing Manager
4438,QyWKsfCU,"TJEqbIrM St, HHFpxBeHOY, PUN 883420",79715.5,03-12-2018,22-05-1987,37,Other,1,7127.45,18813.63382,11823.49606,93833.08776,None,Divorced,5,16,Sales,Senior Executive
4439,AplbeJew,"fujaQQql St, yxhYGcGENS, KOL 543053",130848.57,13-03-2005,07-04-1966,58,Other,1,6422.143,30881.53599,19407.61272,148744.6363,Both,Married,19,37,Marketing,National Marketing Manager
4440,BNvSGTAN,"MWhbyYVt St, OwWGAfPOqo, BLR 263314",104804.35,01-11-2015,24-08-1990,33,Other,2,12470.565,24734.84659,15544.70359,126465.058,Life,Divorced,8,12,Sales,Regional Sales Manager
4441,BqhuNHil,"aBJozvhz St, dJYczAPYFc, KOL 288940",56854.35,18-02-2021,28-01-1996,28,Female,0,5788.565,13418.17993,8432.703591,67628.39134,Life,Single,3,7,Finance,Account Associate
4442,pqsbUUWD,"xXOatSlv St, tRjYJKadoJ, PUN 702317",121181.49,02-05-2023,28-11-1968,55,Male,3,6171.851,28600.01102,17973.78012,137979.5719,Life,Married,1,34,Sales,National Sales Manager
4443,AULkelbF,"TdzOaBbK St, aJJOGjykuG, BLR 148972",101596.49,28-08-2018,11-12-1991,32,Male,2,11938.351,23977.76041,15068.91005,122443.6914,Both,Divorced,5,11,Sales,Regional Sales Manager
4444,iNVhamYG,"sDBSkSWS St, xWHGlZlFLM, BLR 213369",31484.54,28-11-2024,05-01-2002,22,Male,0,7723.546,7430.657859,4669.823743,41968.92012,Medical,Single,-1,1,Human Resources,HR Intern
4445,oTBTubdb,"CZuMnMNS St, EAIgYgshew, PUN 418656",28942.95,14-01-2023,07-12-2000,23,Female,0,5787.705,6830.817883,4292.852146,37268.62074,None,Single,1,2,Sales,Business Development Representative
4446,rGYozXvB,"LIlbwDLE St, MBnvOnVJGt, DEL 676851",119463.08,23-12-2022,07-04-1968,56,Male,1,7329.692,28194.44954,17718.90354,137268.318,Life,Divorced,1,35,Human Resources,HR Director
4447,PxNzNOjD,"rgPiScku St, qLrSbJJlYL, BLR 472791",143032.84,19-05-1998,15-10-1976,47,Female,3,8178.716,33757.14229,21214.79787,163753.9004,None,Divorced,26,26,Finance,National Account Head
4448,VWAsFMmE,"EmpxUzjo St, ainjNYJpZt, AMD 573255",129322.39,01-03-1995,04-05-1973,51,Male,1,7806.761,30521.34265,19181.24792,148469.2457,Life,Married,29,30,Marketing,Marketing Director
4449,vYakXFCC,"iZLNdjNV St, mcrcOtTXIv, CHN 812752",127859.75,05-12-2008,03-06-1977,47,Female,2,11489.025,30176.14538,18964.30745,150560.6129,Both,Married,15,26,IT,Technical Lead
4450,wHWuRGrz,"upfZVCXg St, hPcoKNSiUz, CHN 781421",91493.01,24-11-2002,01-02-1978,46,Other,1,4139.699,21593.2408,13570.3501,103655.5997,Medical,Widowed,21,25,IT,QA Lead
4451,TNIWvWwQ,"XndUlobc St, TlZknAkIsL, DEL 978332",75542.43,20-08-2024,17-02-1991,33,Male,3,8192.757,17828.74869,11204.54144,90359.39424,Both,Married,-1,12,Marketing,Senior Marketing Executive
4452,JoimWKMG,"NtBzGuvi St, iMwOBVjxLR, KOL 161901",144689.71,06-08-2011,25-02-1969,55,Female,2,9733.029,34148.17973,21460.54677,167110.372,Life,Divorced,12,34,Human Resources,HR Director
4453,EBmlGXIF,"TzIUJPFl St, iYRUtFnxks, HYD 922609",89432.67,06-11-2023,24-08-1980,43,Female,4,7091.733,21106.98051,13264.75806,104366.6254,Life,Married,0,22,Sales,Senior Executive
4454,fiFXIoWp,"mMNxpSmB St, egnoTlyfhR, AMD 330280",96243.68,17-10-2010,20-06-1989,35,Other,4,4316.632,22714.44516,14274.97502,108999.7821,None,Married,13,14,IT,Software Engineer III
4455,CDhFjKXr,"AJTruqRC St, KbEMfcLjKy, HYD 751950",25257.16,15-03-2023,18-02-2000,24,Other,0,6026.284,5960.935572,3746.171469,33498.2081,Life,Single,1,3,IT,Software Engineer I
4456,zEDeWfxr,"ItfcCyGT St, mVDYIEmmLX, KOL 372824",107241.6,20-12-2015,08-02-1986,38,Other,1,12992.84,25310.06131,15906.19936,129638.302,Life,Married,8,17,Sales,Regional Sales Manager
4457,SnQmwFpd,"sdxqcbVj St, LnuljBTUPe, BLR 341356",105556.8,11-12-2012,16-08-1989,34,Female,3,13651.32,24912.43212,15656.30785,128464.2443,None,Married,11,13,Human Resources,ERP Head
4458,kRznQses,"nayEunzE St, HPukrfYKJe, HYD 658760",70304.71,16-01-2015,25-02-1994,30,Male,0,10171.529,16592.59579,10427.67669,86641.1581,None,Single,9,9,Marketing,Marketing Associate
4459,TFESFkKR,"IugTbGNa St, PwWbUAwMCl, BLR 162860",31227.04,04-11-2023,16-09-2002,21,Male,0,9101.296,7369.885353,4631.631042,43066.59031,Medical,Single,0,0,Finance,Accounts Intern
4460,FEbSWHCY,"XGVJHMCH St, qmEVZSZxmT, DEL 717565",43895.83,08-03-2023,10-02-2000,24,Female,2,7273.417,10359.84309,6510.680771,55018.40932,Both,Married,1,3,Sales,Sales Development Representative
4461,HrtLFYEe,"xaXuGfRJ St, CqpvcoGdGs, MUB 509568",147983.98,22-02-2011,11-09-1976,47,Other,3,5533.602,34925.65951,21949.15674,166494.0848,Both,Married,13,26,Human Resources,Recruitment Manager
4462,OlweZSXt,"tHHTODsY St, AmtRodQVIR, HYD 892601",104770.27,15-10-2009,14-09-1985,38,Other,3,9967.973,24726.80338,15539.64881,123925.3976,None,Married,14,17,Sales,Senior Executive
4463,eSgjOyfe,"WXYfEDbu St, lHVAxwrahA, DEL 382472",143882.39,14-10-1989,27-12-1967,56,Other,2,6306.761,33957.64436,21340.80412,162805.9912,Life,Divorced,34,35,Sales,Sales Director
4464,KFwxiYQI,"CmFcjUfS St, elKAyKuere, DEL 698773",113154.64,21-02-2002,13-08-1976,47,Female,1,9150.536,26705.5963,16783.22836,132227.5439,Medical,Married,22,26,IT,IT Manager
4465,AtZlVVhS,"NfvtxytB St, QqnDGHfEJi, MUB 969786",35292.62,05-05-2022,24-05-2000,24,Female,2,8063.738,8329.4018,5234.642616,46451.11718,Life,Married,2,3,IT,Software Engineer I
4466,caZpXJNf,"qXqtEcrM St, KYUFUIwxEr, MUB 221523",29795.83,18-03-2024,08-02-2002,22,Female,0,6623.417,7032.105864,4419.352304,39032.00056,Life,Single,0,1,Sales,Business Development Representative
4467,AStAJANP,"DqcxKWSt St, vUKZbZzLCF, BLR 861402",113056.35,10-01-2014,28-08-1964,59,Other,1,6786.365,26682.39891,16768.64987,129756.464,Medical,Divorced,10,38,Sales,National Sales Manager
4468,rbIffHAd,"TxEsbQbg St, hthmGWuwzW, DEL 788816",111557.05,02-04-2019,01-08-1968,55,Other,1,10202.295,26328.54951,16546.27194,131541.6226,Life,Divorced,5,34,Finance,Account Director
4469,zDAtjiOH,"tKaEAtWq St, nMTFpAQZEA, PUN 482271",132506.22,10-05-1996,11-12-1973,50,Other,2,10167.378,31272.75752,19653.4773,154292.8782,Both,Married,28,29,Human Resources,HR Director
4470,LuKervqe,"AtnYCDwW St, NlNiaJbYRi, AMD 379096",53116.15,06-04-2016,11-03-1993,31,Other,2,5761.385,12535.92835,7878.249401,63535.21394,Both,Divorced,8,10,Human Resources,HR Associate
4471,MAZPBACx,"MqSLDreY St, EFYaidaCPG, MUB 990962",74857.72,11-05-2023,23-11-1997,26,Other,2,7081.228,17667.15046,11102.98446,88503.11401,Medical,Married,1,5,IT,QA Engineer II
4472,OgVSYZgl,"EldBOgVL St, ORFsAaLFoU, CHN 380390",130628.93,20-01-2012,09-06-1973,51,Female,1,8578.107,30829.69881,19375.03546,150661.7004,None,Widowed,12,30,Human Resources,HR Director
4473,uqJwxQXu,"VyGutsJL St, HiQtpDwwsP, DEL 621789",148199.53,11-11-2022,06-12-1976,47,Female,2,7208.047,34976.53141,21981.12737,168402.981,None,Married,1,26,Sales,Sales Director
4474,XTpFgzMo,"tBtJRzsL St, juHDqXInpJ, BLR 413314",134778.96,06-09-2008,24-01-1975,49,Male,2,8483.104,31809.14628,19990.57275,155080.6375,Medical,Married,15,28,Sales,National Sales Manager
4475,LCCADzFN,"lbLWsTUL St, NismkJUusr, HYD 840769",115880,16-05-2007,18-04-1971,53,Male,1,12026,27348.80779,17187.45693,138067.3509,Medical,Divorced,17,32,IT,Technical Lead
4476,fhLNMipS,"gAomqiFC St, CGxnCsZbpz, MUB 845575",26408.69,04-02-2023,16-05-2002,22,Female,0,5138.131,6232.707859,3916.967743,33862.56112,Medical,Single,1,1,Marketing,Marketing Intern
4477,ESLUOYGk,"WWQRkhZo St, VOaQYGpFuh, MUB 711161",122108.45,23-09-2008,07-10-1972,51,Other,1,10889.155,28818.7826,18111.26791,143705.1197,Both,Divorced,15,30,Marketing,Marketing Director
4478,BrvaSuyx,"oMhMtGYg St, boPFaqFpAf, PUN 645179",51599.83,20-09-2020,01-04-1999,25,Female,0,5963.017,12178.06207,7653.347048,62087.56202,Both,Single,3,4,Sales,Sales Representative
4479,dgtcpeVb,"puBusPMK St, EmbbBVAhuq, KOL 654584",70978.6,21-06-2017,26-07-1996,27,Male,0,9541.14,16751.64039,10527.62885,86743.75154,None,Single,7,6,Marketing,Marketing Representative
4480,uKOgbCjW,"YNxxQpem St, BaZjOoMAoT, PUN 963764",85406.73,02-03-2016,24-05-1981,43,Male,2,5506.327,20156.81949,12667.62594,98402.25055,Both,Married,8,22,Finance,Senior Account Executive
4481,gbkXohev,"vfIGDPmt St, TCBHERlGPM, AMD 457626",126269.6,22-11-2007,28-08-1967,56,Other,2,7290.04,29800.8545,18728.45454,144632.04,Both,Widowed,16,35,IT,IT Manager
4482,FAYuJWqk,"PEvqutLJ St, MlcKXXBoKT, PUN 793136",81752.83,12-07-2019,17-12-1982,41,Male,2,5986.717,19294.46353,12125.67522,94908.3353,Both,Married,5,20,Human Resources,Senior HR
4483,VeuYZQJh,"OWIkTvYM St, zArMoeYbPm, DEL 886029",67136.31,25-03-2020,17-09-1993,30,Male,0,8639.369,15844.82255,9957.735907,81662.76565,Life,Single,4,9,Sales,Sales Executive
4484,ePEvIwHV,"hgGUIGyq St, EwiOwUIdXR, CHN 373072",106738.62,19-01-2017,14-04-1989,35,Male,3,10325.138,25191.35314,15831.59678,126423.5144,Medical,Married,7,14,Finance,Regional Account Head
4485,gECdKkYZ,"GLcuBRik St, dBIuCpNbVX, MUB 548716",133202.85,03-05-2015,16-03-1976,48,Male,3,6297.715,31437.16898,19756.80228,151180.9317,None,Married,9,27,Sales,Sales Director
4486,mUrdRAaN,"UDNjoMee St, YuWAlGFcWj, KOL 890394",90489.94,06-05-2017,20-04-1992,32,Female,3,5416.006,21356.50652,13421.57358,103840.8789,Life,Divorced,7,11,Marketing,Senior Marketing Executive
4487,FYcJvdOv,"yIWBxVzs St, nFJaJXjkKc, BLR 372571",35293.05,24-02-2022,03-10-1999,24,Male,1,8500.695,8329.503285,5234.706394,46888.54189,Both,Married,2,3,Sales,Business Development Representative
4488,YYbnlkAU,"mPpyyLxs St, KSSiayllpg, KOL 264897",99045.56,02-02-2022,14-04-1981,43,Other,3,4371.444,23375.71611,14690.55313,112102.167,Life,Married,2,22,Finance,Senior Account Executive
4489,tEqJJITb,"yughTsTZ St, OuojxMzNUQ, MUB 160946",85289.35,22-10-2022,21-08-1991,32,Male,3,5448.065,20129.11667,12650.216,98216.31567,Medical,Married,1,11,Sales,Senior Executive
4490,yOQFUZGx,"rPHwqwoU St, POsbLoGfRM, CHN 772770",91437.33,17-07-2023,01-05-1986,38,Male,1,4516.267,21580.09978,13562.09157,103971.6052,Medical,Married,1,17,Marketing,Senior Marketing Executive
4491,XyJXgqOa,"GPZNCpud St, YOlqoXpSQJ, DEL 424303",26512.59,26-11-2022,05-09-1999,24,Other,0,5494.741,6257.22927,3932.378312,34332.18196,Life,Single,1,3,IT,Software Engineer I
4492,hHWUyFKR,"vCBBPBBi St, vTLbkOfVxg, HYD 293559",149093.86,13-06-2015,19-02-1972,52,Female,3,3590.614,35187.602,22113.77544,165758.3006,Both,Married,9,31,IT,Technical Lead
4493,XUjNrpqR,"RJeTnUbi St, wMnIoLBeWg, KOL 987532",88077.55,08-11-2019,27-09-1978,45,Male,,6911.245,20787.159,13063.76508,102712.1889,Medical,,4,24,Sales,Regional Sales Manager
4494,kAhymSip,"jhnoyniT St, ePWRhqzKoy, HYD 303946",29195.06,06-04-2023,28-08-2002,21,Other,0,4773.494,6890.318297,4330.245396,36528.6269,None,Single,1,0,Human Resources,HR Representative
4495,wSFZcRci,"ZvahUWjl St, QYbUkqLdrR, CHN 164552",129982.93,15-03-2012,13-03-1976,48,Other,2,7696.707,30677.23652,19279.21998,149077.6535,Medical,Married,12,27,Marketing,Marketing Director
4496,FEYVVitk,"iUBwqRMW St, YaHbJGtYXq, HYD 225914",143446.07,07-11-2000,10-09-1969,54,Other,3,6954.393,33854.66859,21276.08863,162979.043,None,Divorced,23,33,Sales,Sales Director
4497,cBrCyOut,"ylNAiKaV St, cPWVFJLJdB, AMD 292324",134016.31,16-11-2010,12-11-1966,57,Female,1,9744.369,31629.15345,19877.45561,155512.3768,None,Married,13,36,Human Resources,Recruitment Manager
4498,EULEICRk,"RMqUfDUY St, eSBckJcSeo, DEL 179656",119693,01-02-2007,19-03-1975,49,Other,1,8416.7,28248.7129,17753.00555,138605.4073,None,Widowed,17,28,Marketing,Marketing Director
4499,JhGflvLK,"zTnXtGBD St, hjhMYHQxMd, DEL 568732",117911.23,07-05-2020,28-08-1975,48,Male,3,8847.877,27828.19783,17488.73134,137098.5735,Medical,Married,4,27,Finance,National Account Head
4500,BWsITlRz,"FExNsfxu St, iDuOoineBu, MUB 975625",114743.43,20-05-2009,25-04-1970,54,Female,1,10066.657,27080.5662,17018.87954,134871.7737,Medical,Widowed,15,33,IT,IT Manager
4501,OnXjjDWD,"jiKTWTnQ St, cdXmFHHMeM, CHN 885185",143555.66,09-08-2011,13-11-1968,55,Male,2,4601.434,33880.5329,21292.34315,160745.2837,Medical,Divorced,12,34,IT,Technical Lead
4502,muRjADNp,"adMwvegR St, JIIbImIQwG, BLR 445216",97877.79,08-09-2020,21-12-1979,44,Other,2,3567.221,23100.11102,14517.34812,110027.7739,Medical,Divorced,3,23,Finance,Regional Account Head
4503,MXEjEEEs,"JMvfeUWU St, cbXDeOSTbI, PUN 954530",38187.58,19-01-2021,16-08-2000,23,Other,0,7311.242,9012.640535,5664.026464,48847.43607,Both,Single,3,2,Human Resources,HR Intern
4504,iZUReRPI,"IOedwyrT St, rJQfXKfszU, HYD 619832",120073.35,03-11-2020,07-09-1975,48,Female,2,7386.665,28338.4792,17809.4195,137989.0747,Life,Married,3,27,Human Resources,HR Director
4505,WrIINbmB,"PndDdIjt St, fkxyKNzHCF, PUN 474922",117798.88,16-11-2004,05-08-1971,52,Female,1,6361.112,27801.68214,17472.06746,134489.6067,Medical,Widowed,19,31,Marketing,Marketing Director
4506,TcOTvvak,"KnOrJbIO St, JGZjcgaZKR, HYD 162636",75008.88,28-06-2020,21-02-1985,39,Other,2,10219.112,17702.82569,11125.40468,91805.41301,None,Divorced,4,18,IT,QA Lead
4507,gAdLvPEl,"UWFdcsAZ St, zZHdHfJhLj, AMD 728395",76761.29,09-04-2009,21-10-1986,37,Female,2,10280.871,18116.41151,11385.32418,93773.24833,Medical,Married,15,16,Finance,Regional Account Head
4508,USMNOuRG,"HABtwaYf St, uYizlmCxDf, MUB 632489",108835.53,16-08-2020,06-02-1990,34,Female,3,8254.447,25686.24431,16142.61292,126633.6084,None,Married,3,13,IT,QA Lead
4509,RFPlInVt,"YabGCDLR St, HihRwptWjE, MUB 120174",47154.74,12-07-2024,10-04-1994,30,Male,4,7668.526,11128.97757,6994.046108,58958.19746,Life,Married,0,9,Finance,Account Associate
4510,mlYOInMH,"cWnjTBSh St, hdHGvJvonT, PUN 811988",129111.49,09-04-2021,08-09-1975,48,Male,3,11136.851,30471.5682,19149.96698,151569.9422,Life,Married,3,27,IT,Technical Lead
4511,mMrarStu,"YKzHBqnV St, OzRaNnQEzH, KOL 580891",137953.85,08-06-2022,28-03-1973,51,Female,2,6710.615,32558.45122,20461.47615,156761.4401,Life,Married,2,30,IT,IT Manager
4512,NhMTGKEs,"fqNBedQl St, fIWWwBpjQq, PUN 310318",132544.46,20-03-2004,04-06-1967,57,Male,4,9072.554,31281.78253,19659.1491,153239.6474,Life,Married,20,36,Human Resources,HR Director
4513,znivHzbL,"AKMHmruQ St, cDXOrdYamt, MUB 811424",36003.37,04-04-2023,25-09-2002,21,Other,0,8498.663,8497.145718,5340.061886,47659.11683,Both,Single,1,0,Marketing,Marketing Development Representative
4514,kJRddzlP,"isxBYdZL St, lsOyKuJqAA, BLR 720654",95828.66,17-10-2009,18-05-1984,40,Female,1,4570.134,22616.4964,14213.41877,108801.8716,None,Married,14,19,Finance,Regional Account Head
4515,XpBXMDDE,"FQkSBowE St, WGWGzCVoxs, BLR 843905",133625.63,14-05-2001,09-11-1969,54,Other,4,10444.437,31536.94917,19819.5095,155787.5067,Life,Married,23,33,Marketing,Marketing Director
4516,VBQIGJqX,"XObBoDEK St, ljfojsZSAQ, MUB 158287",120087.92,10-05-2022,04-04-1966,58,Other,1,10550.208,28341.91786,17811.58054,141168.4653,Life,Married,2,37,Finance,National Account Head
4517,vSBYpBtr,"HqjvVoSk St, EYaVkSVjQm, BLR 812617",65209.35,10-10-2017,03-01-1994,30,Male,4,10945.065,15390.04124,9671.926949,81872.52929,Life,Married,6,9,Marketing,Marketing Associate
4518,RYBKRvKa,"tiUTCiRM St, UpRmiFursl, MUB 674209",112005.28,08-06-1995,15-05-1968,56,Male,3,8030.472,26434.33616,16612.75394,129857.3342,Life,Divorced,29,35,Finance,Account Director
4519,lelnjGIt,"DDRsKpeg St, WlkqLIftha, DEL 279102",34654.96,04-06-2023,09-03-2002,22,Other,0,9455.504,8178.907835,5140.06414,47149.30769,None,Single,1,1,Marketing,Marketing Intern
4520,jeXOIiNI,"BJUSVBAP St, pfakxtMMbD, BLR 824675",59136.13,02-12-2021,13-04-1999,25,Other,0,5397.387,13956.70221,8771.139866,69719.07935,None,Single,2,4,Human Resources,HR Associate
4521,mUhYDTQO,"siBGqZyS St, EOzEBdSMrm, CHN 579039",142828.5,14-04-2015,05-01-1973,51,Male,2,8025.15,33708.91606,21184.48993,163378.0761,Life,Married,9,30,IT,Technical Lead
4522,KylGfiqB,"ZbtxFDIT St, AJQPChspzb, AMD 643611",121599.81,09-03-2012,09-05-1977,47,Male,1,8926.019,28698.73861,18035.82583,141188.7418,Both,Widowed,12,26,IT,Technical Lead
4523,fZvJxJqi,"xYsSMUHg St, KNYxpbzMFx, KOL 313656",85359.92,25-08-2016,18-08-1991,32,Female,2,5066.008,20145.77187,12660.68302,97911.01685,None,Married,7,11,Finance,Regional Account Head
4524,lkuRViUx,"jZLJhFwk St, fdLFfggENp, MUB 179044",144100.91,22-09-1992,06-11-1971,52,Female,1,5342.909,34009.2172,21373.21526,162079.8209,Medical,Married,31,31,Human Resources,HR Director
4525,ZPrRVDBK,"IrtwOuoR St, TDwPIvPMrA, MUB 287508",40363.6,22-12-2023,14-05-2000,24,Female,0,7678.64,9526.202433,5986.776292,51581.66614,Medical,Single,0,3,Human Resources,HR Intern
4526,NaMhSTpl,"twRaRotS St, VXUGZfMHZN, PUN 997596",50426.37,19-03-2019,08-01-1994,30,Other,0,7441.363,11901.11409,7479.298091,62289.549,None,Single,5,9,Human Resources,HR Executive
4527,jKhtWrxk,"oRsYjFYA St, QzcMfWYIwv, PUN 150639",76633.12,15-11-2015,24-01-1982,42,Female,2,5388.688,18086.16214,11366.31386,88741.65628,Medical,Divorced,8,21,IT,QA Lead
4528,cQPygBZU,"llVfoIMC St, RIyOPvfshZ, AMD 900442",126529.22,12-07-2013,23-05-1974,50,Male,2,9370.078,29862.12735,18766.96168,146994.4637,Life,Divorced,11,29,Human Resources,HR Director
4529,lDmJVIWy,"QraQrgIG St, HpRQzAfMOf, CHN 946416",93521.33,27-06-2011,28-11-1984,39,Female,1,6661.867,22071.94406,13871.19289,108383.9482,Life,Married,13,18,IT,QA Lead
4530,yVwByUlQ,"mRQCEyfV St, kWMkymmNmZ, DEL 662290",75221.52,02-09-2021,23-02-1982,42,Female,3,10397.848,17753.0108,11156.9437,92215.43511,Medical,Married,2,21,Finance,Senior Account Executive
4531,ewichqAJ,"kAhWdQSe St, pxKtwhhFTN, PUN 571003",77223.44,21-12-2015,26-04-1982,42,Other,4,5474.656,18225.48341,11453.87081,89469.7086,Both,Married,8,21,Finance,Senior Account Executive
4532,hZCrSLPo,"fSPCvJab St, mGFSPRKsiB, CHN 435880",135209.14,16-03-1999,19-11-1976,47,Other,3,7230.086,31910.67294,20054.37755,154295.5214,Life,Married,25,26,Finance,National Account Head
4533,glTMbyiQ,"fTJXXHdN St, QhOmdKtHkw, AMD 981634",58035.51,17-05-2016,19-03-1995,29,Male,0,4779.449,13696.94518,8607.894622,67904.00956,Medical,Single,8,8,IT,QA Engineer II
4534,bMZTcKME,"nYSCBetr St, uFZKAkKExc, DEL 781908",86268.74,01-01-2022,13-09-1985,38,Male,3,8387.126,20360.26224,12795.48027,102220.648,None,Divorced,2,17,Sales,Regional Sales Manager
4535,AtucJjcH,"cRhvqNpm St, FcvMFeUDZf, DEL 523735",137762.24,11-04-1991,22-10-1970,53,Male,3,10925.776,32513.22939,20433.05633,160768.1891,Both,Divorced,33,32,Marketing,Marketing Director
4536,lzYzRhCC,"NJwnXmyK St, LpmFMUtGqd, DEL 303273",96308.35,26-08-2019,08-07-1980,44,Male,1,4542.165,22729.70791,14284.56695,109295.656,Life,Married,4,23,IT,QA Lead
4537,GnIEifqd,"FwQhzUIx St, UanQjPKWCz, PUN 894254",134884.1,11-09-2013,24-06-1965,59,Other,2,10983.59,31833.96034,20006.16724,157695.4831,Life,Widowed,10,38,Marketing,National Marketing Manager
4538,RqAHTRth,"weGpnmYI St, NWfWBNiiog, CHN 334157",92870.97,14-08-2018,27-03-1989,35,Other,1,5582.903,21918.45277,13774.73073,106597.595,Life,Married,5,14,Sales,Senior Executive
4539,xWZyqZmU,"TujIHcYF St, PTHQXvjytc, HYD 482325",131535.26,14-12-1998,06-07-1966,58,Female,2,7840.474,31043.60151,19509.46338,150909.8721,Medical,Married,25,37,Human Resources,HR Director
4540,otQWMndn,"ZLufBRdp St, JUuXpcwBXr, DEL 573136",17414.87,12-10-2023,21-06-2002,22,Female,0,5389.513,4110.078808,2582.993857,24331.46795,Both,Single,0,1,Finance,Account Representative
4541,cgHZQRAY,"GwaPAJRX St, cYQDiDxfJy, BLR 488958",123074.11,27-11-2009,01-03-1969,55,Male,1,6415.589,29046.68776,18254.49573,140281.891,Life,Married,14,34,IT,Technical Lead
4542,RvnrwpOb,"oQzdUFyW St, UVYvZIaNZE, BLR 527298",140461.89,06-10-2004,14-02-1964,60,Female,4,9230.811,33150.37307,20833.47157,162009.6025,Medical,Married,19,39,Sales,National Sales Manager
4543,aoqvJhkd,"DlnlUkZv St, vkwjZOuOWH, CHN 839543",101668,23-11-2019,02-05-1988,36,Other,2,11481.2,23994.63747,15079.5165,122064.321,Life,Married,4,15,Sales,Senior Executive
4544,efvsnRfv,"lJIkXTgy St, CUIIZGXxIt, PUN 148671",21844.22,04-01-2023,26-01-2002,22,Other,0,5682.578,5155.448516,3239.960222,29442.28629,Medical,Single,1,1,Marketing,Marketing Intern
4545,EqHcqnrR,"dgXeWqLU St, UnNNOAzqDi, CHN 424760",149159.77,23-10-2018,04-07-1965,59,Male,2,3996.023,35203.1574,22123.55129,166235.3991,Both,Divorced,5,38,IT,IT Manager
4546,lmxkASvf,"JGqDFKuI St, znJiCfNOcJ, AMD 997171",76633.38,10-05-2015,18-01-1991,33,Female,1,8089.662,18086.2235,11366.35242,91442.91308,Both,Married,9,12,Finance,Senior Account Executive
4547,saTICueT,"QgPNXNQC St, UGBiODSvZH, AMD 619116",125391.33,27-12-2014,09-06-1967,57,Male,3,6240.867,29593.57423,18598.18851,142627.5827,Both,Married,9,36,Sales,National Sales Manager
4548,vzdnRehk,"CexyRuXp St, sLBPfFBUSy, PUN 303973",77925.42,19-11-2014,07-03-1985,39,Other,2,5847.458,18391.15752,11557.9893,90606.04622,Medical,Married,9,18,IT,QA Lead
4549,dOMnzABK,"OlXXdGpP St, hSDpERuogK, MUB 603674",31320.93,21-10-2023,02-11-1999,24,Male,0,8719.907,7392.044307,4645.556917,42787.32439,Life,Single,0,3,Sales,Sales Development Representative
4550,bpZALLOt,"ASTLGMbB St, YdNdHkFsFb, PUN 619146",17962.95,23-02-2024,16-01-2002,22,Male,0,5491.705,4239.431022,2664.285723,25029.8003,Both,Single,0,1,Finance,Account Representative
4551,oApoxWSO,"KTgEYrib St, YsukPuADHV, MUB 601974",123353.1,08-09-2020,05-01-1969,55,Male,1,7184.69,29112.53212,18295.87585,141354.4463,Life,Married,3,34,Finance,Account Director
4552,VBUBvdfj,"rlyvpjwa St, feMursSaLu, PUN 608644",139396.45,14-03-2012,06-01-1968,56,Male,1,6642.355,32898.91886,20675.44426,158262.2796,Medical,Married,12,35,IT,Technical Lead
4553,grDbZdqa,"MWpibsXC St, xRgguNtmJO, MUB 699469",145751.22,26-04-2023,03-01-1976,48,Male,4,4357.878,34398.70642,21617.99117,162889.8133,Life,Married,1,27,Sales,National Sales Manager
4554,PJqGMqSq,"wtIvHtph St, AQjbnIlFZf, BLR 660147",100612.62,10-10-2020,03-12-1978,45,Male,,13980.738,23745.55752,14922.9813,123415.9342,Life,,3,24,IT,QA Lead
4555,veIATvlx,"tLxMDRlL St, RSKvPUWhyZ, HYD 790910",117749.72,20-10-2010,01-09-1971,52,Male,3,9771.028,27790.0799,17464.77599,137846.0519,Medical,Married,13,31,Human Resources,HR Director
4556,rfsyWhEi,"cFueZgqk St, YIwVCpUWZE, CHN 469600",35626.23,02-12-2022,25-12-2001,22,Male,0,6730.377,8408.137007,5284.124041,45480.61997,Both,Single,1,1,IT,Software Engineer I
4557,msnXRPVM,"YxBDOyLy St, ndrqJKWFSW, KOL 291714",135264.67,17-11-2005,21-09-1974,49,Other,2,8544.533,31923.77856,20062.61383,155670.3677,None,Married,18,28,IT,IT Manager
4558,dHdqTbrR,"DiKAYypx St, tHVGUwhOLG, MUB 909346",107909.67,27-04-2014,25-04-1991,33,Female,3,9620.033,25467.73234,16005.28828,126992.1471,None,Married,10,12,Marketing,Senior Marketing Executive
4559,UcJVkMCA,"YzBRrAuW St, NEFVakcYHq, KOL 392124",66715.24,23-09-2021,10-10-1996,27,Female,0,7421.476,15745.44594,9895.282312,79986.87962,None,Single,2,6,Human Resources,HR Executive
4560,rtEoodgs,"iXsBNUTG St, saxCTzGvwz, KOL 711334",51483.24,25-09-2021,13-12-1994,29,Male,2,6830.676,12150.54569,7636.054283,62828.40741,Medical,Married,2,8,Human Resources,HR Associate
4561,ITAirYvx,"LczKahsr St, MMjLyMjSGk, KOL 361484",127168.93,18-10-2015,14-03-1975,49,Other,4,10977.107,30013.10513,18861.84422,149297.2979,None,Married,8,28,Human Resources,HR Director
4562,NkgAXhiN,"kmJBqFVH St, aVfSgdmFfQ, CHN 364793",32012.32,24-12-2020,19-11-1999,24,Female,1,8326.768,7555.219075,4748.104689,43146.20239,None,Married,3,3,Marketing,Marketing Intern
4563,JrwEQNaG,"hebnYUbj St, dCqZEhOvyM, KOL 370871",94570.12,27-02-2013,05-09-1988,35,Male,3,8040.988,22319.46871,14026.75065,110903.8261,Life,Married,11,14,Sales,Regional Sales Manager
4564,grUEKeJr,"BTWVdUsL St, HSpXZfQKxk, AMD 894185",106539.06,27-07-2021,16-09-1983,40,Other,2,10390.094,25144.25504,15801.9978,126271.4112,Medical,Married,2,19,Human Resources,Senior HR
4565,FuILfqQC,"mMsaQKDG St, juGkORVrgJ, HYD 915946",94397.79,18-09-2013,26-12-1985,38,Other,2,5758.221,22278.79715,14001.19046,108433.6177,Both,Divorced,10,17,Sales,Regional Sales Manager
4566,XRLlWivr,"zKfkXCwg St, UxHJqaWWkW, HYD 636670",45647.41,19-05-2017,23-02-1994,30,Female,0,8264.259,10773.23302,6770.477162,57914.42485,Both,Single,7,9,Human Resources,HR Associate
4567,kiYXDnFI,"bPDurTxW St, scYpdaCzYQ, MUB 797821",87516.9,04-07-2019,09-07-1981,43,Other,2,6472.31,20654.84015,12980.60882,101663.4413,Both,Married,5,22,Sales,Senior Executive
4568,qZMqajDS,"ZxhAzSWy St, ZSxiAQYcAg, BLR 362915",94740.78,19-11-2016,12-12-1988,35,Other,4,3678.922,22359.74613,14052.06314,106727.385,Both,Married,7,14,Sales,Regional Sales Manager
4569,HgbDmIKf,"oHiTTRbi St, mccGIqKnxZ, AMD 869790",81473.87,19-02-2023,05-06-1992,32,Other,3,5401.613,19228.62625,12084.29955,94019.8097,Both,Married,1,11,Finance,Senior Account Executive
4570,QrdLRBCD,"KajznZkZ St, RAvpdnwKLL, BLR 653309",138768.12,09-07-2004,06-11-1976,47,Other,2,5214.188,32750.62686,20582.24962,156150.6852,Both,Divorced,20,26,Human Resources,Recruitment Manager
4571,bgbDJNce,"ihXbdNtL St, TdIOhQhoVG, AMD 431136",73694.82,03-10-2018,28-09-1992,31,Male,4,9978.518,17392.69474,10930.50177,90135.53098,Life,Married,5,10,Marketing,Marketing Representative
4572,yUtDYXaJ,"FFoBYsqP St, qfmiZnPUnY, CHN 926102",80683.22,22-12-2018,04-05-1985,39,Male,1,7096.678,19042.02516,11967.02942,94854.89374,None,Married,5,18,IT,QA Lead
4573,lCRTyCgh,"dUAOnHbn St, fEWYEULriK, CHN 905999",83337.91,27-10-2018,09-07-1988,36,Male,4,8180.209,19668.55783,12360.77614,98825.90069,Medical,Married,5,15,Marketing,Senior Marketing Executive
4574,hQGDUyRS,"TNvKzrRZ St, pRUvgixEUW, CHN 277508",124020.93,21-08-1999,01-05-1973,51,Other,2,10469.907,29270.1465,18394.92918,145366.0543,Both,Married,24,30,IT,Technical Lead
4575,wdmjfpRw,"qZoYdqZQ St, NWCrcICkME, PUN 816648",101806.58,23-10-2022,27-08-1988,35,Female,1,12032.342,24027.3437,15100.07084,122766.1949,Life,Married,1,14,Finance,Regional Account Head
4576,pcqYHyqB,"SZGPnxIM St, laKLJOFwEa, PUN 858316",94338.53,04-10-2018,24-04-1985,39,Male,1,4671.147,22264.81122,13992.40095,107282.0873,Medical,Married,5,18,Human Resources,Senior HR
4577,PRxLtYcL,"TUMTSfIU St, wpfJrmyAeX, BLR 729554",112600.8,14-11-1996,06-04-1965,59,Female,4,12850.92,26574.88467,16701.08216,135325.5225,Both,Married,27,38,Marketing,Marketing Director
4578,jPIrTZav,"Wrkylliv St, lWexuVwoja, DEL 435271",27828.87,14-04-2022,12-03-2000,24,Male,4,5714.113,6567.884161,4127.610499,35983.25666,None,Married,2,3,Sales,Business Development Representative
4579,rjBkwnki,"eQeANihO St, HzVvpIcZDq, KOL 526482",122097.36,16-06-2015,11-04-1976,48,Male,4,9014.264,28816.16526,18109.62303,141818.1662,None,Married,9,27,Human Resources,Recruitment Manager
4580,VKXYxDtW,"vTdJjbsl St, NfSisDbRPK, HYD 930331",85387.14,21-02-2013,22-04-1992,32,Male,2,7510.286,20152.19606,12664.72033,100384.9017,Both,Married,11,11,Marketing,Senior Marketing Executive
4581,kjyJqejc,"sohAJMtW St, xGvKyZtINl, DEL 424475",138675.78,11-04-2012,15-03-1973,51,Male,1,8240.422,32728.83372,20568.55365,159076.4821,Both,Divorced,12,30,Marketing,National Marketing Manager
4582,MJZXpJeQ,"IrDUKQEB St, NgCzlXCfQM, MUB 687076",140001.98,05-09-2006,27-07-1976,47,Other,2,7684.802,33041.82983,20765.25718,159963.3547,Medical,Married,17,26,Human Resources,Recruitment Manager
4583,PiirvXWL,"WhuLKMdn St, XmEBqNSaGE, CHN 934825",102358.02,16-06-2009,09-02-1982,42,Other,2,9877.198,24157.48891,15181.86107,121210.8458,None,Married,15,21,Finance,Regional Account Head
4584,RDVZKVPM,"CwgOLzXY St, LcSkZfJAJn, CHN 874529",94938.66,27-02-2020,20-06-1991,33,Male,3,3685.134,22406.44774,14081.41293,106948.8288,None,Married,4,12,Finance,Senior Account Executive
4585,SJMEPsxY,"NVmfBGUP St, oOGSTYLEFY, DEL 309626",101807.5,02-05-2011,15-08-1986,37,Male,2,11677.25,24027.56083,15100.2073,122412.1035,Both,Married,13,16,Finance,Senior Account Executive
4586,lNItNCYD,"qZsIOoWE St, oaJDtcbret, BLR 607028",57459.71,13-01-2022,14-07-1998,26,Other,0,6346.029,13561.05078,8522.491293,68844.29849,None,Single,2,5,Marketing,Marketing Associate
4587,ZdEskJNj,"aGKExqno St, LbFOhIWubn, CHN 316276",23721.13,04-06-2022,12-11-1999,24,Male,3,6727.887,5598.417543,3518.345705,32529.08884,Medical,Married,2,3,Finance,Accounts Intern
4588,jbrVRgWD,"alyKxcSy St, OTzGGzgxgr, PUN 318187",101531.11,05-05-2012,04-10-1987,36,Other,3,13789.889,23962.3301,15059.21281,124224.1163,None,Married,12,15,Marketing,Senior Marketing Executive
4589,zcPLVDop,"MeribKkN St, ZRfHKEkzkK, HYD 777403",136508.65,17-03-1995,05-03-1974,50,Other,1,6741.135,32217.36995,20247.12239,155220.0326,Life,Divorced,29,29,Finance,Account Director
4590,mKkgsQQO,"YlJHkYxs St, xgpOUdtDvK, AMD 939695",127460.21,06-06-1998,16-02-1973,51,Other,1,7514.979,30081.85005,18905.04721,146151.9918,Both,Widowed,26,30,Finance,Account Director
4591,wnhGBecZ,"SXmkpAVe St, STtetonAcy, DEL 386633",78483.06,23-10-2020,07-06-1987,37,Other,1,10114.694,18522.76599,11640.69912,95479.82087,Medical,Married,3,16,Marketing,Senior Marketing Executive
4592,CXpqXAEp,"rmgcfKqv St, lMmQSPBJQO, CHN 614799",70735.05,06-05-2013,14-12-1992,31,Other,4,8530.495,16694.16022,10491.50523,85468.19999,Life,Married,11,10,IT,Software Engineer II
4593,DXFXNuHP,"ZOthPOWT St, BOAzPazHbV, MUB 772116",16411.17,08-10-2021,03-08-1999,24,Male,0,6719.883,3873.195839,2434.123901,24570.12494,Life,Single,2,3,Human Resources,HR Representative
4594,rUZqAuBI,"bYLtIdvx St, pGyeKjoIXh, MUB 668597",97331.84,08-08-2018,19-10-1979,44,Other,3,7242.816,22971.26151,14436.37218,113109.5453,Both,Married,5,23,Finance,Senior Account Executive
4595,YBomSEaq,"ecwmahCb St, zRIdEurGHh, DEL 155440",145663.64,18-11-2006,26-06-1971,53,Other,3,7839.636,34378.03669,21605.0012,166276.3115,Life,Married,17,32,IT,Technical Lead
4596,XXfNXMcK,"fBqmhGWy St, yfCZhxlgVi, PUN 630363",135289.8,28-09-2010,17-02-1969,55,Female,1,10644.02,31929.70949,20066.34114,157797.1884,Life,Divorced,13,34,Sales,Sales Director
4597,iweAOIzC,"RrHNZWPE St, BWmEkMdLGt, AMD 604951",122715.81,06-08-2010,16-08-1970,53,Female,1,9294.419,28962.12547,18201.35226,142771.0022,Both,Widowed,13,32,Human Resources,HR Director
4598,JmZTWdEV,"kycvNRmo St, npGpeRGcou, PUN 239401",144370.87,17-11-1991,03-03-1964,60,Other,3,5177.913,34072.93039,21413.25605,162208.4573,Medical,Married,32,39,IT,Technical Lead
4599,xAUpWeXs,"XBbyBDPh St, LgTBkUDmBP, HYD 714595",132332.28,27-07-2009,16-08-1975,48,Male,1,6867.772,31231.70599,19627.67832,150804.0797,Both,Divorced,14,27,Finance,National Account Head
4600,zwwEhwJp,"dJGrdyHZ St, tqJOogHJzl, KOL 943379",96631.92,01-10-2014,15-10-1985,38,Other,3,3703.808,22806.07358,14332.55923,108809.2423,Life,Divorced,9,17,Marketing,Senior Marketing Executive
4601,knNnZVoE,"TCYuWeFr St, csVPmRNxMn, DEL 194440",68300.55,09-07-2019,27-08-1996,27,Other,4,7774.945,16119.59453,10130.41734,82064.67218,Both,Married,5,6,Human Resources,HR Associate
4602,DFfXOZCR,"LCTYFNTp St, YPoumTnXqu, MUB 357760",133232.12,04-05-2014,12-11-1967,56,Female,2,10218.788,31444.07698,19761.14364,155133.8413,Life,Widowed,10,35,Finance,National Account Head
4603,ApnLvhqY,"lgEqJfMA St, zDhaEdHbOo, PUN 566809",47797.9,15-06-2022,03-10-1998,25,Male,4,6558.21,11280.76959,7089.44035,58547.43924,Both,Married,2,4,IT,QA Engineer II
4604,sfgIyiso,"cesjdtrZ St, WXEBMeFYdO, BLR 778907",102967.07,07-10-2021,02-06-1987,37,Female,3,14209.293,24301.23063,15272.19608,126205.3976,Life,Married,2,16,Marketing,Senior Marketing Executive
4605,YColMbXM,"PrGCOLKh St, UVnmcGJwsx, BLR 148582",112073.04,01-10-2002,06-05-1972,52,Female,1,7357.696,26450.32818,16622.80418,129258.26,None,Widowed,21,31,Finance,National Account Head
4606,FmZDeRnF,"UWEGddQu St, AwxdBiQHds, MUB 920562",125969.18,03-04-2004,13-02-1967,57,Other,2,6060.082,29729.95246,18683.89589,143075.3186,Medical,Divorced,20,36,Human Resources,HR Director
4607,aywMQcUA,"DxcHZDzI St, hRphvQsLHP, DEL 683408",130775.05,27-12-2003,10-11-1967,56,Other,1,8047.495,30864.18455,19396.70815,150290.0214,Life,Widowed,20,35,Marketing,National Marketing Manager
4608,alkrfNZd,"gSRaEYxp St, RfCNEGsTTF, PUN 930619",128398.28,10-12-2019,02-08-1974,49,Male,3,10086.172,30303.2437,19044.18284,149743.5129,None,Married,4,28,Finance,Account Director
4609,VDcCoiVI,"SxMvTAMu St, dvdiRTgCQr, HYD 355779",91097.52,09-01-2014,09-01-1985,39,Female,2,4094.248,21499.90131,13511.69056,103179.9788,Life,Married,10,18,IT,Software Engineer III
4610,KWxVctnm,"GptoMAKh St, AXYQiBGnWy, BLR 679933",50139.36,28-06-2018,20-07-1993,30,Female,1,5006.064,11833.37693,7436.728432,59542.0725,Both,Married,6,9,Finance,Account Executive
4611,FKCxkNCj,"IFWVpfYy St, GtxvjjUnNI, CHN 930665",28247.91,19-02-2021,25-10-1999,24,Male,2,5088.209,6666.781679,4189.763001,35813.13768,Both,Married,3,3,Human Resources,HR Intern
4612,UYcEIrTR,"KmrXDRnc St, YtnJffgtBD, AMD 846969",127778.97,10-01-2009,07-11-1972,51,Male,4,7974.103,30157.08051,18952.32606,146957.8274,Both,Married,15,30,Finance,Account Director
4613,zBHZGuHz,"wfZQxkoU St, JtiifBHxWX, CHN 607556",95374.98,13-12-2012,04-08-1986,37,Female,1,4547.502,22509.4235,14146.12842,108285.7771,Both,Divorced,11,16,Sales,Regional Sales Manager
4614,oVeQvMWl,"dksxtsit St, LyhGwzTdSQ, DEL 975812",67183.35,02-08-2018,07-07-1997,27,Male,0,10502.665,15855.92445,9964.712934,83577.22652,Medical,Single,5,6,IT,QA Engineer II
4615,ZeRVVRxK,"aeqhPryT St, OEYQKRAcDv, KOL 857779",144075.94,09-05-2008,23-01-1965,59,Male,4,5599.406,34003.32404,21369.51168,162309.1584,None,Married,16,38,IT,IT Manager
4616,zxlWvudb,"DXtTXQyP St, SITFbYoIZl, CHN 361533",131630.12,11-10-2023,21-06-1970,54,Female,3,11090.988,31065.98939,19523.53313,154263.5643,Medical,Divorced,0,33,Finance,Account Director
4617,NfammdDW,"bmyvWZVQ St, cqimqHVrQU, BLR 142606",117530.16,22-09-2000,25-05-1976,48,Male,3,10407.984,27738.26161,17432.21059,138244.195,Life,Divorced,23,27,Marketing,National Marketing Manager
4618,ZOMitdVZ,"bIjDZlhf St, MHLBUOjcoq, KOL 794228",97795.53,09-02-2020,09-06-1992,32,Other,4,4593.447,23080.69686,14505.14722,110964.5266,Both,Married,4,11,Human Resources,Senior HR
4619,rSRjoELA,"XelSWarK St, sQsYahlTeB, MUB 658419",24164.59,26-02-2021,22-03-2000,24,Female,3,4956.541,5703.078418,3584.12021,31240.08921,None,Married,3,3,Finance,Account Representative
4620,zCOGpmFV,"EXzeojKf St, gDkWUKLDbg, KOL 913190",59436.66,06-11-2019,22-03-1996,28,Male,4,4197.334,14027.63022,8815.714826,68845.90939,Life,Married,4,7,Marketing,Marketing Associate
4621,ALnuWsWF,"nJDCbFcp St, knDZnLPiCK, MUB 615290",56288.75,10-05-2019,28-10-1998,25,Other,4,6696.125,13284.69282,8348.813139,67920.75468,None,Married,5,4,IT,QA Engineer II
4622,EgoapSvn,"ehXNFBSq St, wmQAtPaPvT, PUN 384798",48163.51,26-02-2024,25-01-1999,25,Other,0,7717.649,11367.0571,7143.668053,60104.54805,Both,Single,0,4,Sales,Sales Representative
4623,QimNxjVq,"GzmQJzWK St, adzuWguYqc, MUB 365051",126502,23-04-2003,05-10-1971,52,Male,2,10923.8,29855.70316,18762.92438,148518.5788,Life,Widowed,21,31,Sales,National Sales Manager
4624,XBZawCAr,"jmcyzbaR St, MsNvKubviy, KOL 339905",124384.38,15-08-1986,07-03-1964,60,Other,1,8223.562,29355.92423,18448.83651,143515.0297,None,Widowed,37,39,IT,IT Manager
4625,FeDFlckZ,"VTtHzsRA St, ZjjpRlONvI, PUN 394434",45295.93,21-04-2019,17-07-1998,26,Male,3,5909.407,10690.28032,6718.345238,55177.27208,Both,Married,5,5,IT,Software Engineer II
4626,OnOXBZGI,"iiyLuZIC St, HLbXvWHTuu, BLR 635463",90544.4,04-08-2020,21-12-1979,44,Male,4,6209.56,21369.35961,13429.65115,104693.6685,None,Married,3,23,Marketing,Regional Marketing Manager
4627,VIpKHsez,"jiHBMQKn St, XXpEmCzPyj, MUB 856867",135038.36,09-11-2021,01-09-1974,49,Female,3,8280.164,31870.3672,20029.04726,155159.8439,Life,Married,2,28,Sales,National Sales Manager
4628,dnnzSnVO,"lcswYTAd St, asPjIFKrmq, BLR 757083",111064.68,13-07-2024,12-07-1967,57,Female,2,8387.532,26212.3454,16473.24305,129191.3144,Both,Widowed,0,36,Marketing,Marketing Director
4629,atiQpUFi,"IqyVbRGg St, kFsttFteaV, AMD 186679",145918.09,20-08-2014,20-01-1972,52,Female,2,5231.191,34438.08937,21642.74152,163944.6288,Both,Married,9,31,Finance,National Account Head
4630,TDIeBkcY,"wyytkYwy St, QSrkSNpYUN, CHN 655427",79430.27,13-05-2008,03-01-1982,42,Female,2,5875.973,18746.31676,11781.19041,92271.36935,Both,Married,16,21,Finance,Regional Account Head
4631,aovNNQLq,"aFXRObjK St, ALrcgSiJQt, BLR 919244",138581.37,11-03-1995,11-11-1971,52,Male,2,6390.863,32706.55204,20554.55065,157124.2344,Both,Widowed,29,31,Human Resources,Recruitment Manager
4632,CdKcgYgg,"cokkuKoV St, hnetCJIOnE, BLR 502776",32293.05,05-02-2023,01-09-2000,23,Female,0,8236.695,7621.474088,4789.742891,43361.4762,Both,Single,1,2,Sales,Sales Development Representative
4633,RXkJEvYp,"goYLNBGY St, VEYJVVzHMN, CHN 818710",106477.77,13-01-2012,08-10-1980,43,Female,4,10719.223,25129.79,15792.9072,126533.8758,Medical,Married,12,22,IT,QA Lead
4634,dKrpwoYc,"eAwZcKxN St, beOijMhQdD, KOL 682650",147477.88,23-09-1989,09-09-1966,57,Male,1,9247.212,34806.21499,21874.0914,169657.2156,Life,Widowed,34,36,Finance,Account Director
4635,PgbmwWhi,"OUrWiEgy St, phueFgKkas, KOL 424012",133604.76,04-11-2019,13-11-1973,50,Female,2,6071.524,31532.02365,19816.41404,151391.8936,Medical,Married,4,29,Finance,Account Director
4636,oTPfptNe,"ZNaejPqE St, ygRHhhtCZU, KOL 176661",105325.56,02-12-2010,25-06-1981,43,Male,2,11320.444,24857.85723,15622.01007,125881.8512,Both,Married,13,22,Finance,Senior Account Executive
4637,ifmyzuOq,"jlHszWhC St, ytMQfuHzEP, KOL 993406",96442.15,21-11-2008,13-10-1985,38,Other,3,5865.785,22761.28601,14304.41232,110764.8087,None,Divorced,15,17,Human Resources,ERP Head
4638,IoVdvxSW,"yiOqBvFn St, qoljadYcDH, AMD 265129",117478.76,04-01-2022,20-06-1972,52,Female,3,8028.124,27726.13071,17424.58688,135808.4278,Medical,Married,2,31,Marketing,National Marketing Manager
4639,WyBKtrvi,"WdTpqjFk St, FHPgNpExFp, MUB 817557",70536.2,14-04-2023,13-02-1999,25,Other,0,6846.38,16647.22968,10462.01156,83567.79812,Medical,Single,1,4,Finance,Account Executive
4640,WmFtHEZN,"vjTwhcUp St, lFvmvHVQgl, PUN 145537",132198.99,11-05-1997,05-05-1968,56,Female,3,10771.101,31200.24825,19607.90859,154562.4307,Both,Divorced,27,35,Marketing,Marketing Director
4641,lmciqiUf,"EPcvkFgc St, fXvYLBjkcV, HYD 133316",103031.68,12-12-2013,07-03-1992,32,Male,2,9142.832,24316.47922,15281.77911,121209.2121,Both,Divorced,10,11,Sales,Regional Sales Manager
4642,NNDAJzFs,"fpLughQp St, kDgowcIpsC, PUN 922935",120174.55,07-11-1999,24-12-1966,57,Female,1,9437.545,28362.36338,17824.42961,140150.0288,Both,Widowed,24,36,Human Resources,HR Director
4643,xptFotoI,"qRhsWccw St, lUoGgKFkpM, CHN 328645",91115.43,07-01-2019,21-07-1983,40,Male,2,6826.457,21504.12825,13514.34699,105931.6683,Life,Divorced,5,19,Marketing,Regional Marketing Manager
4644,oIIXjAhM,"qRySORbI St, paSjSWkyZA, KOL 241995",105937.62,25-05-2014,24-08-1991,32,Other,2,9397.238,25002.30934,15712.79152,124624.3758,Medical,Married,10,11,IT,Software Engineer III
4645,ocStBUrX,"lyCZWGfH St, qSXlZOxDjN, KOL 845694",27140.82,03-11-2021,10-04-2000,24,Female,1,5902.918,6405.497664,4025.55812,35423.67754,None,Married,2,3,Finance,Accounts Intern
4646,MhFXAGqP,"uERzgtzO St, QxlvEmofRu, MUB 789515",54849.12,05-09-2022,08-09-1995,28,Male,1,6854.088,12944.92613,8135.285536,66512.8486,Life,Married,1,7,Human Resources,HR Associate
4647,tiDHBzwf,"GLmtMojK St, rQvgWjGpbl, PUN 236734",51832.5,15-04-2018,22-09-1997,26,Female,2,5179.75,12232.97445,7687.856934,61557.36752,None,Married,6,5,Marketing,Marketing Associate
4648,cuQQUOcT,"OwHdRlcp St, pOIxgxtoQX, CHN 506555",17565.51,11-12-2021,05-10-1999,24,Male,2,7112.449,4145.631314,2605.336958,26218.25336,None,Married,2,3,IT,QA Engineer I
4649,zKjVKBXJ,"pUZxyvif St, RKSKNtuxec, HYD 260144",138846.76,28-12-2007,21-06-1972,52,Male,2,6878.324,32769.18667,20593.9136,157900.3571,Medical,Married,16,31,IT,IT Manager
4650,lxlzKhjE,"PRfmOZOW St, qDIySORPZg, KOL 360957",79725.5,24-09-2009,08-01-1988,36,Other,1,8464.45,18815.99392,11824.97927,95180.96465,None,Divorced,14,15,Human Resources,ERP Head
4651,HHacxkxC,"dxUbsPjq St, WAGakmBjJW, AMD 218992",118268.75,13-09-2008,02-08-1972,51,Male,1,8475.125,27912.57603,17541.75912,137114.6919,Both,Married,15,30,IT,Technical Lead
4652,tWuPfXdL,"GKMTVlaC St, WQslNrbAGZ, DEL 877072",101930.98,25-02-2007,09-04-1981,43,Other,1,10918.902,24056.70331,15118.522,121788.0633,Life,Divorced,17,22,Human Resources,ERP Head
4653,WIarsEsz,"rYVIpFER St, uStHrZSVhm, KOL 400874",145566.28,23-07-2023,05-03-1977,47,Female,2,6320.372,34355.05878,21590.56065,164651.1501,Life,Widowed,0,26,Human Resources,HR Director
4654,WXymeXrK,"gnVAFZHd St, ctGgxLerks, CHN 953053",133022.09,15-08-1989,11-10-1964,59,Female,1,7838.791,31394.50786,19729.99174,152525.3971,Both,Married,34,38,Finance,National Account Head
4655,keloVCII,"BCEwUUZU St, PoIMSRNWcP, DEL 557945",99301.39,06-04-2011,18-11-1989,34,Other,3,5427.861,23436.09448,14728.49814,113436.8473,None,Married,13,13,Human Resources,ERP Head
4656,RfzMpNHx,"xUSaQvzt St, RnSuLxIUZg, AMD 345092",54004.71,13-06-2018,07-10-1994,29,Male,3,5252.529,12745.63715,8010.041658,63992.83449,Both,Married,6,8,IT,Software Engineer II
4657,NFuGpQJJ,"cXzqBETw St, bGHoeRSkEk, KOL 957229",102376.53,17-12-2016,20-01-1986,38,Female,3,13925.347,24161.85745,15184.60649,125279.128,Life,Divorced,7,17,Marketing,Senior Marketing Executive
4658,IMMvBzzy,"BlLcLxoQ St, nWJXouNFPb, DEL 557169",102372.4,24-10-2016,09-09-1979,44,Female,2,13143.76,24160.88273,15183.99393,124493.0488,Life,Divorced,7,23,IT,QA Lead
4659,mQAYjccC,"tZdEATuY St, lQDXWxfCPF, KOL 964444",43804.8,24-05-2024,17-01-2000,24,Other,0,6805.52,10338.35912,6497.179095,54451.50003,Both,Single,0,3,Marketing,Marketing Development Representative
4660,tWDUzZiD,"slhftbpu St, dNsyIAOzqa, HYD 851108",106050.44,22-12-2010,19-12-1986,37,Female,3,8301.956,25028.93596,15729.52512,123651.8068,Medical,Divorced,13,16,IT,Software Engineer III
4661,rNxwAqpb,"YWPDOSgl St, uRZfDdNIUV, MUB 341075",63627.99,27-12-2020,21-11-1993,30,Other,4,8217.201,15016.82489,9437.377787,77424.6381,Life,Married,3,9,Finance,Account Associate
4662,uSEAIFct,"eNGCUEou St, mtcZzhwoll, KOL 285990",79562.3,13-06-2010,17-07-1980,44,Male,2,5139.77,18777.47713,11800.77326,91678.77387,Life,Married,14,23,Human Resources,Senior HR
4663,mDCbWyTP,"hsKAuvCq St, tWlvGJhLtg, KOL 991549",35233.22,25-11-2021,05-04-2000,24,Male,4,7400.678,8315.382822,5225.832339,45723.44848,Medical,Married,2,3,Marketing,Marketing Development Representative
4664,unCKpBWn,"wAjGxxhz St, MzZEbEXmmq, AMD 717119",67138.53,27-07-2022,15-07-1995,29,Male,4,7842.147,15845.3465,9958.06518,80867.95832,Life,Married,1,8,Marketing,Marketing Associate
4665,WZVacuMz,"tCfVbAHd St, YgdcfTQfjt, CHN 333837",87807.59,02-12-2015,12-01-1984,40,Other,1,9193.241,20723.44582,13023.7243,104700.5525,Life,Divorced,8,19,Marketing,Senior Marketing Executive
4666,eGYuzoJc,"zPmKFVOe St, kAguLDYDQp, HYD 722303",98657.55,02-06-2019,11-07-1981,43,Male,4,6928.245,23284.14197,14633.00304,114236.9339,Both,Married,5,22,Marketing,Senior Marketing Executive
4667,eUsSXYot,"DvGjXNww St, lMwkSgxKKq, KOL 330268",116968.4,27-02-2014,03-08-1966,57,Male,4,7881.16,27605.68078,17348.88969,135106.3511,Medical,Married,10,36,Marketing,Marketing Director
4668,VWEJhxkO,"ZjPpSQra St, gqBtVvYNiq, DEL 213482",106318.03,28-11-2024,04-05-1990,34,Other,4,8205.197,25092.08981,15769.21438,123846.1024,Both,Married,-1,13,Human Resources,Senior HR
4669,ffjExLOg,"digHsFsk St, nrjZUSbDZH, DEL 302835",88258.02,06-08-2011,01-04-1985,39,Female,2,8113.198,20829.75168,13090.5326,104110.4371,None,Divorced,12,18,Sales,Senior Executive
4670,InUoMIrV,"hoFNctDC St, IrjUWzmvwe, BLR 124326",50367.35,25-06-2023,01-07-1999,25,Other,4,6084.265,11887.18479,7470.544175,60868.25562,None,Married,1,4,IT,Software Engineer II
4671,ZERPjyRN,"ohNAeqwT St, KitYNnLKmg, DEL 225601",144270.82,15-12-2001,25-05-1973,51,Other,4,4367.918,34049.31762,21398.41651,161289.6391,Life,Married,22,30,Finance,Account Director
4672,GSbhdaIP,"KFjeiKCU St, AXumjJvfBW, DEL 516420",89877.05,12-06-2023,07-01-1991,33,Male,4,6747.295,21211.85852,13330.66902,104505.5345,None,Married,1,12,Finance,Regional Account Head
4673,QPFAbJkc,"tYjokulT St, GBSzFAGNbo, AMD 571070",148179.67,13-07-2006,27-08-1967,56,Male,2,9852.033,34971.84426,21978.18171,171025.3655,Life,Married,18,35,Sales,Sales Director
4674,ORQhqMAw,"GZtEiiOO St, lWFnnqYdnX, AMD 704692",115419.55,04-04-1999,18-08-1967,56,Female,1,8498.045,27240.1371,17119.16245,134038.5697,Life,Married,25,35,Sales,Sales Director
4675,WyfWEnpx,"JmYkrQDz St, gJDcmYRuBC, CHN 670016",103890.6,28-01-2020,14-04-1992,32,Female,2,8622.94,24519.1927,15409.17512,121623.5576,Medical,Divorced,4,11,Marketing,Regional Marketing Manager
4676,RPEPTfUU,"tuadUoEj St, ZaBTRQZnAV, PUN 237162",46020.53,03-12-2020,15-09-1996,27,Male,0,5744.947,10861.29297,6825.818756,55800.95121,Life,Single,3,6,IT,QA Engineer II
4677,ZOieMbtn,"yfBXwfMJ St, ycpLWdbHjn, DEL 806614",135825.67,24-12-1999,01-12-1976,47,Other,1,10856.433,32056.18002,20145.822,158592.461,Medical,Widowed,24,26,Marketing,National Marketing Manager
4678,EtVLTaRq,"TGwtJmxf St, MuUKlpnZMI, PUN 866768",108324.2,23-05-2016,14-09-1984,39,Other,3,12843.58,25565.56545,16066.77185,130666.5736,None,Divorced,8,18,IT,Software Engineer III
4679,ggkfogvM,"dcRExQCn St, jDoLWKdZJa, DEL 657229",144132.86,22-07-2015,06-06-1972,52,Other,4,7134.714,34016.75771,21377.95413,163906.3776,Life,Married,8,31,Sales,National Sales Manager
4680,UJzEKeXD,"dmOPvBzs St, QRmpvebIBj, DEL 689056",143142.62,05-10-2014,25-01-1969,55,Female,4,5537.738,33783.05144,21231.08057,161232.3289,Both,Married,9,34,IT,Technical Lead
4681,udWffrTS,"ITItaKEy St, PvtdMqOxvi, DEL 641661",81473.9,06-06-2014,17-10-1980,43,Male,4,5022.61,19228.63333,12084.304,93640.83933,Medical,Married,10,22,Sales,Senior Executive
4682,wNezwwPH,"VxePPRNs St, lMDfUbShGK, CHN 646182",135084.93,25-03-1998,28-05-1974,50,Female,2,5757.507,31881.35818,20035.95458,152687.8406,Life,Divorced,26,29,Sales,Sales Director
4683,wTkfGtmb,"HPFytIve St, oWOaFJxfwq, DEL 979931",99110.7,28-09-2021,06-12-1980,43,Male,1,7897.93,23391.08978,14700.21477,115699.505,Life,Divorced,2,22,Human Resources,Senior HR
4684,eMqSChkf,"bSgFqRzC St, JwlhSMuyKd, MUB 378986",99418.29,12-09-2014,25-06-1978,46,Female,1,4901.171,23463.68401,14745.83688,113037.3081,Life,Divorced,9,25,Sales,Regional Sales Manager
4685,IcronPAC,"vGxDWPex St, CEUtgPxMeC, BLR 727700",132247.27,03-12-1997,09-09-1972,51,Other,4,4789.273,31211.6428,19615.06954,148633.1163,Medical,Married,26,30,Finance,Account Director
4686,jAsXjZWa,"OpmUsVuU St, mOVltCPptS, AMD 880273",86795.63,25-02-2004,23-07-1983,40,Other,3,9313.437,20484.61341,12873.62921,103720.0512,Medical,Married,20,19,Human Resources,Senior HR
4687,bNwKHeVH,"GebKQnMQ St, sOwPllGzwi, PUN 288661",68909.24,20-06-2014,09-12-1992,31,Other,4,10178.076,16263.25129,10220.69895,85129.86833,None,Married,10,10,Sales,Sales Representative
4688,tlKLmpLx,"ghnlLGWK St, pMQSarMEvA, BLR 476310",140632.26,13-07-1999,15-12-1967,56,Female,2,10767.774,33190.58204,20858.74105,163731.875,None,Married,25,35,Human Resources,Recruitment Manager
4689,sPwfhNlz,"BOyDsSyj St, ilUljQKZjz, BLR 553993",49713.29,10-11-2019,06-11-1997,26,Other,0,6719.671,11732.82027,7373.533232,60792.24804,Life,Single,4,5,Human Resources,HR Associate
4690,kkHuXejf,"trVIpDfN St, SFgdIRziyi, AMD 163793",69711.18,27-07-2022,04-03-1998,26,Male,0,8747.882,16452.51693,10339.64363,84571.9353,Both,Single,1,5,Human Resources,HR Associate
4691,fChhgUiY,"CTIoqZry St, JvSHUTlkeG, PUN 510602",119006.64,23-06-2006,17-03-1969,55,Other,4,10284.336,28086.72526,17651.20383,139726.4974,Both,Married,18,34,Human Resources,Recruitment Manager
4692,yswbmSmr,"PNMqDyZR St, ekugAQbxPv, DEL 175108",23827.05,14-05-2022,23-02-2001,23,Male,0,6004.295,5623.415693,3534.055883,31920.70481,Both,Single,2,2,Finance,Account Representative
4693,onEXmYjQ,"XhbAwsmV St, ptQpeZwKIk, HYD 264626",96682.86,01-07-2003,04-10-1981,42,Other,3,4586.714,22818.09591,14340.11471,109747.5552,Life,Married,21,21,Marketing,Senior Marketing Executive
4694,iCFHekPD,"VJAkeicI St, HPUgIwazBy, BLR 600460",54506.33,03-05-2023,23-01-1994,30,Male,4,6406.367,12864.02436,8084.442523,65692.27883,Life,Married,1,9,Marketing,Marketing Representative
4695,pVGQYxyu,"LlUBsJvw St, QcXyAmAMTV, HYD 717150",95427.74,20-02-2014,15-03-1982,42,Other,2,6914.226,22521.87538,14153.95385,110709.8875,Both,Married,10,21,IT,Software Engineer III
4696,voLSjguq,"TgPtICfn St, TgBybloezD, KOL 406001",40428.83,21-03-2023,10-10-1999,24,Female,0,8732.117,9541.597348,5996.451282,52706.09307,Medical,Single,1,3,IT,Software Engineer I
4697,zipUHWmz,"GQhribKU St, FrmoaKuoSO, DEL 931865",75962.23,01-12-2021,18-03-1981,43,Female,1,5630.777,17927.82557,11266.80667,88254.0259,None,Married,2,22,Finance,Regional Account Head
4698,CFTClEkU,"GyYvbhgd St, tvdrvnRZyr, AMD 291360",132160.46,01-04-2017,19-12-1974,49,Female,1,5664.954,31191.15479,19602.19378,149414.375,Medical,Widowed,7,28,Sales,Sales Director
4699,GHvvlsPY,"ZAhpferC St, oMuWlZdZkX, HYD 433323",111961.32,23-02-2018,05-02-1970,54,Male,1,10692.868,26423.96117,16606.23374,132471.9154,None,Divorced,6,33,Marketing,Marketing Director
4700,GuaaHSqN,"gePHmMYW St, JExPphwVIs, PUN 843223",120150.16,07-06-2013,04-03-1966,58,Male,2,6108.984,28356.6071,17820.81205,136794.9391,Both,Married,11,37,Human Resources,HR Director
4701,OZbdJBXR,"ChDXqNPG St, nQtXZILdgk, PUN 192349",57966.82,01-05-2021,17-01-1999,25,Other,0,6511.318,13680.73367,8597.706441,69561.16523,None,Single,3,4,Finance,Account Associate
4702,ocuBJdPg,"CWZYVAWl St, PfGJbQRMbj, CHN 336027",83801.11,19-05-2014,23-07-1988,35,Female,1,8717.889,19777.87754,12429.47851,99867.39804,Both,Married,10,14,Marketing,Regional Marketing Manager
4703,uFKzscAt,"OFEGOefg St, SUaXuoIncF, KOL 774495",58522.79,20-02-2023,08-06-1996,28,Male,0,5129.721,13811.948,8680.168561,68784.29044,Medical,Single,1,7,Sales,Sales Executive
4704,QWDbVKyM,"kyLAitqP St, qlFaffXPhj, CHN 231606",62697.92,05-08-2023,24-05-1999,25,Male,1,7993.208,14797.31932,9299.428718,76189.0186,Medical,Married,0,4,Marketing,Marketing Representative
4705,oNtbYkIf,"MTGeitfy St, mqGKdjHrvD, PUN 154498",103055.92,17-04-2020,09-12-1989,34,Other,1,13173.408,24322.2001,15285.37441,125266.1537,Both,Divorced,4,13,Finance,Regional Account Head
4706,OqSuGfDY,"safxXTqn St, rUjTRjsusi, CHN 123999",115662.76,05-09-1997,10-05-1976,48,Female,3,9277.724,27297.53703,17155.23564,135082.7854,Medical,Married,26,27,Human Resources,Recruitment Manager
4707,JaoSRyGQ,"PkXUzkDH St, fGdYfbFOYI, AMD 555343",139964.28,13-01-1996,02-02-1975,49,Other,3,8595.572,33032.93226,20759.66547,160833.1188,Both,Married,28,28,IT,IT Manager
4708,uiWOzaEe,"UWCUAdrm St, GVXeqnszNg, KOL 578156",73602.1,23-01-2015,19-12-1994,29,Female,0,8644.79,17370.81192,10916.74943,88700.95249,Life,Single,9,8,IT,QA Engineer II
4709,vNnTmarc,"VDafZXCy St, btkCzSQgMT, MUB 262663",120782.21,11-09-1999,21-06-1970,54,Male,2,7452.779,28505.77706,17914.55845,138826.2076,Both,Widowed,24,33,IT,Technical Lead
4710,tvahsuuC,"FnTOKCfz St, ShfmjRhRTq, PUN 645338",147237.57,10-04-2022,17-07-1975,49,Female,3,6460.243,34749.49949,21838.44834,166608.8642,Life,Married,2,28,Sales,National Sales Manager
4711,LtovIivP,"fIFugeKE St, QLunXzwtar, MUB 333661",106884.75,17-08-2009,12-08-1982,41,Other,4,13093.525,25225.84124,15853.27095,129350.8453,None,Married,14,20,Sales,Senior Executive
4712,ZuKUTLdK,"jEQpfyoJ St, seqsNgxLKs, MUB 217882",76754.1,25-06-2017,09-01-1986,38,Male,1,8129.59,18114.7146,11384.25775,91614.14685,Life,Married,7,17,Sales,Regional Sales Manager
4713,bSIVoMtE,"VEKteBlQ St, iTdHBOeFzf, AMD 754298",148568.95,14-01-2015,16-09-1972,51,Female,1,9066.105,35063.71813,22035.92018,170662.853,Life,Divorced,9,30,Sales,Sales Director
4714,YIHcEfNn,"MnmnIBKS St, SonjZxdngs, KOL 784888",56059.27,18-09-2018,03-01-1996,28,Female,0,6625.073,13230.53331,8314.776397,67600.09991,Medical,Single,5,7,Sales,Sales Executive
4715,dKWfZCHE,"ivJwHNrj St, bzNmcVOIdg, PUN 857895",45977.31,05-05-2024,15-06-1993,31,Other,4,8100.269,10851.09263,6819.408315,58109.26331,None,Married,0,10,Marketing,Marketing Associate
4716,xceyYseW,"qmHoBTrX St, diwPZbHiQl, KOL 925930",35142.31,06-10-2021,14-06-2000,24,Female,0,7696.769,8293.927178,5212.348461,45920.65772,Medical,Single,2,3,Sales,Business Development Representative
4717,NlNTimwZ,"rfXMibuj St, dTdikWfdzB, CHN 441967",130090.22,04-12-2013,06-12-1965,58,Male,3,11078.978,30702.558,19295.13336,152576.6226,Life,Divorced,10,37,Human Resources,HR Director
4718,sThEpkgi,"qVCxlvMu St, boGFVGbikR, HYD 435139",109685.53,04-12-2008,03-03-1986,38,Male,2,7550.447,25886.85258,16268.68591,126854.1437,Both,Married,15,17,Finance,Senior Account Executive
4719,XrtxWJlO,"ldWrIzfj St, jhgsFFUXFx, DEL 284280",45142.77,06-08-2018,20-05-1994,30,Other,0,6314.723,10654.13307,6695.628368,55415.9977,Both,Single,5,9,Sales,Sales Representative
4720,fyxDOTxX,"yfraopJI St, ZKtAiGnsCK, AMD 564885",97741.16,05-03-2015,08-04-1988,36,Other,3,3611.884,23067.86501,14497.083,109923.826,Both,Divorced,9,15,Sales,Regional Sales Manager
4721,tUMraQFh,"yDzENLLU St, CTJNvxaftC, KOL 486733",143491.24,01-01-2004,03-12-1972,51,Female,3,10303.876,33865.32915,21282.7883,166377.6569,None,Married,20,30,Human Resources,HR Director
4722,npIBqCVT,"GXOMVDWF St, xQRQyKfGts, CHN 858601",18594.3,22-10-2023,16-01-2002,22,Other,0,7244.57,4388.435766,2757.928292,27469.37747,Life,Single,0,1,IT,QA Engineer I
4723,oVfhHlxu,"NPoajkvC St, ALGNwdpWOY, DEL 910540",127966.87,17-04-2006,09-03-1968,56,Female,4,10079.313,30201.42674,18980.19561,149267.4141,None,Married,18,35,IT,Technical Lead
4724,GFpMyqQf,"gKkMaPes St, mJBmBKpgFW, DEL 167581",70682.52,28-12-2016,17-06-1994,30,Other,2,7963.748,16681.76263,10483.71392,84844.31671,Both,Married,7,9,Marketing,Marketing Representative
4725,AlrcAAUT,"wZAKoKxw St, HZCVSCwPpc, KOL 257042",103791.75,21-02-2023,16-05-1990,34,Male,1,11301.825,24495.86314,15394.51358,124194.9246,None,Divorced,1,13,Finance,Regional Account Head
4726,FkbNBZXM,"pnqwbiIB St, oxlaZOXsrx, DEL 154102",92461.65,07-05-2000,04-05-1979,45,Male,,5844.835,21821.84927,13714.01991,106414.3144,Life,,24,24,Human Resources,Senior HR
4727,LHvOhsLh,"YpStXMua St, qdSrLHkvvh, KOL 323086",99196.92,11-07-2014,08-11-1986,37,Male,3,7989.308,23411.43854,14713.00302,115884.6635,Life,Divorced,10,16,Finance,Regional Account Head
4728,VIALnBvz,"BMoDlFNM St, WctrJNOvcN, KOL 430139",112371.77,16-10-1998,19-07-1971,52,Other,2,10418.823,26520.83136,16667.11216,132644.3122,Medical,Married,25,31,Sales,Sales Director
4729,KVNracaj,"MiZVxnOX St, QXwAtGdjdX, DEL 751091",84107.83,12-01-2022,12-09-1989,34,Female,1,9038.217,19850.26645,12474.97157,100521.3419,Medical,Married,2,13,Marketing,Senior Marketing Executive
4730,ZMFRGEZY,"IuTzAArW St, YCzZHsInem, BLR 808615",104311.42,13-02-2013,20-12-1981,42,Male,3,8565.858,24618.51032,15471.59164,122024.1967,Life,Married,11,21,Sales,Senior Executive
4731,wZJZymgQ,"rCJIbsil St, KfvxKrkUYi, AMD 270986",124107.86,11-12-2018,08-05-1977,47,Other,3,12255.214,29290.66282,18407.82274,147245.9141,None,Married,5,26,Marketing,Marketing Director
4732,mtNUwgyX,"AvtFLlvK St, ekAgBTtShb, MUB 792481",123673.94,13-01-1994,04-09-1973,50,Female,2,9092.606,29188.25348,18343.46322,143611.3363,Both,Widowed,30,29,Marketing,National Marketing Manager
4733,HJIRffsW,"vQHgxdFZ St, cwDLnkdfet, CHN 429179",129980.05,18-05-1989,03-03-1968,56,Male,4,6004.995,30676.55681,19278.79282,147382.809,Medical,Married,35,35,Sales,Sales Director
4734,wOyWpaMC,"CspWjcga St, ISojHwwEam, HYD 489436",96333.25,01-05-2018,17-05-1990,34,Male,1,6808.675,22735.58455,14288.26015,111589.2494,Both,Married,6,13,Marketing,Regional Marketing Manager
4735,WYTWcxim,"sNAXfipS St, OFSEAAuZjF, PUN 700346",129800.12,19-12-2014,11-03-1972,52,Female,1,9652.988,30634.09158,19252.10539,150835.0942,Life,Divorced,9,31,Marketing,National Marketing Manager
4736,vOhbbTqs,"XCKHWsWz St, ZSNVGvXwko, AMD 372213",34778.22,09-05-2022,28-09-2001,22,Female,0,8522.178,8207.998394,5158.346207,46350.05019,Both,Single,2,1,Sales,Business Development Representative
4737,SevEmoTX,"IseZRrKc St, qRzaRGEPFJ, HYD 389403",119050.57,25-05-2000,25-05-1971,53,Female,1,6515.943,28097.09316,17657.71958,136005.8866,Both,Married,24,32,Finance,Account Director
4738,drrcIANF,"tSqEUFvJ St, vtrUZfSWsu, MUB 433098",129255.1,09-10-2004,02-02-1970,54,Other,2,5544.49,30505.46156,19171.26739,146133.7842,Life,Married,19,33,Human Resources,Recruitment Manager
4739,TwDViIdC,"ThXyUIaR St, HhTjRcyCce, HYD 741009",124764.25,26-11-2018,17-05-1976,48,Other,2,8176.575,29445.57725,18505.17927,143881.223,Life,Divorced,5,27,Marketing,Marketing Director
4740,kNzxRWyi,"vtdOnYFE St, WofHBElqEw, PUN 841139",75773.59,04-10-2003,09-11-1981,42,Other,1,9373.641,17883.3047,11238.82736,91791.70833,Medical,Divorced,20,21,Human Resources,ERP Head
4741,aaaFXQDC,"MvXOrITe St, JiXPTbOcSq, BLR 595365",15358.87,13-10-2023,07-08-2000,23,Male,0,8462.113,3624.842798,2278.045536,25167.78026,Medical,Single,0,2,Finance,Accounts Intern
4742,DMbREbMV,"iHmMDSju St, raKHOscJgS, BLR 897448",108077.14,14-10-2011,01-06-1978,46,Female,1,12766.286,25507.25689,16030.12763,130320.5553,Medical,Married,12,25,Human Resources,ERP Head
4743,zbRGHkEI,"DlGeqwlZ St, fIGOjSPNdJ, DEL 197928",142269.79,25-12-2013,26-03-1965,59,Female,2,4119.021,33577.05506,21101.62141,158864.2447,Medical,Married,10,38,Marketing,Marketing Director
4744,sqikOlVI,"KzGVnONM St, NVfrOoFuet, CHN 210997",112282.67,19-02-2015,23-04-1968,56,Other,2,10305.733,26499.8029,16653.89675,132434.3091,Medical,Married,9,35,Human Resources,HR Director
4745,oeRehWaJ,"gnpSCACF St, ECwFawXemq, HYD 526904",137224.4,06-12-2010,03-04-1974,50,Other,3,5798.56,32386.29392,20353.28327,155055.9706,Both,Married,13,29,Finance,National Account Head
4746,vmDJWDKQ,"wlFAFHER St, sLssFFVMlr, HYD 684700",86981.29,16-11-2020,05-05-1987,37,Female,4,8641.871,20528.43097,12901.16652,103250.4255,None,Married,3,16,Finance,Senior Account Executive
4747,ALpQCyIv,"OgYWwCgj St, oLNgMhUmKP, AMD 535963",139957.43,02-03-2015,01-02-1975,49,Female,1,4263.257,33031.3156,20758.64947,156493.3531,Both,Married,9,28,IT,Technical Lead
4748,SdMHeNFY,"XoncXKEx St, fnhJQdGEXl, DEL 592942",142678.42,15-09-2007,12-07-1971,53,Male,1,6502.158,33673.49572,21162.22989,161691.8438,Medical,Married,16,32,Human Resources,HR Director
4749,nqobjsKv,"DokUXqnk St, uWdxVxjzZs, DEL 501812",88049.62,02-02-2018,18-07-1991,33,Male,3,4734.038,20780.56725,13059.62247,100504.6028,Life,Married,6,12,IT,QA Lead
4750,vztiGvNa,"AtyIQPsL St, MlUoJvHTvS, DEL 903419",144985.18,09-07-1997,18-08-1971,52,Other,4,9045.482,34217.91353,21504.37122,166744.2043,Medical,Married,27,31,Sales,National Sales Manager
4751,VdwhZaBd,"JUdmZykU St, Ucnayulutx, PUN 331874",96328.36,10-04-2013,25-07-1979,44,Male,4,7751.164,22734.43046,14287.53486,112526.4196,Life,Married,11,23,Finance,Regional Account Head
4752,WeOnizQD,"ZUbPcBtI St, QLVlhQVIyd, KOL 120248",109266.14,19-10-2008,15-07-1983,41,Other,4,11234.386,25787.87246,16206.48149,130081.917,Medical,Married,15,20,Human Resources,ERP Head
4753,WmVnLBtW,"PTltgEbH St, rjawLPfUYM, HYD 652621",37012.26,07-04-2024,28-06-2002,22,Male,0,7775.774,8735.253577,5489.701629,48033.58595,Both,Single,0,1,Human Resources,HR Representative
4754,anAHCoHl,"IkNYWDjj St, ZgMpmajcwV, DEL 682150",146639.57,13-04-2024,20-04-1975,49,Other,1,3899.043,34608.36567,21749.75228,163397.2264,Life,Widowed,0,28,Human Resources,Recruitment Manager
4755,kSbtFaPG,"WxSyMpdw St, MFWBNDQEmH, HYD 406655",31061,15-03-2023,19-03-2001,23,Female,0,6907.9,7330.698297,4607.003796,40692.5945,Life,Single,1,2,Sales,Business Development Representative
4756,XdCXvtlE,"RqHSSWaY St, MmDRzJUNKz, BLR 436953",61557.59,04-05-2020,25-07-1998,25,Female,0,10644.241,14528.19034,9130.293641,77599.7277,Both,Single,4,4,Human Resources,HR Associate
4757,VAtojsqk,"GXDafDKm St, XIibhGuUXO, HYD 161771",66742.07,17-10-2017,23-06-1993,31,Female,2,6640.793,15751.77808,9899.261769,79235.37931,Both,Married,6,10,Finance,Account Executive
4758,NLaPspEz,"xXhgnfir St, mNlvCbVOTy, CHN 927739",81442.22,04-09-2009,06-10-1984,39,Female,3,8641.778,19221.15655,12079.60519,97225.54936,Medical,Married,14,18,Marketing,Senior Marketing Executive
4759,XQuYWTly,"zfRYgIXr St, fbSnxUIOHM, KOL 811379",88019.75,10-09-2016,16-03-1989,35,Female,3,8870.025,20773.51764,13055.19212,104608.1005,Life,Married,7,14,Finance,Regional Account Head
4760,WNYtoHji,"VfQPhkzr St, zobYXiVjlC, BLR 329838",71308.85,02-03-2019,15-07-1995,29,Male,0,9308.115,16829.5826,10576.61191,86869.93569,Both,Single,5,8,Sales,Sales Executive
4761,WgfBOdxd,"QqoSgNYg St, hguAFRibSY, AMD 914370",110576.86,19-08-2000,25-12-1974,49,Other,3,13042.314,26097.21513,16400.88902,133315.5001,Medical,Divorced,23,28,Human Resources,Recruitment Manager
4762,EBHEiGih,"aYPgpraK St, AcGsjWSmHy, DEL 187341",124864.72,23-08-2012,21-11-1974,49,Male,3,6635.528,29469.28915,18520.0811,142449.4561,None,Divorced,11,28,Sales,National Sales Manager
4763,QefLXRBN,"NZRVRTtr St, BOuuTzNlwY, CHN 403182",93335.03,27-10-2010,09-11-1986,37,Male,3,7432.497,22027.97545,13843.56065,108951.9418,Both,Married,13,16,Human Resources,Senior HR
4764,eAOTgMai,"TCNqVhTc St, hPSBZalNdS, DEL 945049",79759.77,10-01-2016,02-08-1991,32,Other,4,6401.023,18824.08197,11830.06224,93154.81273,None,Married,8,11,Finance,Regional Account Head
4765,wBuzmiLh,"FIGmnTnA St, kSsXBdtbBT, BLR 624680",94816.56,19-11-2014,21-11-1981,42,Female,1,5465.344,22377.63095,14063.30291,108596.232,Life,Married,9,21,Sales,Senior Executive
4766,OxfIFzxL,"oNrKLJYz St, cOFdLJSVGb, MUB 864481",81975.36,05-12-2013,26-06-1991,33,Other,2,5732.464,19346.98277,12158.68113,94896.12564,Both,Married,10,12,Human Resources,Senior HR
4767,dkeRTrbP,"sWpGYkBh St, exSscResTQ, DEL 629507",90694.23,27-08-2018,17-10-1990,33,Other,1,4099.577,21404.72095,13451.87411,102746.6538,Both,Married,5,12,Marketing,Regional Marketing Manager
4768,DfkYitQP,"krJDfsNr St, unQVSgfNez, MUB 341139",114729.11,23-12-2021,24-03-1977,47,Male,1,13166.089,27077.18655,17016.75559,137955.63,Life,Widowed,2,26,Marketing,Marketing Director
4769,VPczzNzk,"UmRvtrzk St, jEkkQjsxfQ, PUN 827849",72291.22,14-02-2018,21-08-1995,28,Male,4,7841.878,17061.43148,10722.31818,86472.21131,Both,Married,6,7,Finance,Account Executive
4770,IRVrrGaR,"STPxgrwz St, uYnNxLXVNR, AMD 122471",81533.92,14-11-2014,22-08-1989,34,Male,3,9640.608,19242.79864,12093.20624,98324.1204,Life,Married,9,13,IT,QA Lead
4771,MLnuGJaD,"ZNqggTTF St, bkIpkWaYSx, BLR 359746",64986.35,17-06-2019,11-09-1998,25,Female,0,11151.365,15337.41107,9638.851328,81836.27474,Medical,Single,5,4,Marketing,Marketing Associate
4772,BYZnHOIu,"fwAkdrWx St, pvCtEoCWFJ, MUB 115274",87825.6,07-05-2013,20-04-1980,44,Other,1,7687.44,20727.69635,13026.39556,103214.3408,Medical,Divorced,11,23,Marketing,Senior Marketing Executive
4773,RVzuWDnJ,"GyapYbvy St, DIxFhiKzOS, CHN 341685",90020.07,15-04-2022,01-01-1980,44,Other,1,7514.993,21245.61263,13351.88192,105428.7937,Life,Divorced,2,23,Finance,Regional Account Head
4774,hGKElcZU,"awGcNzoZ St, mqVhXrYNot, HYD 423917",148363.52,02-03-2019,21-11-1971,52,Female,1,5057.648,35015.23465,22005.45056,166430.9521,None,Widowed,5,31,Marketing,Marketing Director
4775,cTYGZTWj,"jajArMoX St, KWuhxrlBub, AMD 334448",41040.21,17-07-2021,05-05-2000,24,Male,0,7870.979,9685.888978,6087.131877,52509.9461,None,Single,3,3,Finance,Accounts Intern
4776,JyIsJtty,"oNqRjCBO St, EhXyFdKpUB, CHN 529498",119071.1,07-09-2001,14-08-1974,49,Other,1,11829.89,28101.93844,17660.76461,141342.1638,Medical,Married,22,28,IT,IT Manager
4777,zvooRGSR,"oqMARQhP St, fobkMRRzEo, HYD 932663",78820.79,16-04-2012,14-06-1990,34,Male,1,6649.921,18602.47355,11690.79163,92382.39293,Medical,Married,12,13,Finance,Regional Account Head
4778,lmZaeffa,"BvPiwjpM St, LmoIPnYCbO, AMD 282967",89218.18,27-11-2016,15-05-1992,32,Male,1,7908.182,21056.35878,13232.94465,104949.7761,None,Married,7,11,Sales,Regional Sales Manager
4779,LvnUdqAQ,"XECfTHjV St, vmIsCSPBox, HYD 222492",114340.75,07-05-1997,09-04-1969,55,Male,2,8523.925,26985.52981,16959.15358,132891.0512,None,Married,27,34,Sales,Sales Director
4780,NcFKYtWP,"nOTQvslN St, MSXDVHxOQe, DEL 139704",65486,11-08-2017,02-05-1994,30,Other,0,8224.4,15455.33333,9712.96,79452.77333,None,Single,6,9,Finance,Account Associate
4781,blBRnmrh,"OFBAjqIx St, yBAKzZVrkk, AMD 341771",75393.69,19-10-2014,10-05-1989,35,Other,4,8165.631,17793.6446,11182.48015,90170.48545,None,Married,9,14,Sales,Regional Sales Manager
4782,MibCVCQA,"dklyEKLP St, DfbzAiPxBv, DEL 526540",123524.52,12-06-2008,22-09-1973,50,Male,2,6730.548,29152.98891,18321.30107,141086.7558,Medical,Married,16,29,Sales,National Sales Manager
4783,kkYwNBxM,"zSIZVyMF St, BDhVSMqADY, KOL 890680",52758.5,10-06-2016,27-06-1995,29,Male,0,5508.15,12451.51946,7825.202336,62892.96713,Both,Single,8,8,Sales,Sales Executive
4784,vzzMvhjq,"IogVUaLO St, ulbbBwFmOp, DEL 255631",27251.71,28-01-2023,28-04-2001,23,Male,0,4382.829,6431.668783,4042.005454,34024.20233,Medical,Single,1,2,IT,Software Engineer I
4785,alQtgMrw,"xJghdPfD St, WYjASLCsAl, HYD 742678",53171.75,23-03-2022,26-07-1997,26,Male,4,4918.825,12549.05049,7886.496058,62753.12943,None,Married,2,5,IT,Software Engineer II
4786,OvfGjmki,"emBlqbhx St, APyNIABYYS, CHN 724467",65358.38,01-06-2023,27-06-1994,30,Female,4,7980.162,15425.21377,9694.031253,79069.72452,None,Married,1,9,Marketing,Marketing Associate
4787,lQiyUmlv,"DBQBBWhH St, DfVSFQaUjG, AMD 146739",40293.25,21-06-2023,27-04-2001,23,Male,0,7432.675,9509.599148,5976.341898,51259.18225,None,Single,1,2,Sales,Business Development Representative
4788,EiUiviBW,"hmbtjxQe St, KtRGfopqln, PUN 489677",120175.94,03-01-1998,20-06-1970,54,Other,2,8470.406,28362.69144,17824.63577,139184.4017,Medical,Divorced,26,33,Human Resources,Recruitment Manager
4789,ccOVFYmU,"cKsabKQS St, BAKFOxfvKb, BLR 558348",86663.35,04-06-2024,21-05-1979,45,Female,,9309.665,20453.39404,12854.00928,103572.3998,Life,,0,24,Marketing,Senior Marketing Executive
4790,RPOcjxnY,"IxgYGkMM St, FGuhQLEOTS, MUB 572744",124996.12,05-10-2005,04-01-1966,58,Male,2,8535.388,29500.30083,18539.5705,144492.2383,Medical,Widowed,18,37,Finance,National Account Head
4791,KKSRGBrr,"ofVSulLs St, gbAHystDcf, BLR 370052",126204.09,09-12-1997,06-07-1968,56,Male,2,8717.591,29785.3935,18718.73802,145988.3365,Medical,Married,26,35,Sales,National Sales Manager
4792,GXIWkWCf,"wyjGPQhz St, sIrIbxwttf, MUB 972066",50092.36,15-11-2022,24-05-1993,31,Other,3,7934.764,11822.28448,7429.757337,62419.65114,None,Married,1,10,Finance,Account Associate
4793,JRezVhAJ,"KRVbQcAp St, DdkYFBdUrs, DEL 665085",120026.8,01-09-2007,06-11-1975,48,Female,3,8759.32,28327.49294,17802.51515,139311.0978,None,Divorced,16,27,Sales,Sales Director
4794,vcYSzCKi,"AacIfzvC St, SXsSjOSkpm, MUB 796365",112816.57,25-03-2016,05-03-1973,51,Other,2,7354.343,26625.80849,16733.08542,130063.6361,Life,Widowed,8,30,Sales,Sales Director
4795,yxrocEhi,"pzBfdCPz St, PIzrxjazBH, AMD 112613",58726.59,24-05-2014,01-12-1992,31,Male,2,5445.341,13860.04679,8710.396415,69321.58137,None,Married,10,10,IT,Software Engineer II
4796,tpQIqPul,"jGkdsfDK St, aDPNZSvCzx, CHN 899267",59683.09,02-11-2014,12-07-1993,31,Other,1,5638.691,14085.7901,8852.265612,70555.30549,Medical,Married,9,10,Finance,Account Executive
4797,VIEqivYl,"tOdXMyrJ St, jUXBwyXArX, BLR 689124",131694.57,14-06-2010,11-12-1964,59,Female,2,11326.543,31081.20022,19533.09243,154569.2208,None,Divorced,14,38,IT,Technical Lead
4798,iUbzCfEL,"GTmEIkMZ St, ykhTjgrZCr, AMD 283613",118001.52,13-02-2001,16-02-1977,47,Other,3,12370.848,27849.50715,17502.12326,140719.7519,Medical,Married,23,26,IT,Technical Lead
4799,NhvDFGZg,"wMCskBwT St, yHUxOJMsrC, PUN 947501",83653.19,14-09-2021,28-04-1992,32,Other,1,9178.681,19742.96698,12407.53884,100167.2991,Medical,Married,2,11,Sales,Regional Sales Manager
4800,eRMEaCpW,"uqHYyLKy St, mPhqSSJIje, CHN 868346",80798.03,24-07-2024,10-07-1986,38,Other,3,7319.197,19069.12144,11984.05817,95202.29026,Life,Divorced,-1,17,Marketing,Regional Marketing Manager
4801,bJbordcO,"mTHsiXqm St, lxoPBFQxgJ, BLR 362116",132765.88,21-06-2012,05-07-1970,54,Female,2,7854.412,31334.03981,19691.99038,152262.3414,Life,Married,12,33,Marketing,National Marketing Manager
4802,lVYoXPoP,"kNUzKMlK St, xSJZyWBbal, CHN 705143",59100.68,15-05-2018,19-09-1996,27,Male,0,5784.932,13948.33567,8765.88188,70068.06579,Both,Single,6,6,Finance,Account Executive
4803,EvISPpJJ,"zOfLotdN St, MlDBTCfAtZ, KOL 453271",90581.49,15-03-2020,22-01-1990,34,Other,1,7985.851,21378.11321,13435.15239,106510.3018,Medical,Married,4,13,IT,Software Engineer III
4804,BEtwJlOm,"mwqhuFfm St, JkQtMmqHeH, DEL 524362",46207.7,04-04-2020,27-03-1993,31,Other,2,7525.23,10905.46691,6853.580029,57784.81688,None,Divorced,4,10,Sales,Sales Executive
4805,NpabteCk,"CyoipWlJ St, kyFuskyZZQ, PUN 822231",120152.72,28-04-2001,20-08-1969,54,Other,1,6753.728,28357.21129,17821.19175,137442.4675,Life,Married,23,33,Human Resources,HR Director
4806,ctxcYSWl,"GIVvTuFP St, JvkjcpBsbd, PUN 566514",106033.05,16-12-2005,21-11-1981,42,Other,3,13195.695,25024.83175,15726.94581,128526.6309,Medical,Divorced,18,21,IT,Software Engineer III
4807,xHJPRLNw,"rGBIXwrU St, fYnYUwrLdA, KOL 487188",34095.87,02-07-2022,05-12-2001,22,Other,0,8873.413,8046.957153,5057.139258,45959.10089,Medical,Single,2,1,Marketing,Marketing Development Representative
4808,srssjJaq,"YWcBGqCS St, NVbkYiKAzS, HYD 925341",132488.96,19-01-2014,20-03-1969,55,Male,2,5818.104,31268.68399,19650.91728,149924.8307,Both,Married,10,34,Finance,National Account Head
4809,SMcQiaXs,"GOcUnzwB St, spGfBZbIAr, PUN 149831",19709.76,09-01-2024,27-04-2002,22,Other,0,5980.024,4651.695182,2923.374622,27418.10456,Medical,Single,0,1,Finance,Account Representative
4810,LEpeltrR,"HLdtooKO St, YgbmiwsOgj, HYD 239055",84728.18,08-07-2013,04-03-1989,35,Female,2,5619.182,19996.67509,12566.98261,97777.05447,Both,Married,11,14,Marketing,Regional Marketing Manager
4811,uivLSmWJ,"dBgJJLWJ St, mCprIvKsoI, CHN 795580",41699.03,19-04-2021,23-01-2000,24,Female,3,6752.097,9841.37691,6184.848829,52107.65508,Both,Married,3,3,Sales,Business Development Representative
4812,BiNzXcFa,"SJPGLrdo St, OnWRDNKIzk, PUN 728117",103449.93,21-03-2012,09-11-1991,32,Other,2,10761.007,24415.19029,15343.81444,123282.3129,Both,Married,12,11,Human Resources,ERP Head
4813,PxmkCxwV,"hVFHFDfz St, NCcLBuKBGb, AMD 213308",80014.63,02-02-2015,27-08-1990,33,Other,2,5952.537,18884.23141,11867.86337,92983.53504,Life,Divorced,9,12,Sales,Regional Sales Manager
4814,VrhikfFc,"ODIkBZyy St, JzHUgrKmeZ, AMD 124692",148323.08,28-03-2003,19-12-1970,53,Male,2,8624.692,35005.69041,21999.45245,169954.01,Life,Married,21,32,Finance,National Account Head
4815,qbXLDzks,"FPNLjjhQ St, HeWdryKegV, CHN 580193",132215.03,19-01-2019,05-07-1976,48,Female,3,8259.497,31204.03384,19610.28766,152068.2732,Life,Married,5,27,Marketing,National Marketing Manager
4816,lxaoPwWd,"xnNvTMjd St, OnclAFgGJH, MUB 421389",104146.23,28-03-2007,03-02-1985,39,Male,2,10785.377,24579.52387,15447.09046,124064.0404,Life,Married,17,18,Sales,Senior Executive
4817,xQQTOCcc,"RdFvwYOd St, UOtbpUdzGx, DEL 740505",52473.72,22-06-2024,20-01-1998,26,Male,1,7062.628,12384.30861,7782.963434,64137.69318,Medical,Married,0,5,Sales,Sales Executive
4818,yIiAxqKt,"vkvCpKeX St, rjCAMtUmQr, DEL 529132",140726.84,23-04-2023,26-09-1972,51,Other,2,10261.316,33212.90384,20872.76926,163328.2906,Life,Widowed,1,30,Marketing,National Marketing Manager
4819,aWmzsbUV,"JjDAsjqw St, LTciVqexzC, AMD 910511",129792.7,28-09-2000,17-08-1969,54,Other,1,11338.73,30632.34039,19251.00485,152512.7655,Life,Widowed,23,33,Human Resources,Recruitment Manager
4820,hIZGoFrF,"gavapZTA St, vTcqDgrWkw, KOL 139084",142781.08,05-06-2010,16-04-1971,53,Female,2,5357.892,33697.72448,21177.45654,160659.2399,Medical,Widowed,14,32,Human Resources,Recruitment Manager
4821,tMNfDSXW,"ZgXnpuAj St, nMGPeTOYWK, KOL 424470",34117.51,23-10-2023,16-12-2001,22,Female,0,6882.249,8052.064404,5060.348928,43991.47448,Both,Single,0,1,Marketing,Marketing Development Representative
4822,vLWcItsK,"FmCdUZoT St, pkYhCgUmzB, AMD 371644",35533.44,06-10-2024,07-03-2000,24,Female,0,7103.656,8386.237664,5270.36132,45752.97234,Both,Single,-1,3,Sales,Business Development Representative
4823,knKCJgNc,"zVwTPADI St, iIJSJiFFOt, HYD 670283",60494.56,05-07-2015,04-05-1994,30,Female,1,8434.544,14277.30491,8972.62379,74233.78513,Life,Married,9,9,IT,QA Engineer II
4824,MRzTuGpg,"XPVWvHjI St, nwgfUsoMjV, CHN 960970",101169.89,09-07-2020,12-06-1989,35,Other,4,12948.011,23877.07866,15005.63624,122989.3434,Medical,Married,4,14,Human Resources,ERP Head
4825,IrXylolE,"zHEbvrVQ St, WzMpMDwnZs, AMD 730345",22076.31,26-07-2022,13-05-2000,24,Other,2,6097.369,5210.224015,3274.384082,30109.51893,Medical,Married,1,3,IT,Software Engineer I
4826,dbKLxjpp,"EUIizSeK St, rSNBYkLPoc, HYD 545069",97507.38,22-11-2009,23-02-1986,38,Other,4,7810.262,23012.69066,14462.40848,113867.9242,Both,Married,14,17,Human Resources,Senior HR
4827,FkByWjXT,"pntVeUsA St, KnIAFTfpeq, KOL 610673",60694.79,27-07-2024,18-01-1999,25,Male,4,10939.521,14324.56114,9002.322137,76956.55001,None,Married,-1,4,IT,Software Engineer II
4828,bPrWexhe,"evjHRHnt St, aVdfyDlklJ, KOL 467642",84488.43,27-02-2019,27-02-1989,35,Male,4,4796.157,19940.09175,12531.42261,96693.25614,None,Married,5,14,IT,Software Engineer III
4829,XXoZAgmY,"MbhuxSaW St, ltwySrKBLV, BLR 695175",144058.19,04-06-2011,21-10-1965,58,Other,1,9419.181,33999.13487,21366.87898,166109.6269,Medical,Widowed,13,37,Finance,Account Director
4830,xVxkhEeJ,"jJnifYjX St, NEUGnttwMv, AMD 937099",94476.07,07-05-2000,08-08-1977,46,Female,1,8460.393,22297.272,14012.80104,111220.934,None,Married,24,25,IT,QA Lead
4831,RVYlAFmN,"ImBMLPbx St, jsQqsxJckS, BLR 580817",117029.15,26-07-2005,21-06-1967,57,Male,3,9995.085,27620.01837,17357.9002,137286.3532,Life,Married,18,36,Human Resources,Recruitment Manager
4832,ONpBDoUd,"hntvHkDz St, PuyqRdtKDN, MUB 596515",78245.63,28-12-2008,07-12-1979,44,Female,2,8484.437,18466.73019,11605.48322,93591.31397,Both,Married,15,23,Marketing,Senior Marketing Executive
4833,fOKemzHX,"eOzZxEFU St, BbbbLrZzLs, CHN 975585",29418.64,01-03-2023,13-04-2002,22,Female,0,6620.136,6943.085353,4363.407042,38618.45431,Life,Single,1,1,IT,QA Engineer I
4834,gsRMzzsx,"zhOITRZc St, iKPqhdQvZb, MUB 542031",76696.1,18-12-2014,27-05-1984,40,Other,2,5834.39,18101.02603,11375.65512,89255.86091,Life,Married,9,19,Finance,Senior Account Executive
4835,yxTDrapw,"UzaxypzY St, EJOTGwbRqQ, MUB 351243",129022.93,09-01-2022,09-07-1973,51,Other,4,6065.707,30450.66718,19136.83166,146402.4725,Medical,Married,2,30,Finance,National Account Head
4836,BtoOMbql,"wPMNIXBw St, PTbbxjSdTt, CHN 197435",125900.73,21-02-1994,03-06-1968,56,Other,3,9019.927,29713.79759,18673.74331,145960.7113,Life,Divorced,30,35,IT,IT Manager
4837,pzrMmjRJ,"jXSbGUlO St, zOngxopMyG, KOL 209399",104085.14,22-09-2016,11-10-1981,42,Male,4,11986.486,24565.10603,15438.02952,125198.7025,None,Married,7,21,Marketing,Regional Marketing Manager
4838,hwvYkLVN,"eJDeRrvR St, RgCgPOsdpf, MUB 810691",109226.44,01-09-2003,26-02-1980,44,Female,2,7653.356,25778.50287,16200.59314,126457.7057,Life,Divorced,20,23,Human Resources,ERP Head
4839,YXqKYJkn,"gOfxxoFy St, HFjGutAcpP, BLR 983143",20864.07,16-01-2023,23-06-2002,22,Other,0,7103.593,4924.123577,3094.583229,29797.20335,None,Single,1,1,Finance,Account Representative
4840,NCWGzZbV,"IyqBCwnQ St, SjsikfIzQC, HYD 762643",106345.77,06-10-2019,16-07-1989,35,Female,4,7915.423,25098.63672,15773.32881,123586.5009,Medical,Married,4,14,IT,QA Lead
4841,nihjijSi,"CzTxnjjJ St, QIgMXJOMIi, BLR 111876",142223.18,23-01-2012,12-10-1966,57,Other,3,7431.682,33566.05465,21094.70816,162126.2085,Both,Married,12,36,Marketing,National Marketing Manager
4842,mapljBnv,"uHUcmYma St, mJOkXxGCdw, PUN 445482",16884.68,11-06-2022,04-11-2001,22,Other,0,6999.532,3984.948808,2504.355457,25364.80535,None,Single,2,1,Finance,Account Representative
4843,IItyBVlr,"dnSSVfAT St, rcOTtIThni, MUB 328100",107975.33,05-03-2012,20-07-1986,37,Male,2,8086.467,25483.22873,16015.02705,125529.9987,Both,Married,12,16,Human Resources,Senior HR
4844,GXSwwaLt,"iVaOELfR St, nqsuYNXNdM, KOL 585480",133353.84,18-12-1987,18-09-1966,57,Other,4,9418.616,31472.80409,19779.19729,154466.0628,Both,Married,36,36,IT,Technical Lead
4845,UXKPpQMN,"bxJpvqOJ St, DCbvHCuHAN, MUB 763747",125842.71,27-03-1992,27-09-1967,56,Other,3,9371.729,29700.10431,18665.13772,146249.4056,Life,Married,32,35,Human Resources,Recruitment Manager
4846,emxNyPOp,"xUnEfOzK St, LRCbZOeqZX, HYD 461425",96873.78,12-01-2016,26-11-1980,43,Male,3,5948.622,22863.15489,14368.43219,111317.1247,Medical,Married,8,22,IT,QA Lead
4847,nGNYFLzO,"iLZDDKgH St, LEevEDsppc, BLR 248962",77628.2,12-08-2013,12-05-1990,34,Other,2,5476.18,18321.01071,11513.90528,89911.48542,None,Married,10,13,IT,Software Engineer III
4848,oMGmpYfp,"nwsjtNhe St, LctwFMIokh, CHN 452692",125665.78,05-10-1988,14-06-1967,57,Male,3,10128.422,29658.3471,18638.89525,146813.6539,Both,Married,35,36,Sales,National Sales Manager
4849,faSzJVqE,"jjpCoPFf St, IpTGqRnicR, MUB 667650",99380.41,17-11-2013,24-04-1978,46,Other,4,4686.959,23454.74397,14740.21848,112781.8945,Medical,Married,10,25,IT,Software Engineer III
4850,ApmcaoYJ,"vmaflFUI St, XuRfaIKGjg, AMD 852227",128054.42,07-11-2012,11-06-1977,47,Male,2,11774.558,30222.08939,18993.18113,151057.8863,Both,Married,11,26,Finance,National Account Head
4851,AErITejR,"worIDNnD St, fqqhhmgDBl, DEL 957619",124821.38,03-09-1994,18-07-1970,54,Other,3,6397.862,29459.06049,18513.65286,142164.6496,Life,Married,29,33,Human Resources,HR Director
4852,nDzzgOyF,"MtFQfEYu St, dggfJTDhXG, HYD 623452",115076.55,24-12-2004,07-09-1974,49,Male,1,10821.345,27159.18577,17068.28829,135988.7925,None,Married,19,28,Sales,National Sales Manager
4853,GHcyMMtu,"hcjjlPfk St, dwevlxyaao, HYD 252174",85757.06,01-12-2020,26-06-1992,32,Female,3,4894.294,20239.50078,12719.58729,98171.26749,Life,Married,3,11,Human Resources,ERP Head
4854,xqrgianJ,"VivvMQzE St, TospEPWlhT, HYD 237840",105429.12,13-07-2021,14-10-1978,45,Other,,8128.088,24882.29839,15637.37021,122802.1362,Life,,3,24,Human Resources,ERP Head
4855,VxjSiDuv,"fDltaUiV St, BvWdiPzLsJ, KOL 985501",64962.33,06-01-2021,08-03-1996,28,Other,4,8487.767,15331.74212,9635.288654,79146.55046,None,Married,3,7,IT,Software Engineer II
4856,QzBfAbZJ,"eJWPLKSd St, SKNStNLpOH, AMD 653314",112874.67,25-01-2009,10-06-1970,54,Female,4,9191.533,26639.52066,16741.70288,131964.0208,Both,Married,15,33,Marketing,National Marketing Manager
4857,zmPmESxA,"JQfoajhI St, ZgatEFPSPV, MUB 558128",148750.96,27-05-2000,03-08-1975,48,Male,1,4447.904,35106.67426,22062.91611,166242.6221,None,Widowed,24,27,IT,Technical Lead
4858,hEtjIqoc,"gudddAMS St, CwGVGGomXL, PUN 909699",46683.96,15-04-2017,10-01-1994,30,Male,2,6933.604,11017.86891,6924.219469,57711.21344,Medical,Married,7,9,Sales,Sales Representative
4859,BhFwSXpV,"MdgGVzsI St, XxpBIrEZmV, HYD 786117",70580.82,03-04-2014,28-09-1992,31,Female,2,6481.918,16657.76044,10468.62965,83251.86879,Life,Married,10,10,Finance,Account Executive
4860,IujAyHmD,"avPsELEp St, mICgeYRzgD, DEL 620157",107883.47,05-12-2015,11-03-1986,38,Female,1,13309.653,25461.54888,16001.40227,130653.2696,None,Married,8,17,Sales,Regional Sales Manager
4861,noOdaYoC,"AMllzQux St, SOZFVniJwI, CHN 790609",33664.46,14-05-2023,12-01-2001,23,Other,0,9191.554,7945.140195,4993.152023,45808.00217,None,Single,1,2,Marketing,Marketing Intern
4862,BZVlDjhk,"vvkUHyyR St, JGwIGDEStl, AMD 554800",77986.26,22-01-2019,26-11-1981,42,Other,2,7823.374,18405.51635,11567.01316,92648.13719,Medical,Divorced,5,21,Finance,Regional Account Head
4863,yxDddirP,"UFPbWnkK St, bRdVLLDLrY, PUN 981314",97714.7,02-02-2007,08-12-1979,44,Other,1,4890.53,23061.62019,14493.15842,111173.6918,Life,Divorced,17,23,Marketing,Senior Marketing Executive
4864,nqbIiChX,"ZsKuWbso St, rHnGycbbSs, MUB 132464",138423.65,03-11-2016,11-07-1966,58,Female,1,6376.635,32669.32859,20531.15743,156938.4562,Medical,Widowed,7,37,Sales,Sales Director
4865,dQfKvRXg,"bGXfmBtH St, HwhEVTGZam, BLR 168259",42447.22,12-10-2021,02-09-2000,23,Male,0,8539.278,10017.95703,6295.821244,54708.63379,Both,Single,2,2,Sales,Business Development Representative
4866,NQffwmZd,"ZoBUJsIg St, ScrJCbvGJQ, PUN 614694",102589.48,12-12-2006,04-04-1978,46,Female,1,11895.052,24212.11572,15216.19149,123480.4562,Life,Divorced,17,25,IT,Software Engineer III
4867,alzmWHYb,"QegzRrJH St, CkjztlRmUm, DEL 133337",68273.46,08-01-2021,02-05-1994,30,Female,1,7247.654,16113.20102,10126.39932,81507.9157,Life,Married,3,9,Marketing,Marketing Associate
4868,QwEIivmv,"AXmVNnOo St, PjMkFaefOd, PUN 574268",146108.63,13-02-2018,25-05-1967,57,Female,1,8214.137,34483.05866,21671.00264,167134.823,None,Married,6,36,Sales,Sales Director
4869,qbwyxRkR,"tuRflwZz St, njGZwGBrQU, DEL 154870",107721.22,15-04-2023,18-04-1981,43,Male,2,13291.878,25423.2563,15977.33716,130459.0171,Both,Divorced,1,22,Finance,Regional Account Head
4870,ofHXfBwW,"FwqNMBgn St, DpzWQcYlkC, CHN 763897",82723.91,03-08-2020,07-06-1982,42,Other,2,7863.609,19523.64786,12269.70694,97841.45992,Both,Married,3,21,Finance,Regional Account Head
4871,KXUrbTpf,"JMkXdTkl St, KDITvFyiEc, DEL 943415",45455.17,22-03-2022,01-03-1999,25,Female,0,7232.483,10727.86251,6741.963901,56673.55161,Medical,Single,2,4,Marketing,Marketing Associate
4872,nHVDcecI,"HLFHKHZe St, ovgMSXJSyF, MUB 731992",18578.93,02-05-2020,02-11-1999,24,Male,0,5927.107,4384.808297,2755.648596,26135.1967,Both,Single,4,3,Sales,Business Development Representative
4873,QsjkfqWw,"nHzhLvaU St, yIYIxzlJnZ, BLR 823633",65957.18,26-08-2023,01-07-1998,26,Other,0,7949.282,15566.5364,9782.845968,79690.15243,Medical,Single,0,5,IT,QA Engineer II
4874,hpoKRHMu,"vRsWbvuT St, olUXYiXWyB, BLR 237173",109560.18,26-06-2011,16-05-1979,45,Male,,12581.982,25857.26876,16250.09385,131749.3369,Medical,,13,24,Human Resources,ERP Head
4875,RMMhRGej,"XjKATVPX St, HxKTlVFrFJ, PUN 264022",95711.67,14-03-2002,23-11-1977,46,Male,2,8201.833,22588.88562,14196.06667,112306.3219,None,Married,22,25,Human Resources,ERP Head
4876,yptSadfL,"EggFeRXP St, KbTyToWBgH, HYD 596133",142229.95,11-11-2009,18-02-1975,49,Other,1,4065.005,33567.65243,21095.71229,158766.8951,Medical,Married,14,28,Sales,National Sales Manager
4877,GEdaagkJ,"vllThhWK St, RJWmIvyotz, MUB 116887",60259.53,19-11-2020,16-05-1999,25,Other,1,10269.047,14221.83555,8937.763866,75812.64868,Medical,Married,3,4,Marketing,Marketing Representative
4878,UqmLModz,"LSycAaqI St, oHbpcwIymU, AMD 632526",79785.82,05-09-2019,09-02-1985,39,Female,3,7674.418,18830.23002,11833.926,94456.54202,None,Married,4,18,Marketing,Regional Marketing Manager
4879,OwqsHsqR,"jmODOnzL St, TbusQBOYQI, MUB 833555",82656.05,09-04-2021,10-06-1985,39,Other,1,9635.395,19507.63224,12259.64187,99539.43537,Medical,Married,3,18,IT,QA Lead
4880,JyhEulHL,"laxxdSAH St, EVySGNVvlX, PUN 506072",144696.29,08-02-2022,07-05-1976,48,Male,3,5575.371,34149.73268,21461.52272,162959.871,None,Married,2,27,Human Resources,Recruitment Manager
4881,oQmrPJnK,"cqkaoCpw St, HPwwggWhgp, MUB 516281",138913.65,15-12-1990,18-05-1968,56,Male,2,6889.635,32784.97336,20603.8348,157984.4236,Medical,Widowed,33,35,Sales,National Sales Manager
4882,OcnWWPOO,"pAIxmMIJ St, PnZcTKOCZc, MUB 497476",106178.83,06-12-2014,27-10-1988,35,Male,1,7796.117,25059.23725,15748.56807,123285.6162,None,Divorced,9,14,Marketing,Regional Marketing Manager
4883,sAtKvoCI,"tIgCKpoW St, xlmIwxuBgU, KOL 221910",81551.3,24-01-2013,14-10-1982,41,Female,3,8244.87,19246.90049,12095.78406,96947.28643,Medical,Married,11,20,Finance,Senior Account Executive
4884,NUGeDpTB,"FksAImRR St, YLTkkqfrlu, MUB 283064",85354.08,12-03-2009,26-01-1980,44,Male,3,7308.592,20144.39358,12659.81683,100147.2487,Both,Divorced,15,23,Finance,Senior Account Executive
4885,XMltLjWi,"rPMooYcU St, OEiUGAOwTo, AMD 467827",147299.04,22-01-1989,20-06-1968,56,Male,4,6260.096,34764.00701,21847.56564,166475.5774,Life,Married,35,35,Marketing,Marketing Director
4886,xbLWKHZt,"kZOeHMmB St, rKEyTeAIrU, MUB 251100",125364.54,22-11-2017,05-09-1974,49,Male,1,6482.546,29587.25153,18594.21498,142840.1225,Both,Widowed,6,28,Marketing,National Marketing Manager
4887,uyVTGkyh,"mYakmnNJ St, tFHlcbZoca, KOL 118866",67647.74,02-04-2019,10-05-1998,26,Female,0,6944.226,15965.52501,10033.5918,80523.89921,None,Single,5,5,Human Resources,HR Associate
4888,PcFfFGPp,"qCQBhpjp St, wsAVPzzFGX, BLR 571977",104861.05,20-04-2022,01-02-1984,40,Other,1,8063.895,24748.22835,15553.1134,122120.0599,Medical,Married,2,19,IT,Software Engineer III
4889,cxKALdHj,"BzTbWbns St, bWqliuDWJs, PUN 980569",55407.4,04-09-2018,25-01-1996,28,Male,0,5668.26,13076.68564,8218.090277,65934.25537,Life,Single,5,7,Sales,Sales Representative
4890,bxuSSWtn,"hjSzCDAr St, SXcQXMeEXH, HYD 508759",52792.69,22-06-2019,24-08-1998,25,Male,1,6327.731,12459.58864,7830.273436,63749.7362,Life,Married,5,4,IT,Software Engineer II
4891,TYqrkSkE,"YdgcJnjM St, YdnstaiEKT, PUN 795364",138911.23,23-06-2004,20-09-1975,48,Female,4,4264.877,32784.40221,20603.47587,155357.0333,Both,Married,20,27,Human Resources,Recruitment Manager
4892,OKRVeuwK,"MjFhPJSe St, eRlOYtGrAo, BLR 533325",114817.39,23-01-2012,27-10-1972,51,Female,2,8861.261,27098.02148,17029.84938,133746.8231,Life,Married,12,30,Marketing,National Marketing Manager
4893,CAGLEpUU,"JcbluZrA St, hlzldEgGIX, DEL 726232",119035.03,12-04-2005,23-08-1972,51,Female,3,11396.497,28093.42557,17655.41467,140869.5379,Life,Divorced,19,30,Marketing,National Marketing Manager
4894,SJgTUPNp,"frnbcmgk St, JVIEjSPuma, PUN 453369",136290.44,08-10-2001,25-06-1976,48,Female,2,7405.956,32165.87027,20214.75723,155647.509,None,Married,22,27,IT,Technical Lead
4895,hXvqrdFx,"OtWWAyMP St, uiFpNsahWl, CHN 459670",145758.3,09-07-2017,21-06-1966,58,Male,3,4115.17,34400.37737,21619.04128,162654.8061,None,Married,7,37,IT,IT Manager
4896,PYmeToKT,"mheCNipT St, GqVJpfqYFW, DEL 749245",82705.17,07-10-2020,03-10-1986,37,Female,1,9534.483,19519.22504,12266.9274,99491.95063,Both,Married,3,16,Finance,Senior Account Executive
4897,yzIetyos,"LTHllCfc St, eHhCMgMOlk, MUB 872962",128211.82,11-09-1998,04-03-1975,49,Male,3,10884.818,30259.23732,19016.52688,150339.3484,Both,Married,25,28,Finance,National Account Head
4898,ZtbHMNtS,"FwrwQIKw St, gchfsCBraI, AMD 916567",114888.86,16-09-1997,13-06-1976,48,Other,4,9050.114,27114.8891,17040.44989,134013.4132,None,Married,26,27,Marketing,Marketing Director
4899,UExTWkoi,"mZHrUXFq St, zvYGQgmcXG, MUB 873201",131466.91,21-05-2008,03-06-1969,55,Other,2,6923.309,31027.47024,19499.32563,149918.3636,None,Divorced,16,34,Finance,National Account Head
4900,EdQWvzey,"JEGMkTXV St, hApZqgrdQr, AMD 680410",98831.14,28-04-2007,13-07-1978,46,Male,1,6017.886,23325.1109,14658.75011,113515.3868,Life,Divorced,17,25,IT,QA Lead
4901,nJYJvDIF,"ifqJndNz St, SkFfCwaBjY, KOL 782457",77052.9,06-07-2011,12-05-1989,35,Female,2,10018.71,18185.23431,11428.57612,93828.26819,Medical,Married,13,14,Human Resources,Senior HR
4902,rKmxCIaz,"rVSBWUFd St, taCAGvbMOx, AMD 981982",93361.34,16-05-2020,15-03-1988,36,Other,2,3751.866,22034.18487,13847.46298,105299.9279,None,Divorced,4,15,Finance,Regional Account Head
4903,AHxAwliO,"QQGKhTkJ St, hFHWjloYHL, AMD 610532",60752.93,22-05-2021,26-01-1996,28,Female,0,7958.707,14338.28275,9010.94553,74038.97422,Both,Single,3,7,IT,QA Engineer II
4904,GyJhHbwL,"YIcTDfyF St, XpRnHsiaFC, AMD 114835",134891.56,25-03-1996,11-10-1964,59,Other,4,5890.844,31835.72097,20007.27372,152610.8513,None,Married,28,38,Human Resources,HR Director
4905,PptPFSKk,"UWdlxFDh St, NgChObBQco, BLR 615495",71527.54,13-05-2020,08-09-1998,25,Other,0,7614.246,16881.19557,10609.04827,85413.9333,Medical,Single,4,4,Marketing,Marketing Representative
4906,GFCVlHDj,"OQzozcJO St, EsOdfnHlpK, AMD 267546",25803.75,05-08-2023,03-06-2000,24,Female,2,5572.625,6089.936131,3827.242336,33639.0688,Both,Married,0,3,Human Resources,HR Intern
4907,LjTGGgrb,"yEknnRxN St, oxbAPonAHV, CHN 667078",89157.08,03-03-2023,09-10-1984,39,Female,4,7832.292,21041.93859,13223.88223,104807.4284,None,Married,1,18,Finance,Regional Account Head
4908,PwRqLjpy,"ntBJGZNi St, awLDAGEFKb, CHN 154272",44781.02,22-06-2022,16-09-2000,23,Male,0,5964.898,10568.75655,6641.973185,54672.70136,Both,Single,2,2,Human Resources,HR Intern
4909,gbuERxNL,"XniSFInO St, kROBxrWcXY, PUN 656861",94256.33,02-01-2012,01-03-1986,38,Other,1,7005.367,22245.41122,13980.20895,109526.8993,Life,Divorced,12,17,IT,QA Lead
4910,FajoCdLv,"nzdbcSfx St, NXghyvCTxX, BLR 538916",103692.54,25-05-2011,26-04-1986,38,Male,2,13305.746,24472.44861,15379.79863,126090.936,Both,Married,13,17,Finance,Senior Account Executive
4911,oKRSrDAB,"CGUjcWWG St, rncKSZZGHL, HYD 445121",149074.79,12-04-1997,27-05-1976,48,Male,3,7802.521,35183.10129,22110.94695,169949.4653,Both,Married,27,27,Finance,Account Director
4912,etiltSzb,"QsEWFtVo St, whuIzknpdT, BLR 300066",56087.17,04-12-2016,06-12-1993,30,Other,0,6450.283,13237.11798,8318.914558,67455.65642,Life,Single,7,9,Sales,Sales Executive
4913,quTKmhxX,"WJNazDHL St, qXOgpzjFAo, MUB 750525",68926.71,11-09-2023,03-11-1996,27,Other,0,8858.329,16267.37438,10223.29013,83829.12325,Life,Single,0,6,Marketing,Marketing Representative
4914,wKjzrNco,"LQCfpDoj St, WDVOlUHVCj, DEL 206696",119730.19,20-03-2014,25-02-1967,57,Female,2,7214.981,28257.4901,17758.52161,137444.1395,None,Married,10,36,Sales,National Sales Manager
4915,aRkQwHUK,"WOfqZzIB St, MjOevIaRaI, PUN 467449",64397.64,01-05-2021,24-05-1998,26,Other,0,10515.236,15198.46978,9551.533174,80559.81261,None,Single,3,5,Marketing,Marketing Associate
4916,VHNAyMDI,"EJcNodct St, DHkfAFYTMv, MUB 855439",70699.99,21-02-2022,14-10-1993,30,Male,3,8276.001,16685.88572,10486.30509,85175.57163,Medical,Married,2,9,IT,Software Engineer II
4917,bTFWKUMo,"UEWuiyrL St, ZTkjADsieZ, HYD 327882",121817.72,23-08-1992,23-09-1969,54,Female,1,9758.228,28750.16749,18068.1465,142257.969,Both,Married,31,33,Sales,Sales Director
4918,vUsNjiqX,"ITthoMuV St, UFSEvqlKkI, DEL 859605",133571.5,14-10-2010,24-03-1972,52,Other,1,10633.85,31524.17397,19811.48088,155918.0431,Life,Divorced,13,31,Marketing,National Marketing Manager
4919,cTjnYFav,"DXssEfKG St, IFsXNWqhJP, DEL 251830",64022.41,11-10-2015,05-04-1994,30,Male,0,8765.759,15109.91185,9495.878622,78402.20223,Both,Single,8,9,Marketing,Marketing Associate
4920,QKitffLH,"LJyUKRpm St, YCfueeGCIQ, DEL 431434",71011.13,15-08-2018,25-11-1992,31,Female,1,9163.887,16759.31779,10532.45373,86401.88105,Life,Married,5,10,Finance,Account Executive
4921,iZaZxGBT,"kyVhtYCb St, zpadJiVyXT, DEL 702225",46954.13,08-09-2023,12-08-1994,29,Other,0,6298.587,11081.63165,6964.291399,57370.05726,Life,Single,0,8,IT,QA Engineer II
4922,zeIOdNiY,"QUVwZLKf St, SMyezBnpFE, PUN 256850",133693.51,03-10-2017,03-02-1974,50,Female,2,10159.649,31552.96951,19829.57754,155576.551,Both,Widowed,6,29,Human Resources,HR Director
4923,IMYhhoNJ,"PphBbWgF St, NnXilmfLPz, KOL 516175",70375.07,11-03-2020,10-11-1996,27,Male,2,7184.493,16609.20144,10438.11257,83730.65186,Life,Married,4,6,Sales,Sales Executive
4924,ZzQfvFFQ,"dVQgPqlh St, SBWAzEaXJt, PUN 134461",116377.61,06-06-1996,27-09-1972,51,Other,1,8310.239,27466.24859,17261.26303,134892.8346,Medical,Married,28,30,IT,Technical Lead
4925,DxVljPVZ,"kCyNwemu St, HuTMsGeJHc, HYD 917573",147705.51,14-07-2020,22-07-1975,48,Other,2,6545.449,34859.93788,21907.85375,167203.0431,None,Widowed,4,27,Human Resources,HR Director
4926,wMZhZpNq,"dWKfXNfW St, JtFLfoludj, MUB 818043",121358.48,24-10-2018,12-12-1966,57,Male,4,12848.152,28641.78238,18000.03149,144848.3829,None,Married,5,36,Marketing,National Marketing Manager
4927,gXdPIIrs,"SlSDMSNG St, ARbvEHdGKq, MUB 985230",135925.24,24-10-2001,02-04-1974,50,Male,3,5228.476,32079.67951,20160.59034,153072.8052,Both,Divorced,22,29,Sales,Sales Director
4928,hbXSbNNQ,"qhVBcNko St, xNBYoxNfdz, DEL 524465",108106.13,28-02-2018,14-03-1985,39,Female,1,12693.387,25514.09881,16034.42746,130279.1884,Life,Married,6,18,IT,QA Lead
4929,rJRoHFDs,"flPFbhla St, lAboEZJJMY, AMD 124025",105835.98,11-02-2022,27-06-1991,33,Female,4,9517.402,24978.32131,15697.71616,124633.9872,None,Married,2,12,Human Resources,ERP Head
4930,IZPVynIj,"EbYDNUFB St, DWCggiTqNp, DEL 249620",97300.07,25-06-2013,28-01-1979,45,Other,,6942.993,22963.76348,14431.66002,112775.1665,None,,11,24,Finance,Senior Account Executive
4931,zFLoyxyq,"sFIWUDfN St, KUbbTEJUvs, MUB 124137",24964.27,05-09-2022,15-12-2001,22,Male,0,7350.573,5891.810681,3702.729682,34503.924,None,Single,1,1,Finance,Accounts Intern
4932,aVOvpnGs,"ZsoPihQS St, QHggalNXID, BLR 725051",124560.23,09-11-2009,27-03-1976,48,Female,3,10431.977,29397.42655,18474.91879,145914.7148,Both,Married,14,27,Human Resources,HR Director
4933,lBuvCJZH,"AEDRcAWK St, nuslYHKOQu, MUB 428163",128936.28,16-01-2016,07-02-1976,48,Male,1,10524.372,30430.21693,19123.97963,150766.8893,Both,Married,8,27,IT,IT Manager
4934,opnmzjbF,"dgvJBbio St, PvirMsWTPB, KOL 688951",91812.23,05-07-2006,27-11-1980,43,Male,2,5518.777,21668.57983,13617.69718,105381.8897,Life,Married,18,22,Finance,Regional Account Head
4935,YVGzGYFV,"xMBFOzSw St, LauLTXjUtf, KOL 273654",103794.27,01-08-2018,24-01-1987,37,Female,1,10015.573,24496.45788,15394.88735,122911.4135,None,Married,5,16,Human Resources,Senior HR
4936,YYBUIkYU,"aJwizWIg St, rcNWdoHJHJ, PUN 230135",144882.5,20-08-2004,13-03-1967,57,Other,2,5576.75,34193.68005,21489.14161,163163.7884,Medical,Widowed,19,36,Human Resources,HR Director
4937,vIWUqBJv,"WOeGHrdE St, knrVjRmsif, BLR 764553",23050.13,18-10-2023,25-01-2002,22,Other,0,6880.987,5440.055012,3418.822201,31952.34981,Medical,Single,0,1,Marketing,Marketing Development Representative
4938,RkdecgeW,"rIGyAzzk St, ilLevQYsws, MUB 764125",105091.14,06-11-2004,20-12-1978,45,Male,,11846.886,24802.53182,15587.24062,126153.3172,Medical,,19,24,Sales,Senior Executive
4939,jtMfxNLZ,"rRkGaLwQ St, xslEllrzub, KOL 210144",45207.8,08-06-2017,05-12-1994,29,Male,1,5737.22,10669.48078,6705.273693,54909.22709,Medical,Married,7,8,Finance,Account Associate
4940,KXWAaziZ,"ITeoHhZn St, LzXtJVPkcv, BLR 571828",62755.17,12-03-2020,16-12-1997,26,Male,3,10657.483,14810.83088,9307.920105,78915.56377,Life,Married,4,5,IT,QA Engineer II
4941,CxMgGTRs,"xzMAbpjO St, jtFBYRwLbP, MUB 609163",80219.74,22-12-2005,05-04-1980,44,Other,1,8396.026,18932.63937,11898.28552,95650.11984,Both,Divorced,18,23,Finance,Regional Account Head
4942,sIpWTjdB,"HaMwzAKt St, lgGqOAKDDU, CHN 685480",136958.92,13-07-2017,07-04-1974,50,Female,4,7252.108,32323.63805,20313.90697,156220.7591,Both,Married,7,29,Finance,Account Director
4943,AyNJhMFe,"NlmICAON St, LnunzwNLQh, HYD 815487",51765.35,07-01-2023,17-10-1996,27,Female,0,5580.465,12217.1264,7677.897168,61885.04423,Both,Single,1,6,IT,Software Engineer II
4944,qOxkuwpJ,"udpUobnz St, YEJODsRgfQ, AMD 930163",133783.26,20-08-1993,03-12-1966,57,Female,1,6336.674,31574.15139,19842.88937,151851.196,Medical,Widowed,30,36,IT,IT Manager
4945,gjkPyIMR,"rOEapFjL St, OoEzgdnLpo, CHN 624279",81076.63,12-04-2020,22-05-1983,41,Other,2,5530.337,19134.87375,12025.38045,93716.4603,Medical,Married,4,20,Sales,Senior Executive
4946,wVURGdWH,"sOrRAnHy St, lyQTaLBqXs, MUB 547991",104709.11,17-03-2020,19-02-1981,43,Female,4,13718.089,24712.36903,15530.57748,127608.9905,Medical,Married,4,22,Human Resources,ERP Head
4947,NGRqaphT,"LAtWGgaB St, nyreqSPmnR, CHN 597830",108928.59,21-04-2023,01-04-1983,41,Female,4,10344.141,25708.20737,16156.41568,128824.5227,Life,Married,1,20,IT,Software Engineer III
4948,MEoMeWGl,"IjUmtpzV St, LfbSapwIOQ, BLR 432550",25393.99,20-12-2020,27-12-1999,24,Male,0,6087.601,5993.228783,3766.466254,33708.35353,None,Single,3,3,Sales,Business Development Representative
4949,mKWzioeI,"eKzIOmwk St, CMBdvFKCcX, MUB 378065",73326.42,22-05-2015,14-12-1992,31,Male,2,6828.358,17305.74876,10875.86025,86584.66651,None,Divorced,9,10,Human Resources,HR Executive
4950,zWNngvZU,"GtrLuqHo St, igZrXrGxCl, KOL 198018",134445.96,11-05-1996,16-01-1964,60,Male,2,10579.404,31730.55504,19941.1818,156814.7372,None,Married,28,39,Finance,Account Director
4951,LcKeCJnn,"olFslowJ St, hgufIbvfgy, HYD 307118",91002.53,06-12-2014,05-09-1986,37,Male,2,3944.747,21477.48275,13497.60153,102927.1582,Both,Married,9,16,Marketing,Regional Marketing Manager
4952,wtjhNTCx,"AgQpUMNB St, TYCwCUcsgA, KOL 789400",75358.79,12-08-2022,08-08-1980,43,Male,1,7539.121,17785.40786,11177.30374,89506.01512,None,Divorced,1,22,IT,QA Lead
4953,grpFTYko,"uAKcvmmq St, AKFFxxCUtp, DEL 812422",84930.35,08-09-2020,28-07-1978,45,Female,,6264.965,20044.38917,12596.9687,98642.73547,Life,,3,24,Finance,Regional Account Head
4954,TfvVlfpg,"xJiyATij St, ybNcZqTeiD, PUN 676459",30210.81,06-12-2023,11-06-2002,22,Male,0,9630.919,7130.045182,4480.902622,42490.87156,None,Single,0,1,IT,Software Engineer I
4955,lfSeETYh,"JdLjTnoI St, VvbRaFIGEy, DEL 800494",67147.75,22-11-2020,10-11-1998,25,Other,3,9376.225,15847.52251,9959.432701,82412.06481,Medical,Married,3,4,Marketing,Marketing Representative
4956,NhUlNKIU,"cYKPNAmR St, TpBNWTEDKe, KOL 340459",115128.49,28-06-2004,08-03-1977,47,Other,2,10476.151,27171.44411,17075.99209,135700.093,None,Divorced,20,26,Finance,Account Director
4957,VOciwYtD,"XbwUybVz St, zFSixYchIW, HYD 199966",83980.26,18-09-2022,15-04-1991,33,Other,1,9158.974,19820.15869,12456.05024,100503.3424,Both,Divorced,1,12,Sales,Senior Executive
4958,XmWtIWmw,"KywyzFzq St, mXmzEqaBiM, DEL 453184",83730.48,05-06-2001,22-02-1978,46,Other,1,7027.952,19761.20818,12419.00258,98100.63759,Life,Married,23,25,Human Resources,Senior HR
4959,xhVFDVrl,"cuKiFpBI St, MBGETTOChw, PUN 182553",113528.75,13-09-1986,27-07-1964,59,Female,1,9066.125,26793.8899,16838.71679,132550.0481,None,Divorced,37,38,Sales,National Sales Manager
4960,npCGIkcv,"mQqvWxqD St, xTtJUyDnIO, MUB 875016",140374,22-04-2016,28-04-1964,60,Other,2,4808.6,33129.63017,20820.43562,157491.7945,Both,Married,8,39,IT,IT Manager
4961,PDBmQPTk,"ASJouUjn St, ODxcLIlmMV, MUB 554837",138874.25,25-10-1996,02-12-1973,50,Other,3,9428.575,32775.67457,20597.99095,160480.5086,Life,Divorced,27,29,Human Resources,HR Director
4962,dvETaPky,"vREQntUm St, UbVIEiPwIZ, CHN 486961",115492,27-12-2010,22-12-1973,50,Other,1,10138.8,27257.23601,17129.90832,135758.1277,Both,Widowed,13,29,Sales,Sales Director
4963,ZMJABIkK,"ECaQPaOQ St, hLqgCTypSq, PUN 349766",100912.54,06-07-2023,08-09-1987,36,Other,4,10240.746,23816.34156,14967.46579,120002.1618,Medical,Married,1,15,Marketing,Regional Marketing Manager
4964,dnUWjFOe,"SOFTaGFd St, umDpdEQakq, DEL 921854",100114.4,28-08-2023,11-03-1986,38,Male,2,11465.56,23627.97275,14849.08473,120358.848,Life,Divorced,0,17,Finance,Senior Account Executive
4965,ookvyjQr,"VvCKydaK St, fpyKYFUWxR, BLR 623770",109188.41,14-07-2021,05-12-1986,37,Other,1,11427.159,25769.52742,16194.95249,130190.1439,Life,Married,3,16,Sales,Regional Sales Manager
4966,DkuzOoZz,"MRUzBjTT St, qSPqQDXbAk, PUN 271851",94999.36,08-08-2016,14-01-1990,34,Other,3,8141.064,22420.77353,14090.41602,111470.7815,Both,Married,7,13,Finance,Regional Account Head
4967,mEXXlipq,"tETUcmKO St, wjkQLmmxzn, PUN 736191",106804.76,01-09-2011,18-04-1985,39,Other,2,8136.524,25206.96282,15841.40674,124306.8401,Both,Married,12,18,IT,Software Engineer III
4968,LkWNikhI,"JzdOICqX St, MXvmbpWIkE, HYD 836254",135894.61,08-06-1989,25-08-1966,57,Male,2,9752.539,32072.45054,20156.04726,157563.5523,Life,Married,35,36,IT,IT Manager
4969,ldsnvaIE,"bPjjMOJr St, OYphhxStLf, KOL 356166",114143.17,16-09-1995,16-03-1973,51,Other,1,12524.683,26938.899,16929.84828,136676.9037,Medical,Married,28,30,Finance,Account Director
4970,LBhxORRU,"erZMIboZ St, TrwCGCVKSW, KOL 894034",81165.85,04-07-2013,20-07-1991,32,Other,1,8472.415,19155.93054,12038.61366,96755.58187,None,Married,11,11,IT,Software Engineer III
4971,BBbTeOkS,"idgbYHel St, uiLWNZciLr, HYD 840902",144593,16-12-2015,18-12-1976,47,Female,1,7890.7,34125.35523,21446.20263,165162.8526,Medical,Married,8,26,Sales,National Sales Manager
4972,clDCWmev,"zToaLuDC St, IZOZoOeTsy, DEL 259956",103158.64,20-03-2020,17-02-1992,32,Other,3,9866.136,24346.44302,15300.60996,122070.6091,Both,Married,4,11,Marketing,Senior Marketing Executive
4973,vAKvKwNL,"aielgOdt St, zcHVbJKnXB, HYD 441188",31871.47,18-08-2023,24-08-2002,21,Other,0,6874.853,7521.977105,4727.213653,41541.08645,None,Single,0,0,Sales,Business Development Representative
4974,yeJAuYxE,"sqLKVUpk St, jRCbfJAmXb, HYD 737421",141300.06,19-05-2021,17-11-1971,52,Male,2,4589.994,33348.18934,20957.78992,158280.4534,Medical,Widowed,3,31,Finance,Account Director
4975,DkhqMcGV,"OQwMkIoR St, bLSECUJPSN, HYD 736793",107330.47,16-08-2016,21-05-1978,46,Female,2,10030.953,25331.0355,15919.38066,126773.0778,Both,Widowed,7,25,Sales,Senior Executive
4976,yfkIFSfW,"cObcQIVQ St, pgApcikKxH, BLR 393607",103291.54,16-05-2016,06-11-1984,39,Female,3,12575.846,24377.80871,15320.32185,124924.8729,Medical,Married,8,18,Finance,Senior Account Executive
4977,lxGRUdpQ,"cAfWxdNa St, JheydKutgH, KOL 744004",145788.15,24-08-1996,23-12-1967,56,Female,4,8790.185,34407.42226,21623.46867,167362.2886,Medical,Married,27,35,Sales,Sales Director
4978,dJBnGxUt,"ZHElGHEa St, QRhRGEBmjm, AMD 860856",75542.75,23-03-2017,09-06-1991,33,Male,3,7131.725,17828.82421,11204.58891,89298.7103,Medical,Married,7,12,Finance,Senior Account Executive
4979,IxBsGfVv,"IqtOCWNf St, yqzuAMdhhK, CHN 389096",61627.89,22-11-2017,02-12-1992,31,Other,2,10464.211,14544.78182,9140.720619,77496.16221,Medical,Married,6,10,IT,QA Engineer II
4980,iMyvrmCx,"HQHnbiUG St, ApPvMmSQuK, KOL 180589",47503.54,09-06-2022,28-08-1997,26,Other,1,6890.646,11211.29776,7045.780531,58559.70323,Life,Married,2,5,Human Resources,HR Executive
4981,oIUkXsvU,"QsHllmbt St, batBsTGeJb, AMD 505990",37402.51,14-03-2023,12-10-2002,21,Male,0,8303.749,8827.356375,5547.583965,48986.03141,Both,Single,1,0,Sales,Business Development Representative
4982,KxIamdWL,"SXkfYPfF St, CrgHlvdbgg, DEL 827886",78773.89,13-04-2014,11-11-1990,33,Female,1,5653.611,18591.4047,11683.83536,91335.07033,Both,Divorced,10,12,Sales,Senior Executive
4983,pbRYzUzx,"vwVSXMqI St, jrOJaSvcMQ, MUB 422414",128159.32,03-06-2000,04-10-1975,48,Other,2,11741.068,30246.84681,19008.74002,151138.4948,Both,Married,24,27,Human Resources,HR Director
4984,LWdeVOmi,"gnKRZMXR St, oRdVcqpCVV, CHN 253296",98881.81,20-10-2009,03-12-1986,37,Other,2,3808.819,23337.06951,14666.26554,111361.433,Medical,Divorced,14,16,Marketing,Regional Marketing Manager
4985,unXyFLob,"zYAMWFXN St, PFzxgSvmlO, HYD 914948",67438.09,14-06-2017,23-08-1995,28,Male,0,10263.191,15916.04557,10002.49627,83614.8303,Medical,Single,7,7,IT,Software Engineer II
4986,DzobBObm,"fnHUQTTL St, UZPQuCoxmq, HYD 570616",119301.35,04-03-1999,24-09-1964,59,Male,3,8556.865,28156.27968,17694.91556,138319.5791,None,Divorced,25,38,Finance,National Account Head
4987,FuwREzea,"BqVtJLof St, TfZlgUNksl, DEL 322338",93883.25,27-02-2018,09-08-1982,41,Male,1,5140.675,22157.36071,13924.87328,107256.4124,None,Divorced,6,20,Marketing,Regional Marketing Manager
4988,FLUnqPAD,"wDxpxCBS St, qOCbzhjxXu, AMD 731147",113224.2,16-01-2003,19-10-1969,54,Other,4,12983.58,26722.01314,16793.54558,136136.2476,Both,Married,21,33,Marketing,Marketing Director
4989,sISlayMt,"FBuJisNS St, EeSrQCPLYv, KOL 632648",83503.32,16-04-2018,15-03-1983,41,Male,3,8300.668,19707.5962,12385.30994,99126.27426,Medical,Divorced,6,20,IT,Software Engineer III
4990,sYMdzkKr,"XkChCbON St, QBEGnlizaj, MUB 313843",107332.58,26-03-2014,26-12-1991,32,Male,1,7408.742,25331.53348,15919.69362,124153.1619,Medical,Married,10,11,Finance,Senior Account Executive
4991,qWxahFxF,"fIIQdKRU St, ABsiXZeKrp, CHN 514695",142883.81,21-02-2011,23-03-1976,48,Male,2,6483.619,33721.96976,21192.69357,161896.7052,Both,Married,13,27,Finance,National Account Head
4992,CZRozRwq,"wxoBcdON St, ukJXggKaAF, CHN 158044",93241.87,19-01-2022,16-03-1992,32,Male,4,6928.813,22005.98878,13829.74305,108346.9287,Both,Married,2,11,Marketing,Senior Marketing Executive
4993,IqiPsHVn,"rTVomuOn St, bdQGnaFhzR, MUB 511567",52761.02,20-02-2019,07-11-1997,26,Male,1,6342.898,12452.11421,7825.576105,63730.4561,Life,Married,5,5,Marketing,Marketing Representative
4994,SUKUrWXr,"ssZSZoHm St, TBbMdtAxNH, AMD 209037",44213.55,18-10-2023,21-02-2000,24,Female,1,8367.645,10434.8281,6557.805372,56458.21773,Life,Married,0,3,Human Resources,HR Intern
4995,qWoLfJfL,"ZySbqPyI St, ngMINtRCsM, MUB 927128",129159.11,27-01-2015,10-02-1975,49,Female,2,8769.089,30482.80698,19157.03004,149253.9759,Medical,Divorced,9,28,IT,IT Manager
4996,bSgpJtiF,"frtFLglE St, lTFYlKNUjF, HYD 805378",134664.03,15-08-2010,18-12-1972,51,Female,3,10036.597,31782.02168,19973.5262,156509.1225,Medical,Divorced,13,30,Sales,National Sales Manager
4997,gToCBVUH,"EYXeRLkj St, VmMSAYuspF, HYD 735138",92852.65,18-09-2023,23-09-1985,38,Other,4,6651.735,21914.12908,13772.01349,107646.5006,Medical,Married,0,17,IT,QA Lead
4998,dwTQETtZ,"ivLjcIWM St, qWGPFaIuvI, KOL 978537",17412.05,02-06-2023,20-07-2002,21,Other,0,6315.795,4109.41326,2582.575591,25254.68267,Both,Single,1,0,Human Resources,HR Representative
4999,EWrIRxIJ,"vVrWcNkW St, NsOMLwTEmX, KOL 378650",91693.8,09-06-2021,17-01-1988,36,Female,3,4421.62,21640.6292,13600.1315,104155.9177,None,Married,3,15,Marketing,Regional Marketing Manager
